knee_flexion,knee_valgus,hip_flexion,trunk_inclination,ankle_dorsiflexion,landing_symmetry,risk
43.84432393874202,0.10811083635196339,39.90108988694118,8.792043375853826,23.912815068908163,52.14855974200409,Low
26.9850988240131,10.278032570933952,19.995590101547897,10.14307285046622,12.852719389900123,36.49095678671434,Moderate
47.04925810006415,5.406984766449103,40.3409475747346,7.072283283354233,13.851632649170558,52.25096018897651,Low
25.46649550303397,13.470142440873534,15.69812690848337,15.046418833662283,10.26915445895142,64.53254855720834,Moderate
13.184010203951225,15.934868633133796,6.213123038527534,28.879097275783703,8.530264184669843,71.77774350250561,High
30.191576151505007,7.644407280755043,30.08837184717241,2.6241608169621444,15.41926415742439,49.858205588603994,Low
36.659164857988486,1.8613589775334793,45.59994129699946,2.655875983073599,14.286001446457572,54.32161719213632,Low
50.16406642217636,1.419719897609939,38.507485169037494,7.433528955700124,24.240159223963254,47.29116613911399,Low
39.165729319740706,5.105807574595599,46.465002674562456,6.693854236698692,13.911412942030461,54.98750034391317,Low
38.39801690837828,3.093727178627821,37.031948780480924,3.594238268308171,18.824593381834337,45.286311938356526,Low
18.24920197268019,22.730466155703027,10.438723555599344,29.38108035520857,6.830178060066269,70.07931576657617,High
22.916737496101966,12.68359313703109,15.697534853203392,14.330545517614926,5.117522595979845,63.79184917779098,Moderate
55.166942593378025,6.406151835488874,46.34857205354632,0.5207240622126974,18.039038492304392,52.57509822818506,Low
53.29238882225991,1.4259414408190874,26.13962894871672,6.93400853429044,24.313253041446227,50.45362852133642,Low
28.456431203863204,13.47077686562779,16.233943637532366,12.770607254177502,9.32155455108635,64.62975942364486,Moderate
20.306594901501974,11.009525602575954,15.608163118497998,10.712487379103928,7.0746058543619466,55.03510850910651,Moderate
20.12738943337215,14.736015746052841,18.33366638076196,11.852383031210541,10.127624968989256,63.203450150475305,Moderate
19.102539785874303,15.380176694664838,9.506977431255281,21.17525662925473,2.8138839562356956,72.22799597790932,High
37.50728694493786,4.110210752655457,37.90708247994185,0.29299443103418366,19.89965589424922,46.90809491446307,Low
35.595555311995625,1.2626474156450274,27.374131880709413,9.865694907793266,23.710772411252464,48.44561907987875,Low
41.516736641196346,5.782983994203606,29.746883227398,6.791716995379929,12.990986371138892,53.77154900371194,Low
13.470932293543225,23.42499350106405,11.6779797392695,34.312192964548466,9.93430917953065,66.28180805224216,High
20.905880021206656,10.888504073947665,17.407115588727542,14.693975773386388,6.097873897082743,62.125779432472605,Moderate
26.36654559345788,14.818895682081518,20.54678525434939,12.79254780914453,5.591111100847872,62.64399202562574,Moderate
10.522501370352042,17.914639111406874,11.583843069492145,26.557250362723266,5.611477888969786,21.418939729715515,High
8.751200946736224,22.331422118962013,13.830356173225551,31.259410668346682,3.2728768520260436,65.77915628984371,High
36.40534098932016,1.8177886721736192,30.918011896345824,0.3199446014432472,20.336735354689985,48.98043174104096,Low
13.194842835707243,22.658082846087595,13.05457633857112,21.221890462470093,2.4093820186556494,67.95053227660156,High
26.0792005846488,11.626126502657367,19.689355729418374,17.581755223840144,13.39324792723238,39.110407805746114,Moderate
22.27760403093288,10.92114565135992,21.710940641352746,19.417531379115843,7.17583713867956,36.055756422194634,Moderate
8.43224878015211,15.239029645984642,12.160046279797783,34.15922595290459,5.135874677941144,70.8081918262514,High
10.773280264058947,18.094664138931623,8.708369647356093,34.0887920522227,3.9305902144224865,74.51838285036197,High
17.102187183593763,23.31750864748176,13.690961019234852,27.13420566877524,5.561191652004676,28.558855492553207,High
53.92677301911564,5.078050639587791,45.661615237304574,1.904134960249102,20.13860232154389,48.02622285081889,Low
23.486812889849666,13.146812819350586,16.631401435549595,13.98458890819826,11.707115062227444,38.230435846186026,Moderate
39.329469651469864,5.387017979527142,30.46784722266348,2.434670440667601,23.661391503802484,45.320635170945415,Low
28.412262245742966,14.248135274722124,23.10412613140987,11.900330798355466,12.421780214457801,57.5054442427132,Moderate
27.25006824447312,13.725707742102394,21.570121568875344,17.192713037887042,7.101056422863696,41.04072100599063,Moderate
11.994980235782881,17.11523097793274,14.288453597002368,30.747400534528822,4.695421805805854,29.64110640008917,High
21.579414856036813,11.595661216585302,16.16063650650674,15.56307470614679,13.884935388643546,42.16837206733903,Moderate
23.145571160256278,12.799558431223732,21.04726119632974,15.342704866019119,9.836624902727701,35.83902541828198,Moderate
57.51940726386728,1.5727320817971535,27.98452528345492,6.6703685712535385,13.307408510263718,54.2670750433909,Low
56.7613966553134,2.972378077086172,36.654539778188926,7.806820746878623,21.78663289895456,46.93738933024811,Low
26.183533789785557,11.639907792628062,24.752114629741513,17.665237766044307,12.011855654419016,36.10276728276567,Moderate
9.9921002331292,22.144597498760334,8.613520449373713,23.350385148567664,6.2119355729100825,26.1025365098416,High
26.873763907278715,14.759559750223351,19.53006813693459,17.748599036508587,11.826512013336615,44.53656450963271,Moderate
5.094892303342252,19.086493153892715,5.210240868729169,32.795734966371796,4.964844843749749,66.19668667164852,High
20.929474664537064,10.162230868878622,23.826719353006453,12.974012926509706,13.356087054582733,44.79450763112824,Moderate
37.893377097325285,8.27553052274047,30.147049704458027,0.7324560410739012,14.985907000092226,45.73963187270956,Low
33.47607178575389,7.7201247630999035,30.656810750079657,3.565589211768887,19.721150838053617,54.7849446467179,Low
38.660812103120996,8.565372237479268,37.065030891538015,2.981503562765556,21.136242862814804,53.91455064556372,Low
38.060320781548384,8.066935196947393,36.625908355522746,4.030387579071322,21.872210888928286,53.34473743462628,Low
30.543305514625214,4.369958856656209,32.451655029250105,4.673873354479254,18.74563296489235,46.733731567575084,Low
23.63802108432335,10.798212595003871,24.056844864606248,19.17757862080247,12.703209340326783,61.946720036441995,Moderate
27.379863822751616,14.180965488762451,19.414043998764747,18.487193289276142,5.0456886259077605,60.122847430502134,Moderate
8.595507955020125,15.110360792083096,12.95277540985505,20.615319749620397,5.562910651543744,20.861893358373592,High
26.487931155871678,11.816284686740804,20.417680033766924,15.699090802127618,6.9783471722188235,40.84936118339048,Moderate
27.493282557078487,14.087655526022527,20.487466654634176,14.486931369634679,9.40682767186602,42.73636645005761,Moderate
59.63167169208094,5.976682827027031,49.311534750697554,5.036917612374446,17.399977719199548,48.00227111541386,Low
18.0785218816326,24.42486472359876,14.527257254401016,24.42282441064757,6.093952100542916,65.6995231796686,High
13.385303804532775,15.343496956659797,13.567204698454749,26.822217069481376,2.6269098383562914,23.654664971001264,High
21.637096525090502,12.522890014486144,22.847144306310923,19.513217829118403,13.39908332016071,57.06017404291376,Moderate
12.946025312323297,18.164025825879172,6.043334890844136,24.60537383363078,5.430995446684419,75.22212359567479,High
8.912603397537604,18.475758694446547,11.575495326816476,27.664478283469666,7.787520655917167,22.482663748403734,High
44.44032454905971,2.1244727719547294,42.29444097854956,5.994305420276217,23.759256802374182,46.646546882560294,Low
23.68168000256094,11.359421226314428,20.794318227199277,18.18875170438941,9.4100476648944,64.53046586159844,Moderate
25.22706003172102,13.027515729520747,20.284683395078744,18.192862362841034,6.589054348754964,56.81247806066155,Moderate
22.745717506497414,12.972384205292197,20.283235815583783,17.98153515177031,14.516082847335618,56.48282537895916,Moderate
48.53541720603641,6.747863021674105,30.9687942771506,4.371481050450346,22.52489645526066,51.21881963890394,Low
32.44046341925699,1.541450431784871,31.016762868928826,5.295336150224575,18.278521161051778,48.44428046217188,Low
24.082346208219565,11.764766657773889,20.153163358913545,12.153769217050758,13.693875859880624,35.64772199525202,Moderate
19.168513149712346,18.02266641367418,5.715270527692072,31.390215533347007,7.133616967360266,79.72502438956636,High
21.333424636440952,13.295310979126558,16.001236987198702,19.606788379580586,9.504351133900553,56.23255619950882,Moderate
23.874416173552348,14.3691186867667,21.722411933965525,11.389230123709737,12.980424433534148,64.25329736874599,Moderate
10.76450240165207,16.611334534481184,10.71910615759151,24.048777483692398,7.525225740611201,30.438528458944976,High
30.911611790905106,9.416919866580306,42.60078631479142,8.713335923402825,27.18869165667102,54.8596030211535,Low
35.084782400582775,8.789789002822673,29.048075165805344,4.003298684107582,18.25678795517813,54.35217810170875,Low
41.24611738571112,2.0131210782243327,34.90002415964038,0.5535981693840952,15.053260043425647,48.68882521555889,Low
22.90050712295775,10.693695935548725,24.436500718111844,16.459034596607676,12.126269631113109,40.004948950766135,Moderate
57.32781553481527,8.539619669554222,43.36520751776338,7.714733448596064,10.008205788783497,49.529981008299636,Low
16.304208973424036,18.859321545494296,5.349366613906421,34.935917831880026,2.668015295545051,78.6021611353829,High
12.037723158623203,21.811377524944298,9.332720518982978,25.25304560419412,3.4128431160356074,69.63549372186716,High
13.281096559214479,17.484998176205455,12.578111595507295,24.99931420223645,3.3822091975513153,67.49271760206457,High
44.77553081456592,8.522638743911815,47.78347975196577,1.7449848639795518,21.808522062157827,49.73760153738721,Low
46.82813914606159,9.476880259644707,47.15428235139983,0.08495578607209509,18.263889576055952,50.83386232327748,Low
19.4701585454981,17.775165403748012,6.503439336666271,29.939783918372797,3.522635706999215,22.547321865712096,High
48.543847213736875,0.8860471396967906,35.00782090432485,4.948259516005463,17.961096813578756,54.05373188262428,Low
21.369014056973928,12.16168972093843,23.976406933263213,18.76378430067672,13.055376380815144,38.10846155517393,Moderate
24.432811764267335,12.281927444435807,24.930637167173607,13.164624743276427,12.980168352505762,39.84778060090447,Moderate
23.478278037861145,10.637215277850615,22.35974871004828,14.356650207016326,13.592126486431674,40.21422042348324,Moderate
23.733049776838104,12.806269103972506,20.869584351538734,12.377128202527548,12.333695515076037,59.192000072707344,Moderate
20.071744383504537,14.98135783901602,16.91325502690457,19.370646546540563,14.091402834567175,36.61616060730297,Moderate
16.666150317390382,18.493277443771017,12.025459461861248,31.916755567098843,2.874667864141907,33.60916624890825,High
53.85558584306111,1.138383934766014,45.71632265295723,5.259465769014594,18.368989943509163,54.08258554677066,Low
52.80683579669059,7.731418739186715,35.47424434448811,0.9854685141294239,26.119402573419077,50.55018524205291,Low
9.960143281447731,17.84557946737612,8.05267711483053,27.65433549008788,8.132115657085345,29.22861072436821,High
36.95841288347926,4.831808633136685,25.99869933215236,6.7177927025486595,15.485237003177994,46.08971629303916,Low
32.40344539154025,7.227377522388046,33.395409116038365,9.668655502933936,15.297325156271429,46.08160352235182,Low
41.067409187093176,9.640784164901081,42.063511969178926,1.716781950432169,22.089779645169187,51.53602952535226,Low
40.99085529881075,0.5225787928602377,45.65161711370714,0.99237664919681,18.21009642696713,45.08223131388892,Low
21.432983430143253,12.637860966097296,16.19832446706378,19.133561975348904,13.550979106231523,64.44174363505661,Moderate
54.53355989570835,3.952593154311578,30.269077485747655,8.39207953039459,15.72120103318571,54.869137142182126,Low
19.885684871468367,15.018162844889734,5.0973319670792,20.91321166141166,6.1418809956747,66.98035515370003,High
23.413346008312182,12.051675331074891,16.89518204575457,18.831855787006628,5.757021361581954,37.82625605951493,Moderate
48.507807551272265,6.55173714524338,35.63764148179607,4.830141128439505,15.418184464937424,53.433323548919375,Low
12.608863262120448,19.185095793712435,5.200848100120959,27.03220729720823,2.787023308953941,34.46859302639774,High
29.914150462038034,11.966752132818312,19.09570901804758,11.009159835544194,8.788099547712001,63.76352113027192,Moderate
27.482753743972566,13.81977765155069,19.3309450452034,14.330181183193204,5.524840648225563,59.276929091162046,Moderate
31.372261014375386,3.5442494879305486,30.120060226405236,8.127329043046794,26.74438285917397,46.28229947303774,Low
26.025113375531554,14.385799010090055,19.081006484742055,11.536808239388375,14.534509563371941,58.40225241522392,Moderate
27.424552676948533,10.30485859779766,16.419922059302497,17.918963623947995,14.408312346780107,39.51336032739289,Moderate
15.29952133678957,18.75345853382571,8.946663905638061,33.77973213571923,7.8213612368219625,65.38525764584212,High
21.730845728204017,13.005989027450513,19.404679309785706,10.606420774516753,12.514885573709561,43.206753834010705,Moderate
20.746132406573572,12.78333843168502,16.862322047642138,18.728878499603155,12.58847923520547,40.9580753238997,Moderate
46.83831592708489,5.233296311947413,48.221488746139144,5.637371014453994,29.521566649450378,53.470120353890835,Low
26.724015487964106,11.661894699388103,22.826827605564663,15.734499862265205,10.343561529002585,62.61969744597153,Moderate
58.89667618321834,5.4302458395766315,46.99003741779405,7.663512805573902,10.305296792920595,50.24037669867587,Low
42.0255425029092,1.9692570445342839,47.63247497526289,8.050933767995263,24.644758281845753,45.088148332944726,Low
46.485886076850505,2.6549640742907235,32.3062239184847,2.772584163491861,26.18069100480683,45.898782801006384,Low
40.14802517983495,1.186437657415803,35.27356380875275,6.918639081608444,14.899070167319122,52.783956143532116,Low
28.557580044005302,11.578068130106104,21.593020939717295,11.802366079534698,11.949213646398613,60.58276524403916,Moderate
49.22478944070619,7.390669759393726,47.39539328900487,5.541812554487988,10.052643111591763,54.49495431739162,Low
27.32642242442521,14.066421065838385,15.878678358678288,14.601272166667943,8.821427960356946,57.76901689740938,Moderate
26.567750416599722,13.463164080495229,21.421860560347962,14.619340728598575,6.506328262871923,64.18979325500399,Moderate
25.778716768778214,13.280229347444026,19.041361111136922,18.727982978990212,11.113990201697726,57.95377003840616,Moderate
9.992205764521575,16.706522001621007,5.576923752919419,29.746761795032405,5.423255835064505,32.25712899842358,High
26.309104308617446,12.274583460167307,16.52283951763233,13.82722160427296,5.337881554345193,42.54523307425565,Moderate
33.61907613301803,0.0013469300448532007,43.78197310934417,5.232862493002498,19.03094045634849,49.037566104783465,Low
13.497100142641537,21.830992903012024,7.347280214809462,33.828299487621415,5.0244610278132305,27.455837651324593,High
58.54210026619971,8.038048904834751,31.501201006310847,9.456735370508046,12.31350447296233,46.80290130615641,Low
12.524706433954984,17.609853540879634,5.78079397449925,32.29244278387109,8.15218299582601,23.353589053652914,High
15.864943563607016,15.489956962228353,14.635886585354305,24.87310091472687,9.889424899361973,24.6743419952531,High
24.362072964823696,11.904435741473481,22.635852126364924,16.79317365656695,14.924232665070894,57.00851216051116,Moderate
16.41329375499207,15.426309136684976,6.744575793875347,29.68613026038043,7.9017916529787176,66.28128533227287,High
50.85433662142781,4.53989911199699,35.672368195582564,4.174482838964625,13.613098041823406,49.14200554304644,Low
20.373005478614783,14.239688788793142,16.71364365295486,17.147986077330955,5.24581613799564,36.03019194442206,Moderate
25.846601031717615,13.226339736236664,18.743406153501308,17.773417890443547,5.954512501852276,57.119815207992616,Moderate
57.076587200386996,0.7171188884765101,37.96404221664335,8.824411913475817,28.63070098310524,47.78713715141149,Low
35.115723710618745,5.653302545716099,31.76609854954414,3.5606729911914483,22.84419274005395,54.84871566113602,Low
30.172759814943646,9.213075122129755,43.17546317535335,4.963227712843788,26.086406521943452,50.76760847435924,Low
21.440203580516997,12.493757705454842,24.653484466763075,14.230873698539042,14.841210770252678,40.43893696492641,Moderate
31.226058487994365,1.3382836299969314,31.72903927479073,5.8158883784975535,23.107663989269064,49.73919760911192,Low
21.140863104390974,11.224786819967248,19.05852105335021,19.934163572758095,7.675901783278528,39.26389894769425,Moderate
16.6765538125231,24.04806670712216,8.97526989455569,33.1413173737725,9.746728194722449,74.97263974305079,High
53.293423394991734,8.146710047099893,36.38487263119852,0.553323871633461,26.98069026566946,54.10612507372605,Low
47.69753060563899,2.9529049404794327,47.43464293659287,3.5619394346137945,20.84066690194404,52.05113146638995,Low
29.80459170854577,13.042907989378225,18.053911713716044,12.083974802161698,12.358286970505784,56.192995806018125,Moderate
35.53428759400918,3.064328227033716,47.694031091254466,2.7489565825708775,24.310119092422575,53.77758342192733,Low
46.78920993924653,5.800888346694546,40.891133048815334,3.0336428221417044,23.904593114954714,54.695265233240065,Low
16.14015376622329,23.330565967356204,9.322670035135113,33.32006550795961,8.25831963968097,76.13034654730731,High
24.09880684002834,12.342581138518254,15.545760919496763,12.895779059300187,8.992005174516047,59.81907568836002,Moderate
13.095416664937925,15.61533586989354,10.118771085453169,25.134244891694625,4.28902153339924,20.143019117020234,High
33.739880436098005,6.666004790466192,25.33072032263235,0.12821649510605826,26.914897566515265,46.17978999437026,Low
52.868554043298474,5.359350788521182,42.334438462971306,0.1276542651789736,27.605035465633744,52.26106068369418,Low
8.98934968789721,19.441040383371003,13.197706910266513,31.682984398771936,7.320570069498973,23.68758978790733,High
26.507733897816102,13.241380122135197,16.36038583499805,17.11984645979216,12.497141732867984,55.018727439191686,Moderate
31.96069022396827,0.6750254668382194,43.19077844249222,5.376921285909715,24.714359735562198,54.24147949136699,Low
8.164361525553662,17.428492936374738,7.915992998543375,27.16370426104008,6.307556651489654,29.79676418008598,High
55.89310277626781,0.2716742122555982,42.30885765386036,4.473027562526006,16.275642866114573,50.884335564164246,Low
44.65929571213997,6.769407829968373,49.41544093287523,9.339874185126172,28.656924427205983,54.01653386712705,Low
28.39013603159802,10.269523081992388,23.475594916654977,16.91703417875346,9.421063277929974,57.199343138305814,Moderate
44.50636940159774,1.5492531114344266,26.881967916291842,0.46684819899273755,12.147222369013356,49.238997519969985,Low
41.602060389016124,6.428819100587076,45.31184552610429,1.7081370630621073,24.61029308052653,49.2744192085656,Low
22.207980179764007,10.021802516707593,24.48243713302653,14.921372636561696,11.095559419197603,62.682477776463166,Moderate
12.88300216083707,23.51412198696779,12.63969796766725,31.130439001384495,9.094144356697392,32.03396537016064,High
11.13007663740626,19.694050923975638,12.157867452377541,27.31942739327424,6.6704672761397426,79.25258139254855,High
36.05560356368845,9.281820981139514,25.758845138325107,2.796014326451318,10.018116704921805,53.89965868746681,Low
53.09980659295832,2.1906880910185778,28.5867364254505,3.5018652433196107,22.353891723771817,53.74103796066211,Low
23.624122522268806,13.03936005495759,18.0461181465665,12.058392869952762,10.933389405048041,59.113462488815,Moderate
22.849298055251143,14.75883809169971,15.199889989448902,18.235527271765655,14.4048487869914,44.44223674473787,Moderate
52.84858845986153,3.4794141158216663,46.27876838564954,7.233303039939631,17.699174452751144,47.317902776165795,Low
55.33648195605211,6.417343972985582,26.32066715911805,9.843219788140413,12.290657366526965,49.691660485673985,Low
39.579409127712445,6.88274235780237,26.91895154721845,0.4778136468140537,18.969704560052676,52.93717425785212,Low
20.428026360681066,10.320959279617407,24.714447450464363,16.56071116977206,12.128871490527459,64.92814462255538,Moderate
14.241178998809465,18.330716349115807,6.295954688045425,27.886405360416056,7.914526071420235,25.160155502864228,High
12.828210905277611,20.001472268783253,10.093848036135817,28.39214892665457,2.699420828463869,72.54752385582741,High
17.35059298337964,22.812772154011487,7.43753621112014,34.41835664056213,5.0742702297836955,33.642911111381835,High
13.152240909925677,21.448030373081824,5.256674827412993,26.202298291856025,8.708676270273346,77.32853377471794,High
26.33872446052079,14.26551687465013,17.388520353681997,19.50189616997399,5.126872542328687,43.224223100162774,Moderate
12.426453246290428,19.794510613191306,13.369420334599479,34.23851093376914,4.70090943697068,68.44874330255412,High
59.54523596887004,2.473403158190833,29.220250144614106,7.73995087294009,14.061411858401243,51.443657004925676,Low
12.505418491606612,20.617835546616824,6.448516967787335,26.940151857692292,2.1714011906788864,77.53729297738548,High
14.490120486282088,16.0986209544446,7.421568300980104,33.433245921086076,8.916539716855485,66.74549905884248,High
29.39207017065017,12.583844535720283,19.802888197905403,13.368290033152288,11.459401707613441,38.30311005396847,Moderate
10.693830055089517,16.74578095093829,7.512881714802219,20.304785732828382,7.513117094808784,20.95530860300538,High
22.37820647276492,12.590669566721688,19.69751945299441,11.975438885315587,8.258345625897654,44.70076618910001,Moderate
22.840286682027823,10.689391096159738,16.390160527642767,15.300791019837751,7.2932946940408545,64.16468348666056,Moderate
27.34405084504986,14.523638037114731,23.61814904823089,13.001687986716739,10.819279049807214,58.18851808936582,Moderate
24.84588083197618,12.343080102499965,22.908561776868538,15.781784816626232,10.405531182818258,42.6511151043985,Moderate
41.02603266874594,3.450837455132337,43.87068645905828,9.359941790017777,18.538106412726073,47.61127144433077,Low
58.32799467340302,0.5658565614671562,48.25413007156375,6.038030788437534,20.35277871378869,49.60326984777833,Low
25.67920503273408,11.428761805498402,15.39261921036574,10.712240287357217,6.638239862706824,60.04176820338043,Moderate
22.290250792918023,10.951103520476567,21.17706221394673,15.467038721028958,11.547903536863807,57.23012641411878,Moderate
18.942344559909095,18.78248292859848,10.443312166390541,30.307064210930438,7.563780279328598,20.17986866042383,High
24.293839966655334,11.612355564230674,23.84457475560513,18.57647121422187,10.5910792058785,63.31534972446875,Moderate
33.61700657331836,1.0137289755315915,40.0145799246784,5.867679078445912,26.66548610057515,52.28315510493735,Low
13.460730656729101,24.35851532796022,9.865802241472714,25.806605638777018,7.099882509725065,67.63758079715028,High
17.45746917654125,24.549209940531643,12.867800518877623,30.37046162378644,3.768467842994233,29.140890745695845,High
15.574271430303723,15.60351064952658,8.187393889203793,20.433410635344753,7.669771515458356,71.62869151571715,High
58.974664834596595,6.114636112256608,32.370430958669175,9.966832779346797,25.614654600573395,46.31929825753811,Low
26.50141734646964,13.821436159186081,18.56766581562193,10.056386235003876,7.638598855569633,42.900741269632746,Moderate
7.630248662853836,21.556273426356,10.317491810358469,22.975683060714374,2.6721180214606157,70.58817668623071,High
22.326244460093747,13.899417928672566,17.920080494704564,19.799402545648043,14.68823138457169,56.73125439165156,Moderate
18.187279899196337,21.295956291008604,11.727559076505797,21.296779278547387,7.238668704840545,30.210298008633544,High
27.450726145914885,12.469594170844179,22.579960773853216,12.571999303398728,5.133656203317875,59.59438746618379,Moderate
8.168920295402655,18.416441459707528,6.075733341409534,25.35664180549431,8.426547739025118,71.84681428328533,High
19.418016323251706,21.90089739201703,8.805267342978286,29.190246545821232,2.32776227473211,75.06375176080238,High
50.636571669024406,3.568859751711102,41.91543083881266,5.925681827648268,24.56941891117184,45.90662088509338,Low
20.502159649208068,11.916802595675184,16.15012109432537,19.37124057853387,13.917093267849388,55.17785141262483,Moderate
40.37087980511758,7.931428739967394,32.28402682094361,3.1593582238563678,23.177108084536844,52.06765281861631,Low
11.918511182214491,17.42979194213058,10.470858922679588,33.68173447884226,5.36430692759938,68.61072453924862,High
59.08753883293676,4.583006415286564,48.36082596883604,5.1351786674177005,12.5462375749345,53.09913120306091,Low
44.14728565650475,3.480955931682881,31.416180179652393,7.089000062515824,23.282514785667008,54.40176063301057,Low
21.09197099425347,13.011820870637361,23.29230629475552,14.837919061297178,7.677959731647594,43.947104554268655,Moderate
29.8931618350921,11.17046318083036,16.186806152573833,15.959147950499064,14.025167124205788,60.045769678928,Moderate
22.786948543028256,13.13128040566149,24.48896803035435,12.600851361364462,10.843524026248863,62.63381259783563,Moderate
26.631958253483397,10.744913792049962,16.03533987185055,19.15954084971983,13.248869256818773,41.78182584589068,Moderate
16.12855220790792,18.600190534981905,14.224972097486772,20.471866277115804,2.0586787246085034,33.35538306167537,High
11.677653825887091,23.680372797401596,6.169878394185952,23.146516944616778,5.852902693672277,79.051522410119,High
29.05541661150863,11.07359363771446,15.801921614449043,12.54183066044395,12.453223774257374,43.75329082637908,Moderate
12.278465798735166,18.226390417028064,11.629583664462553,28.864098114510185,6.562307561676688,29.962712327035412,High
33.36116706504157,3.677859877561529,26.179917542434474,6.3378328474728765,12.873752503684255,53.75034531245259,Low
14.435204495698121,22.222820060044814,9.166492064777923,22.154147369084935,9.87941031912725,33.115830188951826,High
23.803441712495392,13.867513847735811,23.761718986814536,10.046003028926517,10.212709501791952,55.99056434215988,Moderate
24.39053039951395,12.168855407666541,21.480810748157033,18.779236122333273,14.243269973678313,42.11882085229289,Moderate
22.81535111173546,11.54567146126827,15.86532528823917,10.627711564991916,10.875812205614857,61.01308363814704,Moderate
53.41576545731586,0.5697872699736828,31.588786987419446,1.1338709555257254,23.814020789983317,53.69768568013926,Low
21.608833677420588,13.705427050753446,24.183416606336706,10.48274563560647,12.556960999665465,60.96738862779908,Moderate
25.059173399606948,12.87969083705895,16.14952717317473,14.268284076143207,11.05624336172362,42.45467038207055,Moderate
49.052809526029314,6.786699566725648,44.99458411114458,2.736663849214577,26.223252077582643,49.88092260264976,Low
48.584710380288435,8.629968313588721,39.48283506971152,0.7257479804471079,19.906352938678175,45.533401630051834,Low
21.462322521282086,14.72828082691042,16.12730532129529,10.222214407603827,14.167812247811112,36.673675307266514,Moderate
27.67595118253176,14.814527115247653,23.253389755243344,18.548165645691178,6.8270386659073505,60.47737444324274,Moderate
20.351950021401777,10.301727527009405,17.627180176831832,16.364911013709524,7.801557859102716,60.58681443937234,Moderate
41.11416308374146,4.338174195765295,28.667377850379538,4.850729091426954,20.050952134440465,51.147709531562626,Low
7.521052475268416,17.701261881882758,9.6196938410014,26.690578174599484,7.938321127221371,20.534018981897226,High
35.011257237028495,0.6725591396736785,31.099882558811807,0.6560076494502953,23.73854833548605,46.47273808498327,Low
22.889434179648536,11.189777357254755,17.872442351781956,13.182763153434859,8.261258314516738,61.37304826428324,Moderate
27.97976579338186,13.513697441952676,20.744275972572762,19.666574372925297,8.560417107030245,36.89356227680665,Moderate
17.35679634022459,22.75309821617946,9.17481599887084,30.957491154168064,8.725770287963286,34.89405903990412,High
16.38871607305076,18.85035694903747,5.375866221116446,34.30405297321785,7.90264547404856,67.44200428165627,High
58.64595841989582,8.237903842212948,45.24187590664724,0.8147389771294189,11.30001577897777,46.99728280111236,Low
24.10585298768939,12.845652513562207,22.6916528212332,11.465258197813688,14.158660464112714,59.013254439412236,Moderate
32.93016342019152,1.5124682873493456,44.84545259770099,8.736780345607487,27.1021884399488,47.91516928151192,Low
5.751235313038565,15.266692040198231,6.229039169165108,34.681714942657266,3.0520485585275674,29.68619173181012,High
14.2096821100786,18.700792030436002,7.2123043813397665,26.0468910209375,3.6591443947107924,74.69239821404051,High
54.387030273902326,6.768212988573956,31.719940375754955,5.54620491211145,28.19110856874405,52.48396356209743,Low
27.363050159809106,14.968574041297895,20.06411307022161,11.26465378162468,7.823031200113997,64.98844827184631,Moderate
29.449086867499137,14.955713868715684,24.392360099065115,14.5450001172041,8.417728670478326,58.11245252578597,Moderate
20.862661410630963,12.712208544409165,24.834620353844027,14.766639996195742,14.381989154256102,39.882411294334304,Moderate
22.679950245636093,12.567887010637314,18.091925993094502,12.513107017229776,13.370827514567365,41.27630354901788,Moderate
11.937337469760596,18.394997956080235,6.43252757444028,32.20579675088147,6.124379749467853,76.30236961007066,High
23.3688196447658,14.758665545122131,16.916902413532895,16.74252479284851,10.877066028490677,61.96539022387893,Moderate
30.536218042002414,2.7109625376406576,27.13507575406804,0.7442841843851566,20.343007245677544,45.45550155965353,Low
59.06633565857074,8.763194331423115,26.594863906339945,7.661571015827779,29.19833379284182,48.270915060016385,Low
12.819498174874443,19.275942292620577,14.241210172478715,31.843529392330662,9.38850513345176,23.80757722611692,High
45.5498895709121,4.433800143791878,34.681860285621035,9.747600813361952,10.439730440786473,54.423344949350366,Low
48.45658314693033,5.952128341268748,48.0932848969194,5.423865601904387,12.513222911591654,46.03873790278811,Low
18.10724938316981,19.706899918017786,5.1368017359386995,24.372703182037156,9.649169465048734,70.23172329834337,High
40.25452055093628,2.261253312496719,30.144859424735543,8.019139528361265,22.57442774051164,49.14520829390181,Low
49.50977059040811,7.499777984520708,48.61768454181204,2.340577750174991,14.225258338763929,50.65817992859468,Low
45.59321845668053,3.252906183617478,39.57764393199745,5.365781900286203,24.53959742691631,51.12079318203859,Low
32.483960037753796,1.9524060295649204,38.64239922032564,5.313399532366091,15.2919422376206,48.150559693186544,Low
35.31332038221147,2.395101699095381,33.28380546840793,8.939730574625047,13.053163290815675,47.74572315551021,Low
53.396266375728715,3.8040054897040965,40.4276486107164,0.7252231695448141,11.317843300639455,47.34194425616813,Low
22.77322941961078,14.077043206612377,18.614536583839673,10.139804850851666,5.376194775515542,64.6953254153502,Moderate
15.183500888359426,22.30916388557895,5.086385563126056,28.31530257137471,3.2313067564330105,73.83541305687078,High
8.235612877202772,20.49644043998271,9.700511629722637,26.997856950602234,2.6280755136077207,75.45602057946641,High
9.96196691900563,24.849866391051034,9.302820599864656,29.87008369700681,2.3040107822049958,77.39612957465428,High
13.561619749211298,21.486212377003497,14.016139433848064,29.278547680552634,3.290986958470585,69.30046915208136,High
52.13690750087305,9.550605114849889,48.76332052386022,1.9333923361205219,26.50616804845965,47.42310606387448,Low
29.033478503660582,12.420695635589725,21.693264127735738,16.216627012036156,11.243759554919759,41.28495430089062,Moderate
12.030624493744748,17.093563740264003,7.45669775727781,34.24703136872115,5.176242067593941,78.59087371587046,High
7.84967370777466,15.938167711441853,12.201769273948162,21.92155148557087,6.089759325156878,33.296492143704384,High
49.09231233791341,5.3302886724614,35.659958920040566,7.226835744744866,29.765242302863737,51.17557313209618,Low
35.83867535462295,7.511771369540428,31.652534213432716,2.08651913158431,10.367114487582835,51.443961622818655,Low
17.000604850668594,21.057374006205105,8.743704396074373,25.844924739580062,9.570849145429186,22.016758485443837,High
49.76771825730454,2.0468010905728393,42.40199653917598,1.9110562269114495,16.660152661044883,50.43762455918656,Low
18.21797390084035,15.286732183116472,11.081661135034794,27.027424156785088,3.243555516841541,67.2060958528515,High
57.16145929257791,9.880359661555918,34.55348687081423,5.120885766986639,20.194463432071302,51.10178576236642,Low
23.04274650172656,14.692475791653855,22.158744169317085,10.488329336297287,14.548600759354688,35.351607132886386,Moderate
52.830719728289964,7.021460961818295,42.93154689664391,2.8451195974244414,19.850437080410167,46.87173114926947,Low
26.146247826794156,10.91344467453671,21.282889945853213,17.30980525143228,8.946771600728795,35.39390162889687,Moderate
44.60006824274109,1.8792038081532303,38.33308869649012,1.6844055113191525,11.564841971600455,52.99265965959968,Low
27.48835285896717,13.597022567158893,18.81190802960247,14.459611159761831,11.524465837101344,38.664566463399794,Moderate
41.915505888553646,6.546506868659545,31.02009540182933,3.835673910072921,19.87694029483123,48.60788401078727,Low
40.25616498116058,2.8918744629594983,45.73914578570921,4.095609272625093,18.157698537007178,54.054686921374156,Low
12.751833348120108,23.174432218771624,7.575139654786186,25.2090857279821,2.10401519850433,69.86095536117416,High
12.144847704124103,18.005023005338515,14.221455443580206,29.59125315145368,2.2973289027542823,78.97172264239353,High
21.380309151966365,12.038235773293485,19.080452672150678,11.68753807766773,5.268963885768571,40.09874056306403,Moderate
6.755739411276622,24.242395249874022,8.746053848644047,21.275883224076285,4.564924633115955,33.37028277933483,High
17.554076791598636,18.49989332129135,10.368102940564082,25.15331376304251,5.983734179520892,22.57752750029065,High
34.92797393792979,7.4744440659669396,28.00908940524965,4.596327543564602,13.521785758877078,48.641528191046056,Low
36.90026511863109,7.509397983633183,39.11041469449369,5.857782709310476,17.27798812990665,49.15711309149848,Low
25.245440656650363,11.425978741525748,21.04600507637188,13.055511142232135,7.103337022892651,59.74727785270483,Moderate
6.770571129589303,15.781916471361335,5.867165084431396,20.772628196935752,6.449766458599354,72.22992832918975,High
11.080679205106176,18.779982324998233,5.285706856426012,30.19929135451566,7.91091958061408,72.3734090364969,High
31.54277440452751,0.11417983454073632,30.149500896924042,8.279249545453125,24.408674044515557,52.36656735218791,Low
11.220152779923826,17.172983608489535,9.643998058209934,32.17038523629108,9.22951825887909,20.778732060682696,High
20.07651245661218,14.89124296944492,18.404665926904077,17.007984615580384,11.993698806014766,35.81390316632983,Moderate
49.15577842992256,8.908555349831467,26.434796092206838,9.720534746234883,28.54732818923107,49.23585826879079,Low
59.913735004731336,6.105467550154246,29.51643853278258,7.94662892397889,21.660372948882728,48.83773930355624,Low
17.485501518050448,16.03990950547861,9.751771093798846,32.40796547697586,2.6512419519181316,74.55281640152764,High
32.27589984325992,0.7177580622651303,34.838883402657885,4.7070099949106154,27.471506115194686,45.750220888929185,Low
6.214538557652464,24.664145052470047,13.226481768445405,28.2150884073657,4.989196720558575,28.621904701794545,High
25.748052248722807,11.918633797456366,24.176490800218588,12.892008874910047,13.044403217904263,43.02062559310803,Moderate
12.276706010049875,15.298089424746697,9.947812266658927,20.151440147428065,3.4284562602527195,25.936771729608406,High
29.630407827356226,10.392591948506013,19.98994154452,15.851651865033476,6.97298074538433,38.60117715489004,Moderate
10.539949285020766,18.31710122405723,8.237018913064414,20.772263732499283,2.5791431537850995,70.67424138554513,High
43.631320036798826,1.198910934727121,44.05324051125811,6.138459450077242,28.505292833139286,51.94274746435863,Low
23.840473827575245,10.140094256364053,23.326659498270857,12.275363312658326,13.292530951236177,42.78553025518542,Moderate
51.779397299558866,0.7010813964125695,39.71078101133631,0.0845149606246054,13.491679693527205,51.296726518598874,Low
58.887806257127394,8.6465892185814,40.65136772452003,1.6682970495026284,16.682728237523467,49.50623425108169,Low
31.294797358517283,9.09454610937242,30.207884750212948,6.475197955701631,18.871994026363744,53.059281534153584,Low
5.839761527410099,23.31237629871739,8.325263771637704,32.66121591458087,6.329252199470603,69.82656042731745,High
56.15530583235696,8.247432373470076,36.85394864697699,3.144341058114054,23.189801162491683,51.62722423368178,Low
33.595961020010485,5.597556836383825,41.54586462784995,5.396617889031524,29.41809422899739,51.23945574761388,Low
35.43448048604041,2.5646306101676597,28.637887069683977,7.890406042020471,22.684861819550854,54.06254236737868,Low
23.429296093981833,10.438179088913675,15.472415920726528,15.133387070264082,9.80917675908653,63.40361505385319,Moderate
49.94735173461654,4.583235945875755,29.66475242182919,3.2558113251901144,12.114491208622697,52.15676480122577,Low
34.78634040339565,0.6646332577627212,31.975207258694915,5.320868239380113,27.693499699066997,50.790725276859945,Low
12.314185296096134,24.612444196591092,8.60998289838157,28.518832679656356,7.749748565288761,74.9123566278939,High
39.02890700840449,8.285555979060813,48.45452931311806,5.019355807808607,29.078416076934445,47.83397694570594,Low
11.960496618522754,24.301148992783794,5.4931802980911755,21.860771727097,9.981664544015254,25.025293734977314,High
21.146574965245907,12.319735948821437,23.626032850019428,14.834598430298817,12.480668022520195,64.97381126813814,Moderate
13.630374425393583,22.341002318190775,12.680760185554817,22.22561575907353,2.5668435234332447,25.85170885259539,High
37.7370848113482,8.354802257421944,31.219794718479427,2.331875544216163,26.163140980484254,54.54345951623301,Low
43.128093721661756,5.66605258905463,28.652414138533004,8.033045735180336,29.903188204002426,50.45562544167758,Low
5.707093604430992,22.074795502096134,8.518315447864591,29.59855755546326,7.303723142495088,20.689208919447545,High
17.68448468790224,24.032648489430514,8.970692618280355,22.881813518219893,4.961939293351104,20.677199933971462,High
8.9857914354377,24.216510258507803,12.328037651157224,29.498278131725996,8.058891812287756,69.9268908971961,High
21.626061322873834,11.213754356641132,23.97474718165258,10.917196153207694,6.5612008817669505,55.22346788426857,Moderate
9.89586864785472,20.646323051550997,7.954953446383222,24.75858873251033,2.551952870223504,69.20563696682237,High
27.1458347121046,12.924969892622546,15.870067673106313,12.474436189816121,13.23220977952436,38.412020723921536,Moderate
6.096780927706096,22.45324000658666,12.687299825138519,31.898396553035553,3.9478496387052937,20.378177483591433,High
37.41693223209531,8.149397285405392,37.104325804085185,1.2096066223849233,11.511089875255392,54.17524727230348,Low
45.51807169324828,0.16592480632597884,33.5392596757892,1.4086860395086132,15.070020322115463,53.26257729332069,Low
31.223254246642917,6.7617756207543405,32.87296111472239,0.5592635012822567,18.724288342400907,49.98150720251148,Low
13.696371876857938,18.807685813952666,8.782585064743373,21.322712760441146,8.080782377241059,34.57098481354942,High
5.589469291818739,18.118522116012514,7.558004060419422,25.151905653781945,7.6870109476991875,72.7635457872139,High
46.08289099032361,7.645277946547177,37.84269638038262,0.800634025289656,16.186484487164456,45.26347332193917,Low
38.89606743862966,9.835672065136631,45.39889473538017,3.1521673737728606,23.51623271485466,54.93170789598333,Low
50.15678230796185,8.550302016199351,36.72601868795385,2.0588731076659936,18.85828196083927,45.80779213874344,Low
39.670615349241686,1.2020722912057624,44.62659802616078,9.299217631456647,24.880989024571555,51.26463855254056,Low
26.79843066332452,10.213767688746465,20.40920307027367,12.775187905478408,7.480942111653248,36.21751997647679,Moderate
28.570841778142306,11.701441032098122,18.289056547015427,19.846654944557017,8.541687396663928,35.282849282909794,Moderate
29.034436965409277,14.518662678430962,21.676564377298362,17.372187164369404,5.597178841198582,41.03644524505988,Moderate
24.43788838490906,14.48743260003792,24.600184180258555,17.98175938461795,9.518790567036696,42.8630955271028,Moderate
27.16631589765411,11.356615238230459,21.913463413275373,16.594385611161037,9.377239587873579,64.37816965232562,Moderate
53.84433910624945,7.431931987316034,42.543456846931434,5.7856393227935445,14.059871183823944,50.12590925267296,Low
17.627501686335442,17.303227545663315,6.378063826004423,30.94064372479316,3.7292216810848187,23.062151797624495,High
36.84239315846797,1.4407878601319957,45.87434464207406,6.305886973085435,22.905555106471258,51.0692228022654,Low
18.220956559363263,20.68900272585202,14.525163387060813,27.92025963621915,5.1937563298266385,30.15198971669197,High
10.38554902869788,15.222554945293492,7.319633788918129,31.472208775778682,4.140975003653165,29.57651266141196,High
9.194094057864259,20.84496257098387,11.538339708032018,24.559445747148946,6.556160783600408,69.91932395719385,High
23.475338626603488,10.423990081231732,17.11751513730796,15.041743704378998,14.047025067069852,40.96138061696535,Moderate
15.548722080998663,21.130757117171278,7.317427676687421,32.212262738512024,5.723570508561296,32.96575138185097,High
11.259388066019829,18.111370534749597,7.614668064007166,25.06019674140707,5.885587104038965,69.11034679313286,High
45.74269294896713,8.998333456872725,47.39224860666541,5.469155137931242,22.354538481235885,47.401266204515196,Low
12.573671231627117,17.55120966537532,6.988139760800463,27.817989191174874,8.150947513858986,73.72226432306962,High
28.253151430303433,10.777826985544351,17.301746338957944,13.277033488451188,13.51132837802999,35.81703959602229,Moderate
32.62928240291516,0.30463686308960125,28.152753541965623,7.524092332120093,20.38897572782475,53.896937253275595,Low
37.79261351280979,8.384918338430248,46.30121039511732,9.451224487448869,29.011840261518767,53.51282212216531,Low
21.83910465123465,12.061671078166611,22.315754776283335,17.661362960141524,13.656604314182001,63.61564284249957,Moderate
58.281953224053765,4.502542461428903,25.91152627064046,0.9093544991304114,18.659460996794124,54.52803848249173,Low
6.393157842417113,16.673120758608544,14.959311658980422,25.712896674389548,5.6454010165191155,67.76699360585674,High
7.811826787564568,16.233889655767186,6.057796521646316,29.181877132806456,3.2524781989440292,70.46026873889505,High
41.3935734053769,1.966535849529587,39.23262461030505,2.128500860383574,29.12039420973134,47.70733732421733,Low
25.339122985389402,10.501572452848068,20.710197509043038,16.946250043820942,14.794644497055122,60.256310280003696,Moderate
56.199687475824234,7.314863597031158,40.670065751621095,4.572304196195444,21.315031284491646,47.166866437053926,Low
24.355362434191665,14.603565617843834,16.158075103155834,11.679542043674143,9.100837490556074,40.09002183536738,Moderate
13.91024784387389,16.678886557832005,7.489875008655048,26.182832924138413,8.116880062820073,68.38738750428777,High
26.475547776534224,12.123425792361274,23.669939837581566,18.921581331898143,10.790748883323548,38.75759347803963,Moderate
38.65891659720767,6.775422674589532,37.63801979308726,6.618603122150056,29.257409880036192,54.67859924081416,Low
18.510721451701585,15.72266068864174,7.140868679173742,29.702473142557167,9.809377214332653,75.88890469913352,High
22.836030272596325,10.884414700797256,24.623394230171655,14.879542485810845,7.197586240607424,42.30566270433405,Moderate
58.34297189647284,8.341445970006758,39.699790736595816,2.503587295708555,16.477911051607585,49.27840570627053,Low
22.557323267735494,13.376939621227816,17.334326290150834,12.229111788296638,8.962227401325755,62.02035668482142,Moderate
21.554333039257394,14.072893630013343,24.055090812962867,19.23811269957855,12.517834544376708,56.53745031995786,Moderate
23.47591882229763,12.940518159442652,15.254092383795783,16.379017290493195,14.082324961678355,61.21133406848331,Moderate
24.346945143083676,10.196796953493795,23.697303351086543,14.854698207857142,14.530005982995714,56.86557912195616,Moderate
26.311652106990707,14.68356779815749,16.584271494061795,11.813174760821024,13.134545715784512,38.768196061479706,Moderate
16.052413103414345,23.350854938168208,6.91344698189135,32.187681792921445,9.170516061848138,25.272128172616796,High
10.63653678428791,20.9329215077991,5.558088445732406,21.136854836645043,8.8466361495324,68.25335820496207,High
30.73202344669614,3.4652416795271823,38.21641509973189,0.20341081882177647,21.426400308662053,48.864155618305816,Low
15.581847624966372,22.318877638587253,9.925312988043107,21.799586258472143,4.559199023194111,67.46521689374019,High
19.412835136629276,18.258262417030714,10.429886904452975,29.383518168604635,3.1542874788486532,66.53879554646358,High
35.454749016213015,5.324206822752171,41.0376120314063,4.549568797277371,23.541474253168957,50.03209416751543,Low
29.318832818364257,10.052342866582514,16.90749791290652,11.193907772657084,8.189992755898587,41.7903716542244,Moderate
18.14908157988128,21.375817092874488,14.130514249049291,29.860603873726298,9.95061362061569,34.64176980054346,High
8.037404267022687,18.88269238393409,8.020527031679965,26.070202465353173,7.081039236132243,76.65892832771183,High
22.2146858303187,11.350735402470548,15.80704894928163,12.942435760842748,14.613618000356137,57.27126365591866,Moderate
13.683296440552892,19.1495879208777,14.317425982271347,32.84345425350169,9.231211573748425,69.3487735389287,High
54.67842955541035,4.58431424131438,48.26680638905996,5.003051563545148,17.58321727959887,53.08364690176816,Low
13.20691070666907,17.53670584256091,12.64322877143172,22.523414581260003,2.073744716004458,74.34739811120407,High
59.54009218573525,1.0587431821312931,42.95170403002152,3.163754073876829,23.859435875473345,52.8930044910815,Low
26.504833499946876,10.325196496753517,16.31290394104613,12.307976548946565,11.351387368348679,64.90465732061577,Moderate
46.28088249474746,7.862781993840331,27.571064803936917,7.939550847155906,10.297122450150075,51.538299638276776,Low
25.36908007914235,14.360315345907111,16.258188499383127,16.18738141217633,9.867280481696632,35.288579133361246,Moderate
12.170668918205724,23.010575053355225,11.934806306110218,32.90068700327102,5.952852959674775,28.6935403936161,High
8.632074992947732,17.19872046792689,7.64228916477634,30.717541200503327,9.645086715362902,75.82222878935694,High
23.443713904045342,14.068057576730585,21.9595818890007,13.714013645999996,12.351768501606795,56.984007292457164,Moderate
19.450189112705946,23.56882610833859,7.137677448698141,32.67383095890646,8.864858336928874,32.191599317751326,High
26.64513432982268,13.88571784261273,21.6983195229722,15.536730416796107,7.614353763535026,63.499757671095956,Moderate
23.562315087608415,13.071662382923954,17.62535695495924,13.107899271017304,11.576722498755007,42.80974400718053,Moderate
53.3955296668005,7.2344366235491195,32.44648495975528,6.415796812433943,23.27408957852512,50.633837406661655,Low
17.052709138248485,18.584125297392045,12.699637189507897,24.685222376869575,7.659043236786241,24.599971929724923,High
46.652548479068585,7.31496464043139,36.59840658637227,4.906135758981991,24.59213298470685,48.3696478784683,Low
12.933638563667367,22.382725746665123,13.89569851145667,30.925033518102673,5.335415053941429,20.149996931837048,High
54.9509113102732,5.441986625037022,30.02278349213806,6.370475535036276,29.52159372442935,48.207644140217,Low
16.341618505149942,15.009238757834419,8.981923526671356,25.659982158651477,6.475263982979796,32.369189242500724,High
56.616382277289794,8.221031606002255,46.23616015564339,7.092961271407681,11.040916775122628,52.57295572071193,Low
29.519676223034033,13.330975491864498,23.302240972854417,16.552691747976375,10.603336247364425,39.86425835026072,Moderate
19.11032549488666,22.66366607483384,12.662367704356358,22.74524473533743,8.057403504334776,32.52956182238717,High
55.90000948715476,7.374260857706773,40.793060458164604,6.687532544498137,14.294702502431264,54.993351228311155,Low
27.015197771118146,14.059333100450338,20.203167221940653,13.5402559334774,5.948156463306424,36.01574544235381,Moderate
54.170104588501594,9.976282974021565,36.0859775709011,9.706680277938705,20.69601953838336,50.811062446978966,Low
23.86664556802004,10.166930913156406,22.605429846558067,12.627640379142541,5.119798296660712,60.40065715284172,Moderate
20.44888411577088,13.412859601533821,23.852169293323733,11.326905816777627,13.531766083396029,58.04934637697661,Moderate
8.964600382766157,18.041774255315477,9.236513444527937,22.295800832767885,3.994232572004413,77.72355016381205,High
5.537505316516224,19.625460959719227,11.974124293646426,24.3683580462014,7.138957582012894,22.589869192235646,High
6.31094264032572,22.569165505829645,10.838980527996554,33.54132006249378,2.396902362781672,66.94644960946994,High
52.31838877718031,4.4767342541041835,31.215122115332658,2.8518659601004783,27.972778566022065,47.26870516331494,Low
57.58175919643252,0.5024300982298213,45.32127428841895,7.778777055368772,15.251004600400005,51.29641234232457,Low
53.74737131177545,1.6002493646319405,27.460604727534218,9.883705667215711,21.43657542365382,46.87411287983777,Low
26.504382637665866,10.06309931044574,16.366899147178135,16.658506094929947,11.56530436188186,59.441442022201194,Moderate
23.05531166344884,10.850740241026198,22.282222094075166,17.481196069352322,5.399551485735431,43.85923670416803,Moderate
50.490203202490704,4.299310773901482,34.94483602322745,9.12207571249182,24.87088539274589,49.64784205937501,Low
7.321379020102224,20.8217988984377,9.166402857053203,34.16470530020911,3.5252593730612,29.735903758570746,High
15.961924272952176,15.626514310765165,5.37635359084934,34.2735263005287,6.291497897713971,22.099700468166365,High
23.469689983700185,12.77898120572149,23.50308809581341,10.282171407377973,10.567196848760236,56.69776939758122,Moderate
28.014432687281143,12.94920955944109,17.083422679210113,15.680502544030297,6.893369451789777,60.648491709995746,Moderate
24.39167190554326,11.576524500995015,19.472167398935515,14.133633959439447,13.081837625326559,55.20340831067601,Moderate
47.472679746217395,8.236236107489734,45.40141892785809,2.0620271590177888,13.251341373269572,52.71668106310746,Low
43.95616836851154,6.727646144124667,27.546969103488912,8.610333999722403,18.843122762256236,50.517792837256955,Low
29.56634322863937,13.813824055605807,17.669321978457564,12.708740553210006,14.639622098722306,42.17703361709337,Moderate
43.516324059302804,7.53427922256969,27.039373140284148,4.599419512939628,19.41524784775206,50.62654119671309,Low
28.775817725333674,10.941046882271728,15.714062735057901,12.447439405988302,13.881985709130634,44.920384737785945,Moderate
53.82075567810888,2.905045056714204,46.650891876143916,4.495833529202623,27.09234926303671,51.46535098780733,Low
28.210112596512737,11.633914229846091,18.371696028343155,11.216194587135561,12.296413655419434,41.13072309882715,Moderate
53.06962245541531,7.3786951856153005,38.87834466882971,0.7541217599278827,20.826707654025345,50.96856860784491,Low
58.3384265842207,5.931582190394682,38.62002713190246,6.508279504893281,16.463881306486723,45.177044450732375,Low
43.083795874059504,6.630471918034225,47.912228777887854,1.7275731828108731,19.657888731971973,45.76727371928206,Low
29.21147137591833,10.023240844626404,17.886600605848045,15.620819014360729,6.847377416904785,42.84774321162789,Moderate
10.432450156871056,22.70198205844545,11.06770248397003,22.500005348623688,6.574514652778721,33.0968733455347,High
15.746395799840997,18.799812517731294,6.1811592649226625,30.440117164600657,2.0660899730408033,28.373104368503125,High
33.40420563721767,2.126443763710961,41.81268156684123,2.1011777594021455,13.058863729508523,49.70500719089682,Low
41.83428835710106,1.1658307455569672,47.80520591953814,7.19022820433601,13.608476441627408,45.22159535544522,Low
15.658075389112451,23.206290338183035,7.580508047478913,24.499654390991715,2.0805748435564597,27.17093639890971,High
29.64515239284423,13.97889500819193,17.380257794808266,16.59670042699578,5.614916712029095,58.76993235366635,Moderate
29.26792494409301,14.917430270958011,18.117707874161205,17.962137690179006,14.049431831942119,60.82121370819836,Moderate
12.948686631734734,19.03637622349413,9.881799175472844,21.957475749092858,7.087217305850452,76.66640423724675,High
40.3764917085887,9.52815017002506,44.132907488134656,5.049328040894001,28.677175915714788,47.06746645740239,Low
11.391827270560489,18.54721136889634,7.425884642109223,27.726761254684437,3.4907573381094785,22.652510181368086,High
29.844160341810664,14.534060750482242,22.726313885441417,16.170529931773885,12.092868733480133,42.27855868050147,Moderate
9.583349512415204,20.57012519772939,12.594327456758439,29.646199857442404,6.0863366665778456,69.28141527686711,High
32.213896942061965,1.3065234382346291,35.459738334458336,5.17131892010638,11.70400955119324,47.946489030625,Low
6.591235431639435,20.89801736835969,11.379423590898403,33.3495825032726,5.190778107772305,26.720763223006276,High
36.57641962074133,5.8371358773136395,49.96982339539136,7.0286644405010135,18.57450283502963,45.46697817885113,Low
32.915294813123054,4.345959608587117,35.01760417086167,2.1546290727573005,25.87074804457662,45.840017145206254,Low
53.873780083083034,0.7093221613377343,34.793561264056954,1.9494276897015983,10.52893805195335,49.30421908087967,Low
36.388924845267326,7.070864772666981,32.18053023012877,3.235246137370379,27.948381001563472,54.58251172232503,Low
7.152632380407319,22.001616357954912,11.544744466317358,24.182604206927426,2.9717081703474557,79.89337765276778,High
56.61259272795352,5.466482201877884,36.075842658440486,2.0930607583420855,21.543994928451227,47.014614957931606,Low
21.903522283603134,11.37796308321985,21.249866502763382,18.08750969844033,5.83656681672344,55.5057556607901,Moderate
5.7308375933470534,19.502756567234684,13.445420589800381,33.87892698998613,8.12506217300074,67.65369615116202,High
23.02185509999417,14.35300421287856,15.467665682528336,11.044145484734777,11.439677661423481,39.35011927437475,Moderate
54.82613686700623,9.043597749938572,47.274347117267595,6.03755143837613,10.186899069724884,48.22333311800474,Low
42.04482947583865,5.312940183509319,39.655887469519044,5.03570074403555,11.685411183615312,45.55638659328703,Low
51.85472031484839,8.336440104751723,39.665043435114015,1.9668855823121312,13.098835706758718,52.58129206496845,Low
9.80329615499628,23.66488775635668,5.155301380468793,21.378399754970292,2.2103593055618456,73.12551659747928,High
7.218177837919525,20.636710655584295,8.600155396667315,21.253704752978276,9.89380052537238,32.36708986783638,High
25.37203486591083,10.471931002100844,23.53531443099804,19.441285990153794,6.92097170093204,58.350491709384826,Moderate
37.74400298103383,2.595764492750492,25.227175873780407,5.611502124351744,17.518767508065867,51.88629289900543,Low
27.516307935672675,10.023204127490034,24.127220832912908,13.225061889878198,11.224437462608272,37.97787073229299,Moderate
28.916660355357585,13.141202129711314,17.856105357452037,18.121071955393,11.467425860845477,62.62232562044193,Moderate
10.36063726541555,23.350034138549418,8.925587706646535,30.678776558756482,3.6809162039277936,24.974134323349226,High
20.577662989720686,10.721512412059266,23.671640966176767,12.203895045804547,5.656675664328742,39.810511274763186,Moderate
56.82572623992355,6.61667259629189,42.88305776322839,2.8107388544511314,17.970040576079604,51.562279904088065,Low
22.931118791334605,10.78489197565328,24.282310681057076,16.253925204303066,5.653704129773084,44.12064452876389,Moderate
45.28266384449369,0.6180846068922263,29.929574549201657,0.9612585173215149,26.42063894192862,46.92529915438139,Low
28.60147310962201,13.288084746631572,23.760044134647508,19.676400655399334,10.666342964218405,57.41464228199216,Moderate
17.265484084186177,16.03194961344654,5.02967058710491,33.281743777931375,9.025517895930111,78.78603823694763,High
6.619323954718977,23.536594497811766,14.756934023340081,27.89716846795063,4.825685794542843,74.25952569715528,High
16.73798523155596,24.039754412355403,11.761927495774415,26.276590070951436,2.9545967177030237,28.160805233719636,High
19.826183537592918,17.36194358291169,14.437385210405104,34.65055181001253,8.720537917209082,67.60059732239512,High
58.30847760502797,0.1912896643728701,33.869932241409714,3.022767004964485,15.327552828600478,54.151763371865975,Low
33.13703521003201,0.7410542257486707,40.14742037948707,4.87467835463974,26.028336218172544,46.31836617803514,Low
28.601204413974134,13.972137360918735,15.362962784107495,11.637159813008772,5.3150797528859925,36.73536919638884,Moderate
35.50213529560301,4.110956026007066,31.495703448507488,7.534756054464806,25.444805517865532,45.14079663282891,Low
11.778336762396885,15.184047289435396,6.547320089753023,24.50040712389128,4.049291073630475,72.86238347373094,High
55.69469523564967,9.132869475762368,39.964074830444,5.182057321825209,10.985473071655429,51.89229736362952,Low
6.252660162595402,18.112680270638258,6.569530809578436,34.90740608343311,5.038003224702958,71.7751581073653,High
48.688997506904485,6.9235892246105815,38.59467675979367,5.406109943247291,18.384984986379315,52.584557473091266,Low
28.95298837708947,10.265770427185398,22.1977812682247,11.02796022981369,7.844967840557143,41.106427509216445,Moderate
20.66973766123574,14.312871770307284,20.98486106426006,18.673486885373574,13.68683211985112,56.85165045416203,Moderate
22.384237004953555,12.667944696901506,18.52074772945647,12.282850621194035,11.675741233501018,58.18132531333491,Moderate
57.73188586129591,6.8544388322190155,48.82800285985344,9.59592147609234,19.69984569154999,54.06872831819053,Low
30.546654769546493,8.456043629899067,34.66767642609945,3.3836786592521584,18.74067450899542,54.044739272812876,Low
25.773064181897478,10.229811485055551,24.00377728880931,13.913140434568001,11.392027568801204,43.97282672135522,Moderate
25.139211929014408,12.17494619456364,22.4966850210529,19.74492216160639,14.915787947795804,63.56095332236384,Moderate
5.596363137093235,17.853776813176978,12.938830842137136,32.18497827535095,7.251008875198837,25.67812437276712,High
20.2605555279507,14.79288840822432,20.637134143907602,13.436219961271378,7.081083789970334,38.8916461651348,Moderate
22.09182252913474,13.755365697182086,17.407411381156198,13.653465321442274,12.495035191817427,40.651732562239374,Moderate
15.982870587851135,18.750471345102927,10.91373273110164,31.01275504292154,2.8914577339783536,22.625752016501846,High
52.428281405287535,1.9583308413427003,25.88975577016191,5.701872157998045,18.636873846240594,47.28987185300312,Low
48.00061644357911,6.284264566145871,46.44644458793722,4.848587397161036,12.920338111842165,54.326819023605026,Low
22.256850933452206,10.021765957471322,23.380050759512162,10.870942508954549,7.322932411410427,39.207602077764605,Moderate
49.85517569548136,8.451208514960348,31.07949950660565,7.44419253813326,28.77499776559666,45.37487956869659,Low
52.09332706874169,9.773079079915037,38.6157717776784,7.996918620027912,26.827135426103972,45.8856817382508,Low
19.11973292999319,21.869898025593923,14.366908418252299,31.299267518679493,4.938177832412083,28.8554693280053,High
50.05929659773293,3.7909404867193617,32.45681135585307,3.0936856208001284,22.12433284441532,52.31645903919888,Low
13.620945312958442,17.23690068252128,8.974376845601427,26.22579181105814,8.259128491038938,34.83470700524563,High
26.981576440198452,14.281686624178537,15.882985901076713,17.715581578152864,12.481025653169484,39.00595374105272,Moderate
25.06880444032203,13.580690888571535,20.149878803458964,15.017382210026991,11.234146524822746,60.79220035227558,Moderate
26.182003428645583,12.632594257052071,19.140555912388137,15.772786803783745,14.716837505702006,38.97453925667027,Moderate
16.398825665255117,16.659802473044284,9.829439054712989,29.91862566643257,3.4307041938542904,76.58779406829535,High
19.23123630056127,18.318886552204653,8.489498221488128,28.28695992465308,4.7061235776807795,27.211169392880056,High
15.398338721454405,23.370057020975377,7.250804840525536,27.912046730817735,4.416680297476645,29.386706493293417,High
9.051707104669028,22.29610965976942,7.2598708809987755,25.300629374256985,3.888793520071454,73.38246742117784,High
26.315778405210494,10.212153686243223,22.515073605709098,12.91684010146611,12.476409155827316,61.34453139755603,Moderate
28.361348687787405,12.76795804489355,24.331635115498806,14.84425195391939,8.797052226438886,37.15925600938957,Moderate
48.03345035229626,0.6536615756438524,41.99243042083363,6.268329044150672,23.87019674092641,52.62948878511561,Low
35.3228630840912,3.7345794513270523,25.186578510430486,0.09200897625379456,28.665528247581335,53.09103216823046,Low
26.174565803977604,12.899477991138921,15.02468502985996,12.515313904149759,6.964509333726201,59.73530162846478,Moderate
47.3602622571718,4.24850842868087,49.8855378231364,0.42200468581298445,16.954756711186313,45.04373982283009,Low
34.41220442787114,9.78981115174809,35.26706582525707,9.200381641090527,23.552223641991883,54.76482776200871,Low
43.876041483994435,0.8928952452557293,33.290421227695845,8.078314518266223,15.540508977392486,53.38159201401086,Low
23.871869764138587,10.817758556614733,22.16572458602817,11.29808461165144,5.973018487979008,44.52301384601107,Moderate
9.202240564257782,21.236482401045308,6.718442069531111,23.116418273388657,5.724140755436588,77.07472787771172,High
43.245915041201314,1.161389602005256,30.923099847418086,9.47565126324043,12.33757521181878,48.23609469434071,Low
58.466566117599996,9.72005329631537,49.81454488719409,2.3369044882536363,12.185588907363199,53.95106225730092,Low
36.988784242609015,4.227286368939323,37.24464669970602,7.295214219764384,17.94455059132465,45.40278162735388,Low
37.763399448000506,8.60139693349435,35.27976189673728,7.003478888665695,19.019730052966874,52.640930002129814,Low
29.95048723407716,13.774841775330179,22.298450887119024,19.692702524285227,6.636224928557821,63.27870379506174,Moderate
56.57933244708562,7.378849848346062,40.584489148997676,9.326481005424785,19.122544178932664,48.68374507584734,Low
59.07307890422434,7.483843496762313,39.44032701592834,2.013991027938874,25.84006252260392,53.74989495024421,Low
30.638082325511615,2.642762631586393,37.98281731605758,4.8708254432357805,20.334720898801287,46.66838234420835,Low
52.83364611129474,2.2044600424541896,49.89112941685873,8.87817640335819,28.72292670864226,45.00157744578057,Low
18.926844824278113,21.53636155083771,8.358991016184365,25.597605377464337,8.897006248994508,76.08308464918692,High
15.668212275320416,23.741472802966623,7.18303301180311,28.33720664672584,4.367204511796513,75.52834836755412,High
30.330937932859417,0.5560552168046062,49.7906085740307,3.012312947939082,23.680497233841436,54.84937868970864,Low
26.150474485692943,10.905560247583699,17.686131927526223,14.407494003715765,7.135147813291187,60.996863142280596,Moderate
40.702599800807675,4.59239877596958,31.325658523006332,5.72772509737109,13.395169964142717,47.29961415401034,Low
6.79524550365894,20.73364076745368,6.4820232419639945,26.72338863856769,4.972232523760022,78.88610392410851,High
20.82738684750857,13.003568218509374,24.28285011650741,19.601754387183334,12.351171884165282,40.93606826049167,Moderate
6.50495641425792,23.466285247524574,9.069624584062964,26.03981317009235,4.1692778642208115,31.102261208764975,High
20.3743197745307,14.482894244121425,15.267245042451748,15.20745361386193,7.284600450991412,37.070848248877105,Moderate
33.88544763848412,2.1440648299316454,32.047958889931294,5.7189752245895376,27.243059165862434,49.39303272327997,Low
29.818172099648393,13.074493385135522,20.137472905707575,15.061051489073336,11.744773829841586,56.213047045651635,Moderate
20.94893167435852,10.44403739701521,16.75031145818029,12.412108394971295,9.634948872672819,39.44382362301065,Moderate
59.69880697169836,8.071555373648826,35.55480584701695,8.179634943491536,20.088420794304263,50.892117234526204,Low
7.6511273209361566,21.66023679273835,5.707534793378289,23.293394628706913,3.2567573825183125,22.747856014302,High
8.914094040108573,19.6905863229721,8.488704016404931,23.573939750993787,2.8468026949598277,33.73779649912629,High
26.802129044188824,14.30359852866784,15.739303907581565,10.05302510932846,10.57103365877877,58.95669914096316,Moderate
11.457960646056156,23.445323841197574,7.813856239164547,30.23681192067356,9.447277492641103,70.32522322959859,High
45.98873359654006,3.7454824337958126,45.531485509321136,9.019161078378827,28.06815511725586,47.06513164929784,Low
5.7851045043589115,21.404602346804552,11.485051380715374,33.45471256483368,6.697728737911325,30.600108333786515,High
45.542362987164466,7.094388646339747,46.25331836712592,9.058493899993058,11.20873089881128,51.2259379656269,Low
14.393972061129997,16.168802163481963,9.273024096980707,26.61231972592403,4.106000811335219,79.95311899963295,High
16.93413288765408,16.8935628913871,6.702472642260167,28.46693694937251,8.251030508879165,72.02178394407439,High
22.174229711342132,11.214109275056169,24.09750718631374,18.16941998670021,14.585935137152951,37.319684521577855,Moderate
49.30733085589575,6.616842883998565,36.32062013210817,9.893495140420391,11.998637541088193,52.79608642542465,Low
7.823977215341589,15.324360074560849,13.553217819519134,24.515431680018683,3.716863629918345,74.86176512816209,High
15.43760155789882,23.913269599491134,7.060141132663866,23.919700873674337,7.252378513886338,34.46302228664534,High
25.837402252742223,10.647893320420398,24.032105062904677,18.68759386727768,6.449410676400156,58.33842064343386,Moderate
11.64432780523892,24.014221633620313,8.561010490245929,33.9033626984637,5.008423609662933,70.61989601154562,High
27.251376641998437,14.185346212785353,17.422761939846882,15.720337661605418,12.348552058083778,44.89564808237807,Moderate
10.666812325960137,24.804767667777256,11.435503614644213,28.99913442532982,8.335183509983615,75.98992440530347,High
46.30658583341966,1.4696270958820967,25.973946158711605,0.7407490721044774,12.076787722218551,53.677473900817304,Low
18.28697281823015,24.85618268187151,12.321824255223351,30.64281036505744,5.347744605961926,24.89735442436203,High
56.73429341094213,7.221432354559059,33.88598343410155,9.68944397174291,13.422049568268037,46.322115228202996,Low
20.810896283285842,10.045874970764554,24.04195636067768,15.398214031716858,11.50243508466567,42.48089365703127,Moderate
7.3615955680011655,16.675453352033657,6.893570052608549,33.374823601103934,6.027009058689906,31.526488313864366,High
36.4746308249053,0.3672136250082114,28.786138048383933,0.8325765805063212,22.888463392596332,48.59070779043151,Low
49.1228970449462,2.9348882320812164,39.66559795709156,7.779094067485368,14.297092128499962,54.979151344122876,Low
23.533983534076544,10.104970354257269,19.85611658494485,14.247851666985476,6.974287084005709,42.35414025507003,Moderate
29.426597431060863,11.696562980965401,24.050139458677755,12.529194133139681,6.034713727067793,39.37078082757475,Moderate
23.68724005275793,14.497499418294254,23.29573052819695,13.166954154628963,12.815277332438697,37.516644350454705,Moderate
27.300109887745776,10.457778636354755,20.77695587690155,15.023654889227101,10.130952456686847,43.84070109415731,Moderate
25.867290784146885,14.865656941807986,22.027632608064906,16.022774804997702,13.360229167407768,62.87056653990366,Moderate
19.144620799902853,23.939836613382283,5.765099500700791,32.99316072093532,7.931260804888395,33.96455582747996,High
27.475283198621373,12.397719637285945,22.799213165357955,17.739920705671455,9.576842254237768,40.9496835734147,Moderate
24.822122817562096,11.745596350721259,15.157200103034498,18.192620047220288,9.546941649255642,55.78109688751156,Moderate
58.21375753058743,7.945782787001903,41.89157255517682,9.197925717794362,24.203465331803216,50.460988080032905,Low
10.360210553933342,17.18775515490458,7.134954694128566,27.572234817306512,5.912963959940072,78.11195799459063,High
22.909755057488653,14.045431579016721,24.455347859740726,14.262047722893122,13.370112605030167,38.27547270938493,Moderate
56.33922961335209,0.4961437333883745,32.153376061457855,5.613558241893379,23.96148676957298,46.444756965946056,Low
22.348402715355853,14.401893625930871,21.525349649409645,11.985896164936094,10.297659853858404,60.80761091952253,Moderate
13.394990614477878,15.01689774302294,11.571069734837103,21.51141171296787,9.25473958163872,30.193827265919253,High
46.19956139147567,1.8564670490124302,45.41638108004059,4.760567021510617,13.997459492988874,50.54512555690965,Low
22.64067135673665,12.519100493603538,15.135620956044706,17.967360388912226,13.99802717911644,38.15489206482224,Moderate
10.559045182250172,18.239114495515363,11.043813196115638,20.983647699428616,8.24506467684971,30.037566411725244,High
20.011636643279786,13.970295657863677,18.815198603059905,16.80628915637602,14.455301006098523,41.79508022736555,Moderate
26.032936810486646,12.359675263931564,21.280178059990536,15.381326727628892,8.78716967320825,36.496367215089265,Moderate
13.170585543015934,17.80640520060651,6.753771249849621,22.762498705340924,4.38924677575244,33.4145140716092,High
19.86824114870383,18.08985701883285,14.913818871728132,30.694114828073126,2.5518431824249923,79.07027902777142,High
10.322350700649894,15.67413172593201,9.072970777170008,31.059023204336352,8.987756853728428,34.41830589952906,High
54.78202890757585,4.2998521412105974,43.3807129525399,2.0015421124936683,20.615012047762846,49.02972800123394,Low
24.066801840966583,12.11788964501731,22.45810244076155,14.435201843907496,7.27159571639019,59.0373300410493,Moderate
33.48217921520749,6.865899134926067,41.09891448619034,5.087059842162667,18.63610201571824,51.939921083892756,Low
25.305230913648945,14.663990284364896,16.054494342363576,18.350126715752836,10.703548191512311,44.00867894401579,Moderate
17.75840059994062,18.618418027799848,11.062910100590244,28.00582779589486,8.566380931312231,32.44133659980156,High
27.982021339813272,12.70498260707365,24.518083880692423,17.098002089640556,7.974126366763075,57.65535605613762,Moderate
33.86609602420336,0.21913328775008956,26.0083463034613,4.109329049627583,22.758609791593308,48.24750608967202,Low
28.25855420859452,11.282813349516065,16.413753263810552,13.984406948623066,9.633510937188696,36.918875497180956,Moderate
14.706264963302749,15.697349173618223,8.987750585622965,20.691270442024084,2.3717308988463675,70.58646020626426,High
11.496309234895115,16.17082456500269,6.564608928222264,20.68590515554385,2.7235335018325575,33.66492365190172,High
14.423170500507526,22.735613701439384,9.395691609135376,30.510338088293324,9.085114427052542,30.5604983223448,High
23.02645712191809,14.272525461591002,22.836074487998992,14.062806092289502,9.212348819005946,58.36078387742238,Moderate
58.999644571310085,8.313735143857098,28.011183499914136,7.974205539416643,21.81743845948517,52.87325837457395,Low
6.698789121922511,23.314227466318926,6.748204578624216,32.00636143148374,8.037647056216755,79.7606310688058,High
21.643990227203094,10.021376010843907,24.139981760397156,15.555117060724022,5.119622629587434,44.27264870206986,Moderate
51.217159029401955,7.925951162883833,28.096150667645436,0.5709907844517637,25.272305979233135,48.51217019638488,Low
33.97574018225545,6.773931298888728,28.606000527952588,0.9365745260747449,21.07883467709275,54.47602501607722,Low
10.372446827768101,20.094094269112357,9.631789317740513,30.17549868391675,4.701875201821418,25.783775075966094,High
7.774393811035095,16.434191076811153,5.663539910510274,24.04880428197355,4.465069355604485,69.6531510637635,High
30.09654790812836,4.00212275849672,49.14591672018959,7.120719922479305,27.39811867780642,47.30940359220734,Low
27.174736092664116,11.840817569256437,17.692561825989813,18.699913689145948,6.849250767091689,57.84697968887556,Moderate
34.531736753427005,1.613628010553837,36.85771662171076,2.4471559702370094,21.78534677513334,49.014435492600036,Low
8.328038160570154,23.921917052510622,8.231823721535427,21.238299293483095,2.6861290977303103,32.791763976383365,High
30.54697748029085,8.169739072718368,42.69051464351338,1.1285814471276223,23.964309069889456,48.81574387825518,Low
13.289248714727401,15.238864065222678,13.160946146205971,31.13069540901015,8.339431979168701,30.378873536183036,High
33.755573766076516,1.1720390568023342,27.080576655201806,9.039530651898893,16.083105089709303,54.01741676040642,Low
14.028765170550958,15.890566083440213,7.3378692431149215,30.34822019715525,5.775628355197689,29.80466085817348,High
14.933952696359746,23.204763646591957,8.951392294794754,34.55272119954343,2.382829560406276,29.19204272389702,High
35.76867056426012,2.842740929275167,35.133134016173834,9.207564510547337,20.410410672830288,45.91066182082181,Low
46.20035743813531,9.699265253451909,36.482592205326846,2.1120825858795165,24.744553544996535,48.8571671276102,Low
50.87922618281094,1.3148911989798162,29.42883808056564,9.334131270234549,15.973443147750995,50.32111133837004,Low
15.136451275432053,23.440848423714897,7.876404318398697,21.780735571517923,4.537028680734919,70.98071374030609,High
22.775287919850285,11.074070320520672,18.111261279775228,12.66806675311661,6.553699141209682,36.165446099986326,Moderate
38.359393927098346,8.282492524372184,44.495522100251705,9.461868939912613,15.045056677103407,48.91378093363747,Low
7.647059400584848,18.13116062233528,6.952114635596419,28.201257680244797,6.460589494040704,33.49923933908424,High
58.29227513234123,1.6121881197512256,46.83835660613036,8.207358408157303,12.307997165616564,54.82040087590982,Low
30.915007498171484,6.107800710757683,38.506972329685524,1.4278563666788469,29.388787513517567,50.223732639668015,Low
57.19063155284208,3.4727703903050755,45.104139124597104,3.202987424967425,18.830945777596607,54.02901011163371,Low
13.157047389774043,20.065449767845926,10.91106819603462,31.72371320792524,5.301673296481592,73.44223429726688,High
13.632583651670664,23.908358573975356,6.115071042069575,26.74156711107546,2.5388497315217986,28.19710491949173,High
20.767667371449807,10.954246665317925,24.124901345820483,14.472523465196122,6.444063013035245,41.4293120816076,Moderate
42.7630931584925,5.951316749056815,33.92980834982612,2.1778080176756855,23.165675668523146,45.683483714481945,Low
38.010848105082644,2.688535143821935,35.160413414350465,9.335931437012515,24.678407405754008,45.20217520147797,Low
57.81533458438358,0.9377652625701649,29.606216289316855,6.67351163050396,15.723617415958147,48.19648027587625,Low
13.75962445328713,24.64536258218224,13.051987309074251,31.07149065961664,7.640874182839292,30.95669347763303,High
31.15279046886975,3.995187845869348,41.30702782046116,4.555016952192203,17.304884032307438,47.9608208913545,Low
9.767009283178814,22.123088859285133,5.398571286900867,24.82061729910672,6.149424137558902,22.49323241785118,High
25.543616863422734,13.52513547776264,21.209274639669587,12.961431644014205,13.46086861772367,55.7748729013575,Moderate
33.82740908386691,4.16504431903879,29.20696471269282,4.179685080138871,18.9782344518558,54.34558072543282,Low
29.73712901641735,14.091337840797951,19.586536164091378,19.95917414877384,10.63512084116273,44.11754332001477,Moderate
52.829722800842816,9.150607325172224,28.234515424167522,2.691197526380104,12.975765676983057,51.81172550439505,Low
12.115893811025959,19.490573643443863,13.878836088416026,27.185842330567397,8.719024341225833,78.93407381860688,High
39.458710134918306,5.1870099438059505,48.06509392734895,6.636247207672996,14.234335569239313,52.75315753880376,Low
13.29944513770946,17.624963137641117,6.368312081640781,29.71876667882227,4.295060364309813,66.12751872013051,High
33.357588581931836,1.3008066982894695,31.836862884374497,4.466887217446649,23.4194941897157,49.1670866384723,Low
12.506008887101144,19.096929059736155,8.992278589631013,34.53999711138569,2.9694661706707457,70.03166280308693,High
56.04170070322351,7.24598286847629,41.01118184983132,8.828364906780791,17.75904337309784,47.32972212078039,Low
11.01324235488578,19.782494884781144,14.196260712224332,20.502189952161615,2.049414635981055,23.23843700442542,High
59.14185282124919,2.187156129979273,34.612895342656664,6.741869488296138,25.615709667309527,54.329625485670796,Low
5.262631315667764,18.336615586747318,5.00390855846983,27.767035675654313,5.223380956199808,72.93626846011324,High
25.779071425018962,10.975197423665247,16.061048557154077,15.318450833591791,7.575140018006037,43.982235188321624,Moderate
26.277831737163382,11.752112859080462,20.722693523417774,14.214560463767805,8.624291705783124,60.83415435260124,Moderate
22.228068424002853,14.117381879941066,22.15846244351917,12.501341043370424,10.672773713978572,38.27191605828913,Moderate
15.724220827051917,17.180494865500687,6.6274367681181054,27.419006327640844,3.2837783247024435,33.79431951253994,High
10.660730359076364,21.97184428945136,12.930764711535563,20.972717358980457,2.1874523911122346,27.196447866923727,High
58.728758535161404,8.740717733051852,44.000872545079346,6.906227420813416,24.832060394744175,45.49922485663379,Low
20.66351171987981,13.512470813312447,15.120499748962487,13.536725743949669,8.433167948811047,42.531997019142295,Moderate
50.90211496092452,8.575623376612837,26.778891971947743,5.300523392123808,13.413548706044674,52.08023783997912,Low
22.596140986739204,14.996764649350165,23.581163831992466,12.95007261243857,11.398319638051362,62.01862426824216,Moderate
36.17061786586665,3.508191093350156,46.07363706140493,3.5442399198738617,22.72745411419181,54.221313255294106,Low
23.02724796078219,12.251069654782885,24.81899054477998,17.716522004189084,12.844607131975687,44.58348583630942,Moderate
32.73618309146071,7.562136139501768,39.983993126054145,0.5823783082027523,14.561236338000398,51.0102587748869,Low
43.52518114212396,4.7690010646797,31.17402917479731,3.3370420757562993,10.810183458826437,52.76391368652726,Low
47.788525543047825,6.989488284873856,30.95724176382729,0.8922216805723859,15.95959589324539,46.99350128944686,Low
54.523491254735745,4.490387679301259,43.68801591866262,3.423340824609907,25.65303125645753,45.21163813982038,Low
28.89386556749052,14.098965720852792,24.99246091884026,12.668217667390596,5.531716852183538,56.27204119337781,Moderate
9.377958591077647,21.503057009675413,5.713352053273554,31.33663237830795,9.202554810543681,74.60620265943464,High
36.83805487625825,9.841103190364977,44.8047798700419,8.022736971474778,15.665930559954045,45.72968332925688,Low
39.4306794322898,1.57954822835348,38.70363006820055,3.1922529778618847,17.777029929482328,54.81415721833664,Low
16.021474119504454,17.5757653570794,6.003841509705282,26.352416188487137,3.35566095652793,25.16573693720057,High
45.81124391734955,4.467145272585204,41.39551918318482,0.007895110932187865,19.393085139032472,48.067727513528325,Low
27.25505685091761,10.42377656723364,18.817794385098544,12.019950449177262,14.015107571341733,35.717105208849325,Moderate
20.410993153530182,13.250896111091336,22.52635685349068,14.368178206307542,12.011953153909632,44.13245619488316,Moderate
31.363391410243736,4.834074359731466,25.629977370526742,9.505035615891348,11.829659158592943,45.09959741204303,Low
41.18065551036942,9.514907101767871,33.58188722661121,3.2450664916894736,24.19609426544744,49.47942417177164,Low
28.70266465351017,11.227420535736373,24.259338523730985,10.082918081516455,14.371949271186535,59.04262715065153,Moderate
35.87333957050638,8.525474212459706,27.655345689711407,6.09467763366622,22.47544381301706,52.40035944984177,Low
39.696087960622656,8.902580530178021,25.406086080236342,1.0233217953406315,11.270714448478373,45.14470641502865,Low
29.65261869165313,12.974385047170918,24.97175684049713,14.545434025275409,12.604167437965275,40.53400026833415,Moderate
26.528180236539406,12.697123355221876,19.60812797975354,16.88726948881719,13.987370618979222,62.47745820932628,Moderate
22.914562713733705,11.319789168117433,18.073784710042737,11.661822843234193,12.337987569107607,60.68818731766495,Moderate
53.076694435144006,8.23552226611819,39.51921459036054,9.405373011029477,19.20772351350081,47.21593430439447,Low
48.83124159214253,2.5990497924283282,41.88966933918597,3.0430759182086433,15.02860304374927,50.57764759098062,Low
19.337594913652133,16.032500280703733,8.909038035054664,23.324939423259526,9.506168282800132,28.921918570786353,High
15.961323561128514,18.143087127630505,5.878569757416906,31.15048727596684,3.6940156878912482,74.05807496318596,High
57.83256849585639,4.340209727087588,33.31066730435913,6.134018465221711,24.323290763552222,48.621787575581465,Low
13.645883752997076,16.172942347694924,9.932942253948802,31.765761322579625,9.117770076298804,78.74392975774703,High
21.716233518845648,14.403304392207774,19.996320077497423,17.23275940490771,6.958507769032637,57.191843456523316,Moderate
41.74577094533488,6.710931570859761,32.13510171158556,1.1376195880454942,10.590839372229865,47.44686188123273,Low
37.69688351104091,3.4264514652252154,45.70464673308632,9.892166834205861,19.381206804423073,49.81276150511617,Low
22.541790742435968,13.290494424037515,22.10286338713898,10.123914639811693,5.662989803851958,63.84803080960196,Moderate
16.51439028332986,22.630049355671062,7.996641711873148,29.52273808108766,5.899175564525685,25.78220469804989,High
20.348659063170256,11.155874355940213,20.84414624883448,10.131800377494514,9.912975498697058,44.69349614419825,Moderate
53.39536185453431,6.642193849889683,47.130971967689135,9.916861403927356,14.637192277656968,51.0021861106197,Low
57.000693701940335,4.595840572136231,40.97769617486766,8.10603848260161,21.736408901471272,53.48587657030878,Low
18.914488689714545,17.32333957521258,8.900556316736065,21.763050614561497,6.986225676083103,34.49374441739245,High
38.54521483132403,4.7116789893281465,47.95993855203895,7.831600290279028,29.018827037316687,51.249224697884564,Low
33.54494482864969,8.224223736682784,26.55103542391386,6.005347682064148,20.298550177213443,52.88581765108471,Low
50.005927726383135,4.422938054511353,26.602367775904387,2.1037208152983577,15.812859386130622,49.64402906320646,Low
35.29584096016525,6.724604980250288,35.9474971785728,5.924829939015964,27.442121274931623,48.145175722091054,Low
19.51064098398455,21.0483635520565,5.819979543401242,21.794926656125988,4.17109442635601,70.48641889089106,High
56.8827389977048,5.052067735766382,38.13675768389733,1.136460386967194,22.578102898472302,47.49375787995892,Low
10.63379042097657,20.263051322213006,10.729782596595543,25.944561591422314,4.26480922792043,23.632340142721123,High
53.98231196727128,0.03819922658583108,26.560783181944508,7.6409558657887935,28.220313999584402,52.51876244369191,Low
12.046732253597636,22.030604400702092,12.738691228996784,26.43135688887216,9.672990848511358,78.4576235250602,High
40.027149560881824,8.979646468477885,30.85812664126317,6.410060573207012,11.077965807875776,46.28937305419817,Low
50.175553682311154,0.3095579091934353,33.38429015543656,7.619343757430971,25.2140961208779,49.182640809025756,Low
21.992367634855455,11.186408742983597,21.12349842003575,13.742633816484116,12.119354196938954,37.110383302086156,Moderate
56.01094488367346,2.1491263703639585,43.329009453419985,3.293212774825043,12.247659498574189,48.92760918924719,Low
29.38416275624062,11.709894946678187,18.925894009086594,18.59762994589343,11.634043452426098,39.10337594335771,Moderate
8.490632122662031,18.079749761830264,8.816118742181354,26.10365052363533,6.835258267163165,31.153521766860504,High
11.235222056357431,17.723658504608178,7.187587099582603,22.180506813457065,2.6324489074440613,76.04498580934874,High
56.181907514538054,0.5057310382422886,38.439528451287856,7.317052727231515,29.012235494857805,49.67869913633932,Low
12.898274943463445,22.371572042762722,7.158377781097776,29.367032157619455,3.570664969677365,73.72184168133434,High
31.559138509544173,5.590592849466022,44.0472473594371,2.7470503280714365,26.930689862468103,50.48483585749125,Low
26.436327975500355,13.515317688187578,19.575472291092495,10.90373537972484,10.871271744005437,60.37648463987679,Moderate
58.90859931267758,5.989785081772105,39.61357783148645,7.201113335149457,28.26411923628345,54.84164959483215,Low
37.461428177628896,8.448713477552289,36.44750737817679,8.950338588534368,19.211320151245115,51.8798402152367,Low
19.604763534213717,22.296650976171215,8.330189909535672,29.527951526511572,2.228771763238573,30.81565513036943,High
52.60134555776825,1.9462383670487193,44.97894927761955,4.842131393476416,27.173441098589922,51.77081971951108,Low
58.95356089308137,6.195262000363034,39.4136247487785,3.6770850812754317,25.54371818879219,48.65045693476114,Low
6.826584074666867,19.225439049984075,10.496169934714269,32.30152229268007,5.724856935685986,76.36326192623436,High
33.90258720391896,3.927307432714162,32.06913642650247,9.47306899236962,21.41122809249213,54.411403351458404,Low
45.217044260651775,6.237430848640091,32.73673872721503,6.900753541887977,20.981664451374456,47.60115983015399,Low
10.757521560843347,17.528046587306726,6.887948325847747,21.767432935025766,8.026534305145242,70.83757207554532,High
21.72454086448461,11.243337430864196,16.43169421384632,15.240045757842864,14.78502383297728,57.97117158127842,Moderate
21.46819985641346,10.885725169646056,17.05367883738732,10.667761382124834,14.365760840737318,40.350737497792146,Moderate
5.46354226201392,19.710738847985237,10.25517913263076,32.56666388698345,3.267435958441654,21.52850037337459,High
11.510005853605756,19.4755568457839,6.202302261877474,22.086693008808545,9.243661906114525,79.17013449795847,High
5.345889626864161,15.51909184919965,12.16050889496212,28.150308069444442,6.60020077534912,28.067185469440744,High
13.215003350223286,20.425548306153438,13.583430583316742,25.941226148213364,7.146207058882685,30.803804652077254,High
20.318020408196706,13.27474056049072,19.57874052172432,13.029580811956363,10.845098951117265,58.686774238491445,Moderate
29.792330832972443,14.104158951873789,16.43886374355339,14.877537095709787,5.530703854392449,63.7899230775865,Moderate
33.656582800108424,1.2967897822423535,27.607827183797053,7.012933420883841,18.81710225405032,53.51438696331114,Low
48.95511636509398,5.054551179104499,35.26972024999029,1.99156897597067,12.67031102705639,54.37987865459497,Low
17.630940904182587,16.490502430721314,13.526707595416397,29.656915494932413,3.083268459985799,78.3061301768315,High
34.267481060615886,3.433867021776442,27.61651100866203,5.540583834602107,25.40178062508164,46.21081298241463,Low
42.94978638689038,7.675676285179183,34.58492852645647,2.393698363420463,17.429266786689432,48.82364597916711,Low
25.8407190993377,13.50828184372422,24.70578655197679,12.946671216914716,13.399372805196775,63.57414846650801,Moderate
56.188375076292246,2.50467898792499,46.36368483005451,8.312458050899425,24.498205436721687,50.912429057506145,Low
15.699910017708227,20.37849441504168,10.023024629684716,29.713328082563432,9.780066989731024,67.65896448163855,High
29.705422561557597,14.583837513334423,24.839775774078607,14.989713568704346,11.70492895279038,43.15007776983758,Moderate
26.39540350550288,12.556778212442506,24.152433100276824,15.12287084311943,12.681524976027578,55.89985556349621,Moderate
18.338421082883116,20.549470542425375,12.83110050859948,22.426016441748683,7.220272906937076,24.380331260195366,High
50.864016200695865,0.5198935197770749,41.557947838489554,9.614175778465734,13.72633553037067,49.00902722579126,Low
34.55708080536883,7.139526325065898,43.232745011930156,7.905136075336477,23.414944009435466,46.395267805596696,Low
25.382184337322947,14.045636126790441,16.3530107223402,15.726239512925044,6.648506353523274,43.51091882232144,Moderate
28.154722372311753,14.429498119478747,24.056833657708253,15.202090739563147,5.780539580054037,37.67511857353867,Moderate
7.504020930430429,16.653273783714603,5.446949835970511,29.354680467576912,8.407285577286576,22.465376620483266,High
35.756019741562284,1.4122354337314946,31.703580740298023,6.680194525125599,10.383458214997965,48.850412378404116,Low
5.969592979307045,17.722258354033677,5.334473099323912,31.727336371981927,4.563172370727321,30.9914852164012,High
26.389556635343595,14.405048346062136,21.240199941140638,17.966287120673037,14.442618634671277,40.023985278435354,Moderate
28.881942258481594,10.057462348167688,18.20503393673738,13.10789379215744,9.829464335734428,40.355258826955996,Moderate
40.829216908200806,1.3171502857909356,26.711017731065652,9.285077519437785,15.921310200778942,53.704108285583004,Low
26.567133680099772,14.069773919008615,17.062982372447625,14.211202842915036,7.188648830954155,36.23880565295562,Moderate
46.95065978577048,2.3138063637684803,37.197504881982546,0.4476838868848687,21.09613516547896,53.56299326716117,Low
11.099435178539316,24.93047314261054,9.883095906317802,21.48385221119508,5.898090159875913,66.48819439551053,High
35.429308581284694,5.953032659274891,33.67397375943965,6.332689173374889,13.83546916587342,47.418529470647464,Low
55.221090840336004,8.27302149737246,45.74848983031109,8.920743510936207,14.197293545582424,51.24424927184393,Low
30.15184751538656,2.9221823046189774,27.15080392582358,4.022604136835421,16.108269970855027,45.28457391843922,Low
7.396540662214312,20.47643013035848,14.732544958036176,24.707545979788712,2.7348585120164275,31.864649408773694,High
7.254372573187921,20.333180901105532,9.800270896280772,20.082474312541333,4.534958109142698,25.89609797697217,High
46.485866469712064,9.000831830164808,34.82867823735038,1.569026241461201,16.185362229993906,53.40449581638806,Low
11.163624901142873,22.235159669313077,8.415226688933034,34.836974094644454,7.980127991710627,20.033488297161632,High
55.325113469075916,8.580232710072291,49.165555522402684,6.696112565375176,14.645467295810015,46.918767131023564,Low
9.78603989559307,18.11141195052553,9.80644449757337,31.818476288598944,8.785648188044119,25.499336446285593,High
50.88061854161377,5.894539894846972,44.16489861780129,8.814858195889105,14.452984704535707,47.92290172709253,Low
11.923143003888647,15.333405305262836,12.544912471835023,28.136416043796068,8.764627995606935,22.378714514462125,High
38.69254358741304,1.4071152804875842,39.09798916889059,9.764896611478871,19.992368239975242,47.62880701989326,Low
28.433026752039908,14.867344482473698,20.806958197501984,14.830274151905407,5.400412807147924,63.34255503585172,Moderate
18.969864081720722,24.398741327661035,8.570557646480543,31.370761630499445,9.565304800685706,79.62854458088735,High
28.735941932916234,14.308924232688518,23.84894770601393,19.864565718204275,6.214622620980532,44.18852051258909,Moderate
20.504170056301692,14.825762762165192,16.35401267721727,13.790302616459803,8.43975997610571,56.702330324383304,Moderate
23.653945386230898,14.031230747929662,18.637615549817358,15.85448291484623,10.968497479960805,63.88592494623292,Moderate
48.95440581050005,1.5949226254135829,25.525228924659018,3.7834758168264693,10.637695904171842,54.43633670648495,Low
25.458064856189168,10.243724276768777,22.756249080938343,10.539474768361123,13.918227876177824,63.27445735979613,Moderate
20.326017720514475,13.050397200656223,19.36056830517867,12.785830472991508,6.946272910490164,43.35924073027813,Moderate
26.05240757572182,10.255797570981356,20.117265243245136,14.40481689298414,8.663071188441144,37.88887299374227,Moderate
27.498392836454244,11.502819425559858,16.786536508259964,19.179619807013566,12.470346404560079,57.51759386545448,Moderate
18.188421237704134,17.635444714493044,10.625800919009926,21.755424062348318,3.406781476220959,74.13399531484464,High
5.903808090709986,23.27539485062785,10.34013357863297,22.900621591157993,2.131886416426684,74.84256045929641,High
29.779115625906943,13.21983799626761,22.104358082408694,15.573324247507513,11.755389278171421,56.943263538737746,Moderate
20.175475628226504,12.159351948062346,18.069816494932603,13.948032000046663,11.699187154706323,57.72921727532737,Moderate
27.542010919924447,11.034765759743147,17.317963904559544,15.07570620952662,6.836247293841865,57.542524026145436,Moderate
18.649036616365205,23.67447603192682,14.576046181736485,32.868185646246104,4.328550343391796,24.46896736119944,High
56.12260351011777,8.373670797701507,46.12160213526271,6.141688503188927,20.243399118677743,47.12370655302498,Low
54.65580177871068,3.403871042545057,44.560645305319696,1.147419583381919,10.442689020589942,50.007349061441985,Low
18.581256001240213,23.527999227643953,7.802015465446123,34.79447661944572,3.684267287270104,33.8007328465406,High
42.057927408277266,0.7697946706496628,31.918853298782714,2.469654124670625,14.567112283576954,54.37144966815122,Low
25.397055153266308,12.154877623834212,22.69603305350733,13.99514298046816,11.483444760092379,58.996384824939355,Moderate
52.66653415629146,9.061432547657663,26.26041934005523,0.8193843903814613,19.896569132428404,50.11902121269624,Low
25.242366565631603,12.422708655111345,21.59810114801396,19.438978902546957,8.766751474957342,64.45737959402294,Moderate
31.393512381599933,6.5417460147407445,34.01186262853885,1.0116561961310322,26.12193495921495,51.72234149800605,Low
21.943690732661366,12.55128910600045,19.249723732990933,16.197120567473473,10.968853678610147,42.187890348200256,Moderate
37.29516572998362,8.35825927910516,42.25117221023624,5.099850793134971,11.993278441535518,45.79893687791361,Low
25.81262038419293,14.848298732513516,15.392978332288035,16.635776234087132,12.021025797858767,35.0830484112333,Moderate
52.68489986685738,7.502657639388422,43.91616373380997,4.886049258779847,13.164814836305254,54.28946735572623,Low
58.19496370840425,6.74130295536063,36.104585171959165,5.578791835778856,13.929653048058373,51.0619353742414,Low
26.944797419533927,13.816698180166384,19.26146408280502,15.437772419697538,10.712736192049652,55.96250583237725,Moderate
49.00202562950177,5.858647884535192,42.291391296663534,6.691541555348508,19.270956785178438,50.29774915256799,Low
50.294038116790865,3.0721641702127087,34.73474449167183,2.625086042665441,16.070202497562228,48.88049270058414,Low
17.58417219155737,17.580495172181173,14.159320049035609,24.771661091492582,2.6483499504756143,23.558305008720005,High
26.179730468473075,14.280717990350098,18.287621591424767,15.763430129815987,8.245601944750087,55.847594732753215,Moderate
6.382442625474665,18.17511863837643,13.490015510753194,25.676239753356274,3.883029520547077,78.83149850189403,High
6.2902996635744834,20.380082917071626,7.892922146309954,33.115541328533375,9.50460953141766,66.85975003768296,High
24.915118204048433,13.628655446815356,19.64263030775983,19.786773168195907,8.987051265728986,39.7589251082949,Moderate
12.44072227574152,22.26729191099967,10.886924644361093,23.278505178076117,6.824828459281651,67.36827094800795,High
7.514582300410485,23.01526137629344,12.299073344991484,23.242238589787693,2.9023863403824652,26.301122975844454,High
29.311966802046953,11.3056373077954,21.59314194378813,19.368254730147875,8.183752231123167,55.70196611407714,Moderate
52.28119563599943,4.739212201161028,49.01865756928389,5.125762159242116,11.16594407724714,48.63128710489636,Low
20.708035137129215,10.940285718577655,21.544165238520122,10.967329503525603,10.037414552673566,55.98866338456015,Moderate
10.925660910440005,15.723883021412364,8.015325255981313,25.46488029120046,3.857420379555794,29.690659692670227,High
6.413384851773735,20.943800843627955,7.684624621318017,20.759687077124518,7.891505715972921,27.74614769260166,High
44.28151206597299,4.962587528823615,35.67762613400858,4.708164193658981,11.335005097015138,46.94619254324565,Low
34.1256283243798,5.126547531450529,32.64359893618228,3.188173228730047,11.895369420691878,52.275933433047435,Low
27.748652675011076,13.161841659573064,23.564264888586443,12.155153983528429,6.599293996795209,43.12033293025994,Moderate
46.00807640180635,4.650095175264276,33.07024483619626,3.2694210025469497,22.17998222103857,46.60393875006145,Low
6.820759131458887,23.05610097554154,5.291035433324094,20.043399777451057,5.301699404388813,70.99564873806632,High
22.872998000367648,11.231815759787198,16.101761827329756,15.877121964559166,6.947036822861923,60.90655226608641,Moderate
16.02281243987608,16.321225239120658,12.597851201388242,26.433794975150597,2.8383982239686896,67.09350225962483,High
29.69809489176354,11.339371580373346,18.748336985771594,11.094433271032688,11.324378147136091,62.742605684324516,Moderate
5.474032334902756,16.214122529731224,8.060564927346473,23.314280623522286,3.280087002070629,73.880889940347,High
9.685434841562909,20.7808392521169,5.781153648249729,22.18197471964279,9.965091160027807,31.4785569330163,High
5.4749869571110725,19.19403416351965,6.750938928495975,30.041544395023145,3.9685488797768427,33.247744960487466,High
34.944444471883116,6.758229251040736,30.82547410992087,3.458285703095939,13.949725633040646,45.20845239807701,Low
33.58782737814905,7.756118509253275,43.353781476041156,4.18932977983946,27.253503258914517,47.212765910661844,Low
21.234071680654765,11.140438841736213,16.82109262343066,10.534535478048676,14.200314966513318,42.972395750228,Moderate
25.178696191811312,12.44267809985946,17.0501922487209,11.480984998012051,7.787321924528471,37.153305275287316,Moderate
29.60437303938557,10.700002413503713,23.372099102892683,18.888294422179488,6.486834149487809,39.2610015398086,Moderate
21.632220859445987,10.514558713114125,21.214309590607883,18.23112890852265,8.856359604206254,36.80973063978002,Moderate
48.54764314590888,3.7731805396319285,48.625601614514224,8.183606413952166,10.408032213764127,54.62291541672587,Low
59.60660809801552,3.302150648714975,46.17218061072382,2.388451604036069,21.41329157961578,53.94054605203887,Low
26.022084642482035,10.075113371189373,16.071207850878825,13.374166243799634,5.226388234287473,37.42329811453739,Moderate
41.964683426907015,6.226305335986581,29.544089944029857,9.46378653358371,19.27351611546356,53.405358799491935,Low
26.231732430313926,12.568373961083427,16.718433642241923,18.86690693316787,5.952099531511958,41.7835062945502,Moderate
16.09712834333666,19.79917526983298,13.002680527449789,20.588978294471456,8.376520158351727,31.965855025396834,High
16.56665616762634,24.089708782214917,11.340593910544907,34.21829244586978,3.743550881409888,77.83764715257101,High
31.005973042073382,1.3427485090227553,38.459874482173944,7.928400452735271,13.287853686568283,52.952870447972224,Low
40.80571924233789,5.16572628445979,47.70046363554156,3.1972084933985423,13.787217515837256,51.771907236726555,Low
12.01983684882836,22.53200404326796,12.752750098410392,21.09527456595694,4.141068349113997,29.25145464850911,High
58.41745732151576,3.0233324935149373,49.45551671316396,5.391937941273143,23.78218162973648,52.16093482489961,Low
36.70787515558358,4.7554603748682664,48.731827656140425,9.340329911306393,15.898622716077286,52.98495963603913,Low
20.935891320724227,13.635868631210766,18.221755053402013,14.669273882403246,8.630550858847675,63.328558086179214,Moderate
38.19778580994628,7.324010490583791,26.461449680921923,9.122545611011557,12.549994533439715,49.41287802799943,Low
48.546541899487835,9.840131632104644,36.8772468216692,8.816353491754107,11.280870477295771,51.41775404441011,Low
26.253971931668133,10.302153385763189,19.83309511209833,11.052069289930165,5.358907642577103,36.74356707650872,Moderate
41.65674303811037,0.3174376537298862,40.24204770689444,5.992775178235918,11.994524077067359,52.61110588485258,Low
29.62836633242806,10.801769923438865,19.90460316009237,13.38563008959747,8.737494417464358,60.52946893577892,Moderate
23.786746607065844,12.633959549256918,15.349348089181593,17.926249014508286,5.169694345359478,57.88217582955867,Moderate
57.79762875484484,6.034930960433787,30.242256935755023,2.706836043017311,13.456401029129045,54.01838316441671,Low
29.59689219114014,10.392343058720273,21.658054604607727,13.96971662414225,13.446949117955828,55.62317725049186,Moderate
57.84955687763176,5.214456890435894,48.368247887207524,6.067162019700039,23.38824128507287,54.66985018028038,Low
8.928687173575325,20.834303219754965,8.11145190351464,25.51177640770072,7.427511565816817,79.54946806239036,High
57.160519258681916,5.586423964504253,36.045842620048866,1.6427044945592806,25.797292420710775,48.66253005998474,Low
6.2519663923537925,16.751403192902924,8.225955038350126,28.189582870775382,4.260737154358869,24.91040464642022,High
23.87930537654872,12.658312364322397,24.882360298548313,13.292869738400423,10.594399115028976,57.849086230417655,Moderate
49.52632107141582,1.430011226657264,41.7691256360759,1.7884106850779935,14.925414682063465,47.389865877556765,Low
21.698815872711478,11.673498472595842,20.306050720327484,14.840548025156716,8.368694168458648,36.868078981904986,Moderate
23.060152412145538,13.673104301555782,21.367758550359675,18.111131328987955,14.689529886532927,39.698020756976796,Moderate
10.810205368820824,18.189092591078264,5.27214277715892,27.25516574783582,6.450848085953559,32.97868356061404,High
15.584897168670045,19.967516685387622,8.667702829009498,23.737217085649124,8.935461636556177,72.7769262451971,High
53.127655339321564,5.4090500383808084,37.54863512829604,1.1975996643219722,23.97271178863912,46.71010854418228,Low
20.47816352743362,12.195522237034837,19.260852636727044,16.002022080701614,5.618581817251174,35.43213699549998,Moderate
5.483827051978944,20.212463899624762,5.147352807435279,25.41854354857128,8.689525845796416,65.33584113393167,High
11.966908727485958,22.593472407820315,12.913349314266096,26.040173228261505,7.228401949982931,33.73084123432821,High
19.20611464494484,15.134558084146711,6.813863078056812,25.01649676624537,7.6404093501942505,30.41374156840908,High
42.10448598637191,9.551152072917015,39.11476597333659,7.130142918617408,23.591036731453677,50.098899482056105,Low
25.913339125607486,10.753291159944592,17.612413308916235,11.781285078632562,12.967233633093649,64.59936571798885,Moderate
6.341837209790248,20.018615697670036,6.15603472670937,23.124814963604067,2.8439284829940377,25.966898221292187,High
17.439066976318003,15.449685712246028,14.86052389173427,20.624217807715418,9.971341366825847,23.223118317760182,High
6.175329208214519,22.630753973972055,14.753706505454302,26.02859636109246,3.352586257317771,23.27686598011538,High
19.542121676782827,15.632579444004847,8.68754170780906,26.5128974475863,5.097312465648814,75.87627195479783,High
7.594533141561496,24.913071565501802,11.153621540272002,29.975014873974864,4.7679527335015734,30.186198207052243,High
41.514988557991316,5.832523923125567,44.29590088075275,4.684612370870865,20.999579727677286,46.96215651170295,Low
5.126411863431877,24.08264962959962,6.750360097986627,31.64838965166419,3.888068754627053,77.03838350464378,High
25.769109078983792,10.143854085597265,22.333602826844043,19.54385831931272,5.766992166151197,42.83702988760975,Moderate
10.041322943562818,18.970918822211303,11.459002749416058,31.51801525391761,5.35976019119779,29.632462499035555,High
37.186856720009175,1.737615931357438,25.00076797113456,5.402172667786186,26.476034998410757,47.40227166395545,Low
11.736597225260468,24.201916224898284,9.647539272763407,30.876562538214046,8.369342377453439,79.2757595095753,High
17.87674568079968,20.75743016894921,11.986400381430395,30.188755467102673,8.850741013659263,31.247266209125087,High
14.941318872706985,18.31809457569541,13.645016282934519,25.511179138779735,9.225151515174753,32.92408298883972,High
14.460674559628403,16.88316825134052,14.569163466807018,27.992691127801393,6.714002112495173,70.19189228849231,High
14.115877673090292,21.061907913777322,13.876511280462966,33.48912847426573,3.648766585880435,76.43425486468419,High
25.84448904311513,13.349176147769558,15.448931143744208,19.80479849010547,7.417076272440189,61.78539244214376,Moderate
16.53549648180138,20.365635132401327,12.874261163921195,27.19484374981395,4.528404477928311,66.66558056884777,High
25.318213616419428,11.53877022032197,16.16524047490754,12.24521035137131,14.220096204897768,43.55602627054028,Moderate
18.65222143119523,20.122050718368634,12.20227057706293,27.111101910715643,2.3318115515007607,77.77413050705448,High
23.00409858786797,10.369743449348507,21.052352201681632,17.445070366477196,7.613640281826509,61.5682230651421,Moderate
54.046113356489684,1.9060983307444979,34.570834869210884,7.483752494281825,15.389801002667268,50.078942095312776,Low
19.853695000752133,16.155791240538814,6.532368872599249,26.470721344974432,5.016904158587542,74.86958586490687,High
19.70377486213753,21.301229887126276,8.07881573060453,25.76405220215401,3.5399229527862692,77.91248035248785,High
57.19416332893641,8.111237699334708,34.79527236542929,9.928321316819753,12.47144981198981,49.5107607182486,Low
6.309331965108305,18.186902179440917,6.894970584398142,30.99263122325962,9.685898741563552,69.90134190581608,High
38.17872002200601,2.9938337370534827,44.87528842321176,5.001979355227853,26.89418334151725,46.261026959874094,Low
39.562575087962095,1.133035047274642,29.800584228408614,6.46046944096596,29.521411720638085,54.24316355007429,Low
9.719001439120293,21.209679616080688,7.627840711635583,25.18614380497082,2.5581820048234656,77.42775240382652,High
24.35969266000378,14.409798382427205,15.098608338216065,16.391553456502898,11.61804350682417,42.177222547434916,Moderate
25.593491918482794,13.57909786519377,24.4994260688754,19.2036031391386,7.693181613592844,64.58786643940408,Moderate
18.30328257477015,18.191366741421465,7.405038649813168,21.07266609571554,5.9074619419977905,30.39749206732911,High
42.33085409420114,4.878343185440125,43.39801015934872,5.078974160033809,20.095086471310836,53.216465971645,Low
48.6039779340461,2.0322309108608727,42.37382798357619,2.989261500983332,12.700762733610949,45.090056642644754,Low
9.760634565998101,19.047212263445488,10.93793942921077,30.931669089338712,8.075834417437767,28.479287993666997,High
23.633234835737515,10.618640440935692,20.455917692847034,13.53361571540924,6.040792708747582,61.93634840727648,Moderate
13.241331992723733,21.523261694994595,12.575287750271029,29.799080292309988,6.577754014041666,73.87018073563603,High
59.09636480122917,9.640288471655138,49.78831939568467,8.238963816246642,15.638737686835169,53.53013558987925,Low
19.65289471719432,18.305602104352737,8.729800829396023,23.281988166292763,8.048985359578902,65.14238293303998,High
25.958836376690098,12.351619127729897,24.89541757120082,14.661958052370421,14.33161479938216,40.572190449300436,Moderate
7.696147273793722,21.15121636603839,5.570721336070534,24.133277629339663,9.846023603234542,25.83000419827401,High
57.767055387203285,1.616714362369619,48.88620478595169,4.263182939907013,25.357218462517107,48.72400666035356,Low
12.249448688671656,24.477206676150928,6.772546773772935,28.004097020130104,9.976951977582726,20.466020132244687,High
16.990779874327945,16.72108062488239,10.422910477471826,33.624357566226976,2.638866363146115,73.21676906072581,High
38.7944319078304,5.390945527360087,28.679081277373633,8.067078077450615,16.441611506325316,45.66168721725181,Low
13.739638198792793,19.065496165717423,7.22011050708838,30.584988902118734,6.002896315000427,77.79131849826938,High
21.42828279216766,11.684296910880434,24.630430223942145,19.504271496301374,8.240814591690073,39.257616149303054,Moderate
16.71002574958377,22.949752992104514,11.26286534504272,31.601513241508357,6.13243556813258,32.06145263350291,High
15.339653071340646,20.722726352855823,11.075484750540642,26.89064685265809,2.4292022540300326,75.55411115691733,High
32.11706242201289,7.239730554660938,38.52784562197112,9.207708496360754,13.946279411521198,49.355050274532594,Low
41.55293185805776,9.096268194365924,26.55091909071954,1.7397739952180358,29.5701193386538,47.52911805556287,Low
49.79952138102537,9.383048184484826,40.80990641163771,8.026974053360217,12.985360253384945,49.94794354941873,Low
25.122827298861168,12.6488423376524,21.07637994684132,15.394094612799865,10.532864159809424,37.586402366373214,Moderate
57.960843165300524,2.4995694639762123,48.38486224169497,7.712248152904037,23.522835772029143,50.83833272625422,Low
23.563745162932456,13.150932195605993,19.34295982117202,13.150734616138323,13.901633061387603,41.81514535442338,Moderate
9.054924046480759,21.652937381905463,5.479518528938226,33.83220345275991,8.448642587400775,66.03548174760907,High
41.792931740002814,5.983574842977588,41.02413820246895,9.859341686249177,12.516046726921026,52.90407475882988,Low
27.741567924971662,10.064883353251195,15.437256954277977,19.959740585146502,12.750979636376597,44.15076765278806,Moderate
10.124505843097545,20.3251047445579,7.024120616323586,28.38038696379948,7.7422351784258305,23.582373581913036,High
36.0045073273443,0.6656472791422285,28.36083568423875,9.78265463529474,28.04491246192463,45.11199305255704,Low
8.189096409143012,21.180183384861813,11.088517370974106,24.26061150598969,3.4691476182812666,70.55041046095327,High
17.447047170943513,16.99360691577896,7.95262357770474,34.317493095961,5.507142477146736,71.80359371418123,High
27.20051599535107,13.003143327160156,17.192827477383275,15.185474310440128,7.596080707181935,43.35949110911568,Moderate
12.237745934658939,19.42764144205959,5.235482707136501,29.72323696818041,3.2202563934798896,76.92657414504187,High
25.588323175548176,11.774616354864456,21.36144808439232,17.624512959857547,14.329690744900827,35.01203613909018,Moderate
24.663122159459895,11.340164829759463,16.573754425734812,14.236219177212696,10.603034220812125,57.69833453291094,Moderate
36.074416804957124,4.840205725094041,40.57385110458454,9.9209218702882,17.829594606680317,52.56331786480159,Low
9.679153678822937,23.905594719219465,14.353609574287859,34.89674119867146,2.169117928390448,76.24035616269147,High
24.7530367466762,11.318922060284079,21.03008272422549,11.169602810403653,6.776829338058174,59.69014430552788,Moderate
25.25950864545606,13.965571883448458,23.230011748913448,10.579924185699548,12.981524073104485,43.862957447514,Moderate
22.231149585386667,13.207849928329463,19.019961373785563,13.252762092417024,8.848299748955526,59.22005250845723,Moderate
54.67801681978975,2.0699257843842678,39.146264007831164,9.517024063905371,11.41832382877139,48.165963484126465,Low
29.06107599861874,10.00428645344108,16.333883893171166,12.038839219368267,10.418748974571013,58.45972487807026,Moderate
53.16955175206918,0.6600984414024158,44.96639450891591,4.42066213118075,11.913802321160023,46.592830373494586,Low
10.595426254905203,19.651353018555675,12.75275720120894,25.637645168791437,7.369680504562501,33.83376905502822,High
11.744293826432564,19.124390137160496,10.176142907579415,29.686994066411764,9.185386432690326,79.49312499416355,High
43.55303036211687,8.622029736581888,49.36098276596188,0.3769739042267062,26.4944632815384,52.543759555249096,Low
42.83319401207587,8.660956336116914,37.950260784402445,1.8262513025310112,24.815597343213447,50.31109422544156,Low
19.935276337895584,18.465472564358446,5.69691224470533,28.468305224899215,4.692247536925466,25.873424051118718,High
25.305061000895428,14.390954220379967,18.57030542984578,19.345872814168395,10.903165364989821,59.073349205032606,Moderate
56.15350699776605,7.665150495325847,35.12421468440471,4.82356208582753,22.32448503213906,47.31901121768915,Low
9.673934021703843,20.658450528625696,13.056834806518502,27.814175899124653,4.032107712807377,79.10177615083633,High
20.034461437768698,10.29454330532833,18.44940104421742,19.304437416801978,7.685261356860779,44.822645613556965,Moderate
24.683054873786343,13.748837791671233,18.570353426088886,15.54002081685596,7.935452928949668,59.468342305199286,Moderate
20.84920339023214,12.083765561462695,23.815172573136294,15.791405007134394,8.999513348754986,55.664907951747665,Moderate
26.50156220738494,13.310047823070233,19.72748614388867,18.47237537455598,6.339426628033515,59.206822370409284,Moderate
26.972743463759475,12.612578134080255,23.435055387927836,12.573687298782335,7.4449671405906415,37.906503293653685,Moderate
8.822915171037867,15.059410718746697,8.550833701689497,24.550688849001386,7.7869147798190825,22.952035188410246,High
21.56164958987569,10.397347516758028,23.643312947662096,13.858202888740259,10.512107091366065,44.458444090627154,Moderate
21.64772801911886,10.332043219346472,22.735653751951652,11.678814283769029,6.933072787839436,56.291364040663346,Moderate
20.017631819519053,10.225791701777482,16.376155810480803,15.363528105904402,8.560127271489966,64.53572223835158,Moderate
27.9331817133445,13.886447414306367,18.212521762633532,17.95597284057737,7.424487892909399,39.26966199281219,Moderate
27.05021259496859,13.90926769745122,19.08421523613734,19.691471809582453,6.178827844151522,63.66873582799179,Moderate
17.194011873502397,16.8803731129111,10.733669894901272,20.6506779361259,8.18400948849165,28.299323025774207,High
21.122796058390744,13.213462892276091,15.392014990825274,10.668685771893543,11.515484273479355,43.249469294605575,Moderate
5.821259092663097,22.94894240450086,11.669782647765901,27.67059367706286,9.915887598089345,74.81201112460006,High
16.179159053459365,21.51115949283202,11.197113400129075,20.714152063355872,9.646230129430847,70.77742077348351,High
50.34048457677191,5.84448909757426,39.54303818683692,7.746729371817983,29.23280984630608,47.161885738704754,Low
13.453048043473595,19.117709286401634,13.295873126108672,27.054854435055802,3.5442582379693164,69.80327602423321,High
59.532065421106566,0.7845581631712395,49.038768303439156,4.271124464193341,13.4264908890875,47.08888892714843,Low
32.45277095846616,7.409040561520714,27.725340391023217,0.36340748316242455,12.12184099895904,48.482746153631915,Low
24.983714454509194,12.22450024910269,20.65449235234484,16.278717809361055,9.11496718469527,55.9349236158399,Moderate
12.382514729742336,16.119158162169217,12.15295395948038,29.588302089720067,9.718569438320488,78.43139875502943,High
21.671971294681363,10.330032165649662,23.789551112920236,12.924834431049263,6.453869288808862,56.22053767081316,Moderate
22.686179570937995,12.013762792453445,17.229859647405373,18.467579305873446,13.003373878157293,59.375977437537934,Moderate
11.141692467673606,24.69003262174293,6.70881469238286,24.655082217293184,6.723105673140339,33.13010430554302,High
9.756128005913311,17.888639904436104,11.326648070010421,33.58931375017582,2.9571401963124453,20.842705395771667,High
28.72432357535145,11.659957817118542,17.093958257449913,12.473381570513945,14.338186290544822,61.790690989769686,Moderate
11.623163954534862,17.387415434923426,8.437221845859217,34.49090866185803,5.714229252311786,33.18282278749405,High
16.27356150430966,20.607503455874625,14.49393169261533,21.46049061162325,4.860019201315664,71.27810042600106,High
34.87850818034674,1.0926421030962141,32.140649714056075,8.07625869562975,24.666558174337247,49.317328238428495,Low
52.94649784626385,0.6239406859827723,36.59963543600952,9.304486005450311,13.206180790311377,48.35223180213572,Low
36.255315430720074,8.391803949802986,42.58193069331129,6.428020501620825,10.950355144142208,50.74270380257087,Low
56.01216955740311,4.876670686212644,28.785807859249083,0.6562608817781757,11.392917354965313,54.792618656086425,Low
22.885662792200264,12.206620854925472,21.14448942316119,10.957312072859432,8.315055984252535,38.7504069824021,Moderate
7.610637186157023,21.201374241118955,5.947265880136272,21.139250528715237,7.950896357744089,34.3588933425355,High
8.863735364792449,20.25847205573113,10.1191011591042,27.23670376843122,6.079275422739526,78.95204119267939,High
40.99384604614194,5.928401805081101,49.684211807805,6.786600938268971,22.475067687384655,49.02732369866966,Low
6.272709949081134,23.159241686392427,10.982591739818801,24.664881457106148,3.4373644479417607,68.31658414307103,High
31.554706104672807,9.760138232792135,26.834101686490065,7.453977391415395,26.567562912032926,49.43075932933449,Low
20.16080086405906,14.876505899499762,23.19844351725734,19.33165574971509,13.045078776832268,36.599408023669284,Moderate
28.77280231351367,10.425141081776747,21.473775955594917,19.40578353940263,11.079043165963325,64.73935574104428,Moderate
42.31148769106889,8.57179256998753,49.132568090759996,4.930301251588023,13.970857177364033,47.61200171273913,Low
14.95523419608827,17.507288792443248,11.478125584337983,27.67526830359938,4.914021851176036,67.43863575965375,High
15.855906043258626,23.905264830648065,10.139987176239647,23.929419167229128,2.0889703455013056,72.3894542591325,High
19.133148141830898,15.861285588570759,6.996347740940164,25.4864146628816,7.631581412982105,32.16799916846978,High
13.964658135261732,24.19973767285069,10.110615435671207,31.73442146863693,6.6593893154409605,75.25874165046194,High
14.37977706224078,18.925334440582066,8.81274799286225,27.291411009001227,5.410214685580463,79.46136096958544,High
24.50856682617609,13.594864696532222,18.379905000777693,11.421544186553172,10.704855543571835,44.20886157830195,Moderate
35.26113835870349,7.143266357349976,35.04690678091849,4.467721588396069,10.106483811421285,47.23412544929625,Low
24.484162079690552,12.461975627402596,15.039618342709002,14.755528420023806,14.485263292443564,37.52679627739349,Moderate
20.36788916718831,13.17143457310524,22.493275136824558,16.985914185865234,12.514625356278136,58.47028025325636,Moderate
22.528673003281405,11.103455164195276,22.983441605448302,19.4722780146099,12.802275640665748,42.43736814952446,Moderate
23.418354587610025,12.401987940937651,22.886177493071052,12.627527078124132,13.17849453603352,59.635522233026855,Moderate
28.63067996253491,10.763661972268546,24.145090427186567,12.289262912441771,13.868930931195562,55.04281757836104,Moderate
12.41557692798289,22.982428066060898,14.202892090123392,29.50956208169303,3.494864124827326,28.895861396058848,High
28.459888773872315,11.623016017229657,20.03062183252985,12.311153048481117,11.083875778100332,38.75497241321621,Moderate
58.34196066874231,7.011395944174737,29.873956787465765,6.481021272610715,16.587070484999096,52.18441474735541,Low
29.728128614702147,10.573190714983788,20.643784608887632,19.92701162290512,11.485903796629483,62.96580940015147,Moderate
26.17638050543545,10.995511451990867,20.928632094935182,12.261632504603552,6.827387514576374,60.38252746344766,Moderate
7.581411849850709,17.787355596245536,13.859223643900975,28.753790182514734,4.2033730259325175,30.972488660093198,High
39.48468314930251,7.643533864364274,29.806447961702297,1.9623428168785562,28.487086923876006,52.04085668642335,Low
22.671845171706856,12.163899361294511,19.297412041232747,10.040246115968891,13.362550093714026,35.23502422818324,Moderate
49.10009046501622,5.768573811327002,31.74075021917957,3.419344935747266,11.784131176339276,53.70105458344104,Low
8.097808484080971,22.38496897114809,7.846546986550732,30.967056866009294,4.408097674695652,74.44720155740266,High
51.79385145339015,6.298206544347077,45.02045249649376,3.166024348274129,13.680820696428935,50.603798601367686,Low
18.82548850145927,17.490905553014247,11.114980619902031,25.22164386747386,4.839719967277067,72.06725059429156,High
15.143588346363108,23.32992275335762,14.97206330747858,29.914037845898914,5.173273810364391,25.915252593663975,High
38.79632315094194,3.8420671298580023,35.38607501480224,3.855525014916693,25.508190291849893,51.97797033062524,Low
36.62308838366281,1.1755130015021997,40.20528441916117,6.116556756460141,16.58833314748886,47.48743266291182,Low
10.676736519520722,22.583857944440098,7.158726472806151,26.46643131991162,3.597436410698996,20.136957799847917,High
5.624605273040328,15.452564319870385,13.362445878560429,31.789032266156255,6.170317584834235,71.40386812840279,High
40.517626764197914,4.028732826326371,30.777021321862406,1.5484139464745494,19.705614342203965,45.465799420865416,Low
59.079076068572974,1.248208139668483,39.84451579858631,5.281777214230171,23.07312952811241,49.87249560345451,Low
12.798742207185937,23.94276546244234,13.931111232274981,25.212558248423722,4.396496944722715,23.717751708139023,High
44.91745517677156,7.102427986233115,27.360472441512023,1.0840037271662273,22.897120868594534,54.246228178425284,Low
34.90871463575007,1.7925325573928075,33.15551267452329,2.672098954860741,11.28638446387167,51.61130586825717,Low
14.7869597451195,19.346384932986638,9.218643419195281,24.52912455406181,9.084083500612493,69.19457140589506,High
35.593147864327634,1.018931008729368,31.56020941223255,0.4366092871300853,11.724983426079298,53.26269149862581,Low
26.657686438120415,10.444257425357154,16.142456307919776,18.57403680011191,8.831158644968326,58.46495063176825,Moderate
43.823363040981775,5.111291392372298,47.42488223411028,1.1674790276879554,18.160401825701623,47.077492730121904,Low
22.68146730965776,13.437076665094265,24.82189903415557,14.796272372174226,6.2305019316625785,38.946049516612405,Moderate
23.22832389436469,13.410700864456508,24.012035745643544,14.22004805848588,9.435091017801145,40.17648089017605,Moderate
32.332039108949544,8.655771456245523,28.329553141688084,0.2583897222001119,21.112343093648057,50.90116422344471,Low
22.817164753332108,13.785804152274206,17.102547692942593,16.731179631523005,13.979952785116863,60.52940748189252,Moderate
5.056619447331846,16.10673827622734,13.812980666715099,22.845856799046935,4.63958593120771,22.45303542399685,High
14.013574789967223,18.459312709001857,13.436858412602604,27.487660833195985,3.855683289251174,65.99672415291923,High
21.823133235936396,13.470717074798243,22.681738266838394,19.180115609654422,12.936951838373803,56.094304048359795,Moderate
35.43699198496981,7.83198413298626,26.368317673124647,0.7552708602588687,25.073322758191626,47.31088922134568,Low
48.40234167632123,4.081516908666981,44.21867828406282,6.539942214202483,17.98080904096608,54.04929516981815,Low
44.226426499723914,3.739210470128136,38.18969933180414,4.933415880523805,17.639160380905377,50.664666059796346,Low
42.65162780620366,3.827987644363878,49.43641407959606,9.457747170084609,13.253044363798011,54.220926535723315,Low
24.523511023484254,12.022959165229414,22.41300428276626,13.665117555589056,13.054164506276646,55.70534295237322,Moderate
21.09881969735201,11.137810151599329,19.139095234360195,14.300235873450099,6.000783137114803,55.171729906623696,Moderate
25.066771771070975,11.381326895657125,20.459930265337682,10.917854309818734,13.501152657563482,55.26770585703128,Moderate
14.185987786377728,16.870894261972413,5.384796587768076,29.82392759904225,5.230463047545387,30.207070833852914,High
15.062155764890655,24.509400907086178,9.095472114169386,21.675329666688327,8.790511315664322,75.01239721660214,High
22.310964782433118,12.55096129456803,17.240825915780032,16.87542260552291,13.844646536191675,58.281034758418215,Moderate
25.51810175706954,11.066101745350004,22.89341895391805,10.581385999660348,5.652872912139103,43.931387183794335,Moderate
20.976610768100805,11.681700614395682,19.01255534979009,15.998265693563106,12.95510459945439,37.91823187573967,Moderate
16.1487786066889,20.430131047690676,14.048651515770578,22.371433056778322,3.9058359470207336,65.28757336346023,High
55.66381752033021,4.562365089555421,39.986528491467915,1.6823657910849188,28.819315756855875,47.500567585101535,Low
7.590635386186998,20.186824529654338,14.517843826351513,26.865323105749432,2.2753767993091305,31.077249544997642,High
47.156168136815594,0.11302536589022472,37.09693161410648,5.983060756960188,19.83581265247336,50.481200649818184,Low
20.792265378809198,14.407676490058408,16.02470266325584,10.844641648528745,12.948520460835502,40.9623107984235,Moderate
37.10611676923446,8.223812111853544,49.941806581616476,6.637916239414441,11.44543418022703,47.536968299958104,Low
41.03278052631869,7.53868082709913,25.975160519070453,6.652728362369108,16.23555293610044,52.14054330655458,Low
19.845916756311375,20.370853258541466,10.091892223731389,22.11344554864966,5.0919938026045655,66.66404783773517,High
22.171645159564424,11.955211460947346,18.498032880468827,11.950269850218762,12.09121607838861,36.94053880245605,Moderate
23.49873090700154,13.222894479404346,19.918350050199383,11.475343390595633,9.698727236363407,55.54953453868627,Moderate
21.789285115608358,13.331174520028938,19.525073364592814,13.936939533975087,8.53331436485887,57.72247536370471,Moderate
47.234193395397355,3.980052929545028,30.490873214864227,5.96063931100595,27.314544742135872,51.937579203490756,Low
47.0966905461395,9.579341210567705,49.80339098696457,9.05756790636448,26.082184921222634,51.30779733104932,Low
43.9679405439738,9.715326909010507,46.797826532012635,8.677231528050925,18.825486735001373,49.27869514852991,Low
39.68869418823738,6.170665161178013,40.752328171541585,3.6734051527727996,16.754959934696945,47.356871143307096,Low
11.630455081582552,18.125858127342298,10.034017665501512,23.964289378663207,4.586194522228681,28.697285990452336,High
5.3862990083070965,23.465794786489088,5.460707097374242,31.837280805104637,6.653841976786112,24.675618679438223,High
9.427150610685954,22.01980852264392,5.134449544615497,28.57517923038914,8.444972146016731,22.921770255492888,High
39.18760862359835,1.5047227100599747,45.53678131940477,5.274564637217321,12.767571250838367,52.10145037596504,Low
12.637535143661008,21.773291332995683,14.219106519518643,24.52925264621895,3.4236591485980323,29.308306184437086,High
17.05759603700738,20.29045205441063,10.67586384886325,21.854831100469987,3.8749135034849935,73.95691300735163,High
52.153476277539795,7.791025863957868,32.8208549381055,0.38363861355701134,23.797920066267217,47.154819827855746,Low
35.961470446025174,5.193858595039373,41.91209373801511,3.050996868195266,18.2969370060319,53.073709397924894,Low
50.02649697874411,5.74287575090211,42.41722469682992,9.198709341305428,22.41665265548386,45.03929321422218,Low
47.86916221823533,5.179605277125789,36.450715414596715,2.3207857786616506,15.789957302394393,47.87212571127362,Low
24.939872654301404,12.043298987275904,17.13556741495682,10.514106069865361,11.31544771395544,41.56656956622845,Moderate
50.922608017405196,2.85758324592706,41.67318618646702,5.506905446947946,15.451154976308011,52.02782877165975,Low
42.764800033442256,7.16397111958099,38.438503591008654,2.677743146041175,29.96842467847548,54.51603562499788,Low
11.8627060450714,24.896318128456954,14.901702077343492,27.128363414893958,8.642916667093846,32.836342893685405,High
21.932044848818514,14.525498106338214,22.146489034571513,14.628028781590837,9.796411289748736,62.38652650588142,Moderate
54.497983184147316,5.444823328002629,33.72079768646575,0.03830290500322575,11.599649655935096,49.86409098991086,Low
5.601793691168683,15.004821404784517,8.471080853623794,25.352522818744816,7.123883308558468,65.38504631698252,High
26.88730357606324,14.599383638376205,24.43011852493166,15.689858479644604,12.293214074838936,38.316902516733855,Moderate
14.035632602421408,24.05572029446741,6.501567297831331,23.057719714596814,9.87277730682667,70.96589623259132,High
15.388099699338104,24.006203842656426,9.549909789827346,20.71336849827076,5.242164349121317,67.65213464944777,High
41.05579031171283,2.342033709263341,25.183826113860675,4.734349335940488,17.343476288625844,50.10215934078404,Low
22.919669606508684,14.537355134192524,18.638684606223187,17.50231998724297,13.90968635897655,39.550110323069575,Moderate
18.96483910885967,18.970472998603945,6.625574398456523,34.2042771276138,7.766477300594268,23.257125324392824,High
17.543121458679604,23.79257539161727,9.951498536605241,29.46774283367504,3.1241405744513155,74.7662685746186,High
25.40709954916197,14.17612102169643,17.477718289021684,11.546125146634969,5.753002067995641,56.71970401843543,Moderate
19.006043580013277,15.125644615243806,6.363407311833834,30.371793310031954,5.509613896275331,32.02803039806988,High
44.89098741603709,7.0369977962905095,25.023585381690776,7.71243074033178,22.875412162024894,49.57924579860898,Low
10.420979730600092,23.287947463711234,10.62661591010292,32.15975405395236,3.4953594820664478,72.61300410380571,High
19.528323636277953,17.24297974116205,6.218246059104974,22.96273309929952,8.691907572002599,34.69535155086557,High
20.918333078551605,13.653674512028433,22.727564386560676,12.126920607701297,6.86681544817131,56.87145031462226,Moderate
28.895906413668648,12.87266700277396,19.636021795633436,16.149443616579045,7.8141386145689085,63.854387643623056,Moderate
6.796165037167881,16.148211186073482,14.781338094321887,24.951567700276556,8.38706710741025,21.29698962649481,High
41.955142031921206,9.417257116189251,39.70001158574071,4.177085669729759,29.36145005819357,54.05078127794481,Low
14.605704242211441,24.991754124782805,12.01066754624879,24.663630540920757,6.839084272628406,67.29556385612813,High
38.041909224686286,0.01473822086311416,38.84983138757828,9.778536935017817,25.538927767850424,51.513198972262394,Low
24.832377652930145,11.094530812956583,18.991393086282702,15.280643656085743,11.879795776455575,55.638757838618886,Moderate
45.602040635334326,7.078350972297686,39.1057954171134,5.061398526946443,10.623498182238425,45.0094304252749,Low
5.858630994598938,18.514602127531095,6.027280201444913,21.783539906282314,8.422373240306564,66.81174019460028,High
18.954797251757928,15.099621897353234,14.368292772448436,30.104571697581303,8.001035255345474,73.94731758872226,High
41.11926441200673,8.336499619375855,34.98331450498056,0.3248659669016496,18.32434062064629,54.72856604710343,Low
20.88378245960904,14.05192396975317,18.697478730626393,18.41374966135996,6.115234646828712,43.174809350901405,Moderate
26.342974105203304,10.724960210013526,18.54884202926858,14.177381764437627,8.825330694395612,36.37059683536581,Moderate
21.33004020987658,13.877388715029724,17.698971895557783,14.261114363601356,8.75158664584364,39.88561160584842,Moderate
11.350251002881896,17.58698509922214,9.836712589989904,23.5910856096401,5.570399699078227,21.35574864205176,High
36.12106903886696,4.284579038487955,29.807894319608764,4.415340103788969,24.378138892095805,49.99211503533267,Low
24.052567805721075,11.054582780703399,19.238455245005767,11.07527043784258,6.078662743165908,42.650634313655644,Moderate
58.52590686751231,5.149333499132594,32.498234936826655,9.460756180688314,11.860607494817915,45.656279953357405,Low
28.53654479449311,14.368446816950417,15.591560955372794,15.940706543516935,9.528278047014254,64.51032924748606,Moderate
29.35671863081726,13.403492980402884,18.123973747187193,15.353971010240901,14.55064397253907,57.11520517744228,Moderate
40.521354463551305,9.685373316998922,41.457685987651544,1.1974678850053189,29.011879318622487,48.46363503108494,Low
45.065850309937275,5.640740288335177,44.0878960917053,5.990110442135675,18.78058487960896,54.37827206992383,Low
22.00049233146375,12.4974835273402,20.858841300521092,10.199926862171921,8.94169950528223,39.6699941953322,Moderate
9.672950617309741,24.36765418719215,9.721640687462827,28.419342357048674,6.310603221248402,23.659805105108692,High
27.150318415582863,11.632827274794241,17.66638653042412,16.116720776304206,13.522826992627463,61.751438544438486,Moderate
20.121157055996484,12.481485458201409,23.45133525520495,13.716338125727479,5.126011011137708,38.518268970868114,Moderate
18.409433382431022,23.364290545484792,11.960563292662435,20.087498044787736,2.5855616905469603,69.33058673356183,High
13.31194111890435,21.100690361975076,9.970504077459692,20.443766874702465,9.959152975165214,70.96041346677711,High
49.761233265026284,1.40324518193515,35.989073544322466,1.8913869632674007,16.75421549448449,53.36924329909292,Low
20.82731807321005,12.727671382913076,23.55817856373974,13.161089815021413,10.780832503647575,44.54889710009258,Moderate
13.5814387741572,21.34052457179731,14.85512514861869,27.780601578210995,7.547249102172281,71.12373217474861,High
36.87754185697924,0.4389994264300512,25.014948470869882,7.36794568710197,29.473842697003974,48.009577155586726,Low
18.991832344187728,15.198230433994622,12.431636720944795,27.711065658090774,9.116170306269716,20.26224931112814,High
56.32018060142943,3.039464012407238,32.88098586623627,9.701168864184321,29.916047355598373,48.75959909640664,Low
20.97994742029713,14.899041996190915,17.959446652383303,18.434897555940104,13.591689531131536,43.8198759076613,Moderate
13.83524885667782,18.432409671424757,7.698979027865671,21.28499819561504,5.100780363742838,73.25160095103746,High
48.62746553302431,3.267425420300408,48.235087096228845,1.7641191042788618,26.195770573762093,51.216295780432134,Low
26.4720913449491,10.038304334452196,15.557252208733164,18.93370522140586,5.004490281318508,64.95991050946105,Moderate
40.76491452370507,9.427243190941123,35.763395522825924,1.6098443168737475,17.71718893672218,48.64202222649516,Low
49.69435821994508,3.0328589084928295,39.88537004050271,4.55660821553092,10.298999422084778,46.00064671566533,Low
25.26986218326428,14.385234623038748,17.90097446761473,19.142672445722962,7.32904557215516,59.6873352682146,Moderate
21.17646227814235,12.819536104030007,24.21799229013333,19.256734939291974,7.890340642234972,63.39859572674042,Moderate
57.034740314729675,9.809873781626852,43.55678480630717,4.913304319121309,25.3152664209508,53.48752700565235,Low
52.30524768874823,5.026312426301304,36.71392486477836,6.993129211553038,17.371249380554275,52.618052549549525,Low
42.72666027740929,5.577088262500439,45.815294333153275,4.303431736890725,23.896414597434415,53.349695494811854,Low
25.012107513746916,10.760853580565648,16.294630965953196,11.356209595045957,6.382107053613481,38.29712175414203,Moderate
6.741909715489534,20.80790560744461,13.056099784958198,28.030784457059344,7.491904546049205,34.7628066993492,High
48.226345557043146,1.9809763275974013,41.78177063072832,6.231378537478253,17.069549502567575,45.05339141969689,Low
58.41850018835446,9.94819293965951,33.25389875789011,5.505453006199955,23.363613239158102,48.4443828842851,Low
18.212310039445253,16.800750122966114,13.577991842740783,26.595093078171743,2.662503708760635,31.46638187917032,High
47.633080825865946,7.87371958149273,47.4383081630521,0.30970603422510123,21.309127321482165,49.530147503801885,Low
34.61687719019565,6.132916848873791,49.156857443704645,4.159136542975094,24.348071108104207,51.557773017841804,Low
30.942875570602027,9.150900684070432,40.78438315120627,3.5252924130051735,26.324557037256003,54.72095993212311,Low
28.22716213815883,10.722804268110986,19.16786991567956,11.21541069324194,8.292638764862133,60.825516963846,Moderate
23.732549590164755,12.220576847584873,18.595895739199293,15.76166674126867,12.688619553590362,37.61975564278517,Moderate
23.955821119160966,14.44378359269513,16.36974500971065,12.89646010380725,13.94368232959732,42.748277666546215,Moderate
11.285746249670765,19.191785513970224,5.8481764353482015,25.26195347675946,3.106294349491227,20.28990721628061,High
43.7834030521796,5.466956820721301,40.829466872394306,5.038887967912736,25.32051799038593,45.083497375137696,Low
42.378655225458715,8.05430043045979,39.64520985538111,4.109606080359033,18.678704992627473,53.42249585199234,Low
21.018373415997996,13.0677545516788,15.16706091911566,10.416307187145012,12.258713861149484,44.59843426738519,Moderate
9.007335727666401,23.412702487459068,13.70839543940974,32.09428961662715,3.9508724983528323,68.03822866487239,High
43.59866504244083,2.8247874397702666,45.20670528040696,9.09005588835703,26.3420426600523,48.39528919130693,Low
44.37545632889193,8.026403123529297,26.279137661136897,8.328935948872294,24.72034736730672,53.84496534793863,Low
47.49124682909077,4.165658284822921,32.691977236948716,6.433697250697605,25.108745450311623,51.56239893248359,Low
19.30030389325433,15.173656082306422,11.633002388256646,24.796616946876405,2.5850645493483784,30.597249035794846,High
32.30939729486379,9.83521472715222,39.422030032780214,9.437663822120143,25.408235741372877,46.67621563840584,Low
16.26318552966939,19.32123242169773,10.858796787260944,21.296561539129414,4.052182237793479,30.074655645240604,High
10.450046467812744,19.66488440323242,9.740365084860795,29.646355391735874,4.541283724290962,21.83638866774889,High
8.645477184863234,24.107919796049416,10.033840502190543,27.573851252204754,4.158791077507012,76.82948330096286,High
17.639963694439196,20.9466552561312,6.08781991871846,29.226218004695312,6.0877849973163025,76.80494178149944,High
47.646068008451714,6.035288065011209,44.42053418100703,8.533464976087238,18.900373674507104,45.04127154674604,Low
22.08080156909734,12.03410666046344,22.15370539667571,17.29207589229813,8.299218210435448,40.42701247256645,Moderate
29.79029359425139,13.776940386527624,19.637148457639455,12.715099267378886,7.28324662920476,59.531363314785,Moderate
8.804537654618795,23.778401809234374,13.432990575912658,25.041955346102846,7.996593624778005,25.072996538546057,High
16.735435349099784,24.66926585833162,12.453238208951833,26.79502521530914,6.080796577409764,30.913121212336204,High
28.226562836884256,10.463718975620647,16.396126603529666,11.573581752545351,13.379874766075357,44.09360326724968,Moderate
11.682724231238257,22.163259543256835,11.238473413949016,33.210927167734496,2.8356301703189812,74.93385867746963,High
24.475002725236546,12.527104632631971,17.39143022501487,12.733172230141006,12.931752066842167,56.73639312625412,Moderate
18.741006178592954,23.362977734061264,13.249966113611123,22.482452056185306,8.754968961576768,69.82461251972597,High
8.621398312361297,19.030160009745227,6.865413774160204,27.86044408960771,5.414525245401423,34.20553541219319,High
13.137693485582226,17.129622579306137,10.781531660903076,21.595639151335,7.849264321585452,72.24837449497558,High
24.95977466692741,14.518155301885526,23.827241442744587,16.622500713806502,10.184356814637994,61.58834700358838,Moderate
36.92009435153276,1.8854060574925113,26.1287841103073,3.5672316930890635,20.264399516556374,49.70544684951223,Low
58.6695449468926,2.475597702798864,48.116044778215915,1.2248141685029723,19.356983665840858,47.04801524939167,Low
21.05906336174778,12.584351758258801,19.383556535203162,18.42244042083875,5.241116749289992,61.28860585344502,Moderate
26.574733351916258,13.672600789237165,20.694420190212433,10.086792415958751,5.340493815535625,63.793234248697196,Moderate
33.39714137522266,7.18331175372004,46.49113363381517,3.164687840614986,12.4582236508449,50.95926812116734,Low
13.122561237241142,21.397577124394452,14.63112739400902,27.584683865322507,6.805938026659609,78.87566406804531,High
24.97257237271609,10.602625011131618,15.648529854948006,17.657467600343093,9.712247512082588,62.692312035414375,Moderate
16.474842990022974,16.500752597937918,13.578093898080157,27.877947198288922,7.588663983672564,68.26961446160144,High
6.142300782939881,21.892768043966562,9.440942935430247,29.124854312680995,2.5059539314161405,28.79851257612519,High
13.294899084114912,23.705254403532592,7.681406540324641,24.920981414543814,8.693181545311312,31.990936135022544,High
15.20445881247301,15.54142661449083,11.018418061891662,32.54516247682601,6.158466865756865,20.12579722760656,High
17.29703101263501,16.299016943368542,6.846323571604296,33.70348694408453,8.663965266445087,28.43478173897926,High
23.661229792220034,10.814861327396631,21.88173032026683,11.989406150463926,8.01262800975662,43.87291001777329,Moderate
17.42757725078375,17.63038019245051,5.465111482674663,23.279964715746296,8.932890058284563,26.16935164471973,High
22.102952267695066,14.447030585507823,16.10136028652049,13.698735386136779,11.33513128453593,55.37175288049646,Moderate
58.66004059511785,7.330001072226232,42.98470388937051,3.244382286350662,18.4275388242771,47.212215141822995,Low
28.529330617972214,10.322451819475214,16.214452669621366,16.374284763752694,8.487223488002854,38.65051277541805,Moderate
10.494884633892001,23.418106196221657,13.554983281082206,32.90339949637322,5.697187509295233,73.7025813625291,High
39.7402778067018,2.9994206977702262,43.43578603567805,6.24700669406608,14.291130426600045,51.34050508306719,Low
21.282551121204175,11.308907413460439,17.806964770804406,10.110924935244924,12.568488319542906,57.73383918113779,Moderate
5.996928540240914,18.27212309705827,5.849905174802289,32.45190219753478,3.398832061483323,79.45408599176932,High
58.787299329631,1.8463245734736922,40.76588237457701,2.6203500450687454,14.854299735971663,53.102058495033354,Low
24.25621562418815,13.621029113479745,23.47861289761902,17.411944277828646,10.308597753272043,37.730287956758595,Moderate
29.08593587916376,13.43840270589951,17.239487233672406,11.466141117831304,9.962763424704711,56.83947417847384,Moderate
47.351607510192274,6.447452485768186,36.946683872828395,9.90222534615074,17.5099724404144,52.969876547589855,Low
15.256923412085905,23.767015557252137,6.785025472720245,31.465768053584643,7.256363330833939,21.747883110489756,High
26.053856080126565,10.885288483912852,22.860432097339647,13.49976030978181,13.849177626043925,41.14043606972564,Moderate
43.56653822669421,0.2916976364526447,37.58362826515385,4.050010985875484,15.24225944033593,50.24257927903835,Low
16.657924676494957,21.40111160943693,12.33146467924249,20.108229708134584,7.428751096674069,32.09442742861238,High
55.25995658670185,4.032077561332522,25.499323314450702,1.3637110502945837,16.64147781647641,52.92217033155352,Low
51.18726681469489,5.414076073475852,49.812865504049284,1.2613765801615207,22.81420449454443,49.559461857686614,Low
52.4241281440127,6.870192665032428,37.514482935770786,6.928784276966522,27.246698328794633,50.25202200230797,Low
10.978717887885452,18.051142520043012,7.3863508411817165,30.66644117999676,5.049970903497659,67.46653674933353,High
29.07639293309544,10.685372213427364,17.78234622664142,17.297927321183238,5.045377134109856,62.905921286504125,Moderate
30.674079249603523,9.0194019674915,31.42656730473022,0.39557506562613143,21.886634678531916,47.14753665825083,Low
19.789302133143053,15.652084394118035,5.127885377355442,24.90307647659462,3.1092383360893914,32.21500080810454,High
5.325941041027788,16.48179042699293,12.597583808707213,31.234863166227562,7.744854150043335,27.197486040876964,High
14.512129941564872,16.832946448988668,11.95065606062055,27.893786101468667,9.817901794675493,26.633004217658574,High
25.645840583758897,10.62898496218973,18.29679573730125,17.505630985884714,12.916808768571322,43.76847774154112,Moderate
13.177761554326299,18.171959562356854,10.613140203288555,22.112418915309394,5.015139339833697,30.834825393182413,High
37.79410743192479,1.6046261427122643,25.860782714332863,7.497257467835433,11.521999779615486,51.93466905964027,Low
26.611132411443933,10.156898440084264,18.521160071317027,18.52224580078157,11.210943555869497,37.3259463696385,Moderate
22.910067943791645,11.395100887093227,17.329575268227728,12.233638808863365,11.51761339068101,35.02527549831909,Moderate
36.1926381528181,7.59005282521931,44.84837833629628,5.663228801665321,16.069064328992123,48.39493915059943,Low
16.749202149985013,24.57239165156699,10.047593048794585,28.569255292485607,2.103356277066343,26.96111029717727,High
25.495533732863976,10.616105060352323,24.816874344919867,11.777126783855072,12.338087139422406,44.73940583573257,Moderate
54.97327922401266,9.06437453344411,42.42909230344951,9.789473558546618,22.733858287158835,54.27810061647696,Low
56.32382587891141,0.1374555401134525,37.05043349442332,0.6582984336315378,29.719831443413188,50.288052181567664,Low
9.729080850648344,16.617381045684443,5.843705628682494,28.278419736578137,8.975787303045571,22.756380217117375,High
20.224469671617822,13.674765790583846,19.34011411310629,19.511818108497046,12.878827550354455,55.72272012255237,Moderate
16.013840656939003,18.430924812178,6.419681731977046,28.757634760207623,3.264056932828641,75.02659369952703,High
36.34344020989634,7.818238633449356,46.46266136378886,4.945970527637588,15.50893359581018,49.75197719456949,Low
20.737098186722438,12.98892154808792,23.075571414777905,18.87983853983112,8.713942424135439,35.752722410036036,Moderate
8.702487752337856,18.73968347897176,14.490437088648768,30.041686628438335,7.285394014762589,29.381153779985116,High
23.627551612011764,11.872754817016487,17.859606794754473,19.56381744833886,5.658280465500955,41.9823298981313,Moderate
17.98904676014637,20.555999247190837,5.246827333171833,20.18677537171715,2.916291639679881,69.18760763830217,High
6.901948972801012,19.737305754958992,5.293724636248055,24.731370564750563,4.4388092378578445,69.88345501666782,High
8.512858622335802,24.698252797478112,11.561011811911932,34.165759632416986,4.630890339540198,67.02133326772899,High
29.828385480194385,10.999520728624196,19.672508481440207,16.347569195598197,6.015008299777787,37.77764049477255,Moderate
23.80116858874564,13.83385272570666,21.84138788373057,12.265286452269994,9.814072132822972,59.93300216238959,Moderate
17.865638794148538,19.841499874581,12.053629577271158,29.78127576037567,9.288566309197595,75.52058169653994,High
25.1702586221881,12.690109815678376,20.90135756704552,19.058402921423042,10.791966134076993,40.00755274740986,Moderate
52.3631842255299,0.523550201874724,46.2274504989669,1.7833151242821632,21.677165346160308,50.691415704542685,Low
33.512010492828175,8.884036723086812,44.93785113241215,5.908045335179159,12.606478934046564,53.37729098622656,Low
23.06648321428618,13.494919803375172,15.436997241250184,13.188218961060588,14.43022115856759,56.810503604721475,Moderate
22.658784853850978,10.74318777831033,19.827678978809544,19.43174051158573,5.10122558540114,39.89560906227606,Moderate
26.191600246627043,14.586477983074428,16.74050330386563,15.489629092958968,9.98886635243127,43.043964469152016,Moderate
9.787507464960083,24.493760056944108,12.748627299053457,23.559680136521763,9.684051110721668,79.30768945107786,High
24.511460431137603,12.532846560286046,17.949032530964256,11.16506781822741,13.894604136173967,61.65077439998428,Moderate
25.232580481554812,11.556664358164635,16.636328926291903,16.607447186605732,9.099295604586072,37.71268586483177,Moderate
47.4176505083413,7.61007923495392,25.995285986143845,1.5939488477140218,28.40393972148548,51.508788374957774,Low
35.01101838276226,0.15394891691308477,26.548662964474698,6.185851490721154,29.598288655647607,50.60003989228918,Low
54.41910808518057,1.6279098920622936,29.17121445513944,9.336789061329352,13.723300714921404,46.27056265357675,Low
17.04388914385198,15.14716334007392,13.558167010420124,27.246057724200377,5.783291708920414,25.745163134316982,High
31.810562519716914,7.728095732903374,39.49573940119313,9.489162181887151,24.507792033236655,54.470875469755555,Low
46.66090652812893,6.204737850519706,31.4698102091131,2.152438205009537,23.913553264306778,53.339907620990964,Low
12.597440022087827,23.8290813182453,13.493431648003485,30.843851450861333,7.807124882115156,23.48799421077927,High
31.096490035442848,2.208527829630089,28.650525482424065,6.279587353429078,14.285436186205192,52.087285799049,Low
58.01625052583715,0.14381446072085025,33.01833955778928,7.141191409249159,20.349220187685823,50.30247526366243,Low
24.443112654667353,12.130180813697809,20.083088667560283,11.260063866336738,8.298196386789112,56.45232869076344,Moderate
26.97521888608075,12.577969026271763,20.775349249438467,13.649743347025685,14.155937530176795,58.61242794041011,Moderate
24.474114542869952,14.233862907954366,15.254323413619401,12.486959406670048,9.451492813978337,56.1227275832891,Moderate
37.01136245731299,9.271237818644494,36.22594400924904,3.3645035181751015,14.107363693799705,45.333932048658575,Low
15.206567678101463,24.80934156887934,7.206455609016281,21.829998434775316,6.621071783726676,72.40477741867076,High
37.27229197245241,4.640951594535039,38.01359593262146,8.032121232440932,10.241398706012358,46.930149854056985,Low
8.945940130125075,16.988464050793578,5.189371010933391,21.622689462605525,4.4822358354028395,22.186887718998435,High
22.56744087434558,11.7828652132203,20.713184357861273,10.805163526585332,10.166055630351995,58.086076816354364,Moderate
45.889517350680194,7.884473432532987,42.33555320140772,1.356266160073134,20.403204460487913,46.70560378006518,Low
46.2793390412273,3.3134700710305074,39.42454031044205,4.321162368019293,10.35915727500302,45.98657376732809,Low
28.319121741195065,12.871404821136565,15.016027689185067,11.878359622845705,9.666059119439424,36.95839241894234,Moderate
17.04110439568479,16.42152305349605,6.21673301617756,29.73260006667101,3.7731833775410415,28.6079260378038,High
10.643254667290346,23.823413861520166,6.959121717846902,34.82237910874677,8.963148352420754,30.1664729339411,High
20.301437947977416,13.942231303964991,16.686559593264853,13.903803901438524,13.003122407550036,42.211358535990435,Moderate
23.90729056209689,11.30446152598768,18.476766733145,12.167710123842717,14.276761591861373,38.9343548943686,Moderate
25.718099946076837,10.469136532879823,18.214495180423576,14.597725432582605,13.567594515799968,57.04821247075854,Moderate
26.00290442728463,11.715118863906952,17.95164745298703,12.663949166209697,8.761091291776692,39.910679496535785,Moderate
8.050782841752767,23.336917615752384,12.888987370037086,20.078893286467626,7.191430405219195,75.69417027735432,High
18.426991209410897,17.93625282317918,14.20244944499519,21.21101517871897,6.459453709831941,77.97104354917849,High
29.444847750934496,13.102071873567668,15.533297926968002,18.88209415288842,9.503114713231362,36.36174142361571,Moderate
24.568354303128906,10.497360749597508,18.598985097939227,10.143325192864285,12.858134691891381,40.932710929879924,Moderate
46.462013680997586,7.5396190359678394,27.637085686525893,4.965154222306048,13.480208960322484,54.7598311939245,Low
17.815273502007962,22.328515796555052,11.40342431476493,25.04454398563481,3.4444825912075316,68.30000226071219,High
15.173853236534526,22.387777059304135,12.217530658303847,28.105446665807772,8.284613038231694,34.44736285375912,High
25.723545120276246,10.790211598881868,23.800566733340837,19.936222149640322,6.422789086857889,57.535061889250144,Moderate
54.463842853645026,8.778300781520409,40.07875300307367,4.606727916549932,23.71752550172929,48.037209535911884,Low
19.67274337106404,24.052536390408918,9.762378833513903,27.767566091039974,7.23961220755562,23.59651130287449,High
27.89180652439315,11.121891669650928,18.865091483149065,15.084126995273452,10.062029972661081,43.301389022766536,Moderate
8.75895410294109,22.298976168166686,10.553296176035497,23.773015585870674,6.172904168327132,23.36658084868725,High
15.050713186480797,16.48232463084952,10.445074714020729,33.21419530457544,9.904715232860458,74.49706998984752,High
10.905197823969665,17.754466149279718,9.829905738094238,30.49984506871114,9.01141352091885,71.72351949825601,High
21.79539252199593,10.467926705353797,15.796369971133341,13.673094856086799,8.059191097402511,64.26500619044221,Moderate
23.73840085965452,11.325936198855889,24.659770015516557,15.295318839442054,13.380294123603257,58.49653380462237,Moderate
17.57752009315822,19.240178338159396,8.710575295773104,28.91390165624356,3.6431020854277945,66.97917543674367,High
27.054488677063368,10.35054819636421,16.3352897331214,13.347663418791274,11.759351638519703,56.132206499334494,Moderate
36.89863817673259,6.077526830956526,35.48336701048221,4.423937407481936,12.45166313014366,51.096935693740384,Low
17.141954784245517,24.130887714119,14.80553924645707,31.287921505664244,6.135205723283433,66.3546162284844,High
21.973414181912894,14.634551989392847,22.107984108007184,17.775295649772314,7.838647673148528,57.369278615111824,Moderate
5.771693151143424,17.30132744824948,8.284822051960747,33.1091421166181,5.256695976579916,21.290058466020934,High
18.281652914919235,24.112334525923412,5.597103127754794,24.85692857590882,2.3969088495500355,68.98220306809519,High
54.24361138693251,8.939897100078705,27.246921293404018,5.448246756734317,23.26725221912986,49.92116657085862,Low
6.606689201686894,17.30122621968144,7.977507694939582,34.6040193521964,9.076183373160339,25.53987528351973,High
12.979257082201102,19.40226507855622,7.401402586215013,29.054367820259245,8.398977329088817,23.49342025225731,High
8.23762853786082,22.659975440388063,13.140271113025715,30.16824516922437,3.645737448066037,22.203618351083104,High
29.874566169600776,11.079289503826061,24.174064583691884,11.098654778193701,10.360424499658258,36.140502977053984,Moderate
29.953487964272195,12.484998494637846,21.023625430073864,12.781739198753236,10.78321398642501,40.19452766517556,Moderate
24.17562619448016,12.181043821113116,24.408571368674032,18.406429447732126,14.15580549632989,58.4487378369321,Moderate
36.73846835531556,6.838664518353433,40.75046701547068,8.690990687247286,26.220307498641386,46.726574010975895,Low
55.19406856906852,0.28652427577654516,35.1615679488018,1.2897890792716526,19.68532396219451,48.0975856325862,Low
54.00212906097478,6.7743807122829445,37.309176217531224,8.016425898313672,26.237233996651682,46.239391942644396,Low
45.909063997474746,0.8468834187530683,34.03040147439529,8.567299465058975,25.83280144366126,47.90481605608944,Low
16.828688253789544,15.951855924186088,14.534622797312103,24.142053315111937,7.512116946895629,31.591840074090992,High
11.187884667780844,24.98803431698492,8.899201732046588,34.88279905368562,9.514118364083561,70.10567451258903,High
21.01335484132597,12.691101106805542,18.356854414799155,12.84484479207302,13.191251017427465,39.680654604262315,Moderate
21.945299749000533,13.813265446725552,16.578459378693996,17.091732531595895,11.71419150167677,61.10748494954309,Moderate
55.534100145505704,6.692002629380784,33.48263168273918,3.374770457129719,10.213402540123255,45.404878243283044,Low
45.09408775740263,6.360960464095422,44.61013683031993,0.07357829625414536,26.600653672561492,50.78329102704304,Low
25.53972054586127,12.110343190687065,24.116844357070274,19.639157905858298,10.64815781991971,64.91507688278502,Moderate
8.379550645445484,19.293117981374476,8.826317789030895,21.646202190649042,6.951168391135606,78.32602872256669,High
44.05981925982379,6.262343214210638,28.499684418044072,4.057144241809477,17.639600909258917,48.70320175450522,Low
11.92910293251424,18.23964581215852,13.426896714336685,30.64844143797535,5.9806117877765175,20.124399641567855,High
45.692935325104465,7.942106625494054,39.389835716002054,1.268728280630933,29.124423472872554,48.554366807245316,Low
47.78819804525109,1.9927033646680081,32.13014506701035,5.171179308569195,16.517802867872856,50.695118693444215,Low
50.89952471630677,9.811778367622946,28.06244654914973,0.9804453811093983,12.530906223927545,52.636470325232196,Low
14.514363595044845,23.429278937187373,8.557368437326703,20.8172630085342,7.2710554968792005,33.94640146606436,High
23.513928888445125,10.643807718379868,21.923409439126125,10.623255023840773,10.815158343218787,55.463532694342796,Moderate
26.73113302309954,11.996654164635936,21.620092319346323,17.061239479158232,13.086118025268735,61.72148686932407,Moderate
35.990213464750795,7.3082096498072975,34.924804055186854,8.747660625539934,26.524347515504402,54.122296219996,Low
25.782538453367188,11.821646923642973,23.431259736891484,16.695631476541436,5.173640758849457,44.58516275002606,Moderate
21.863096175024502,14.539172143957186,18.867822977401488,19.106037017747184,11.058205602039354,63.31569498364861,Moderate
27.023145183857498,11.520372944156756,21.46879543319201,17.374216786219986,6.124664359613645,60.92445440790414,Moderate
37.79439626235103,4.111974888825458,49.49888618395696,7.416378186176209,16.135885662202025,45.427832682472676,Low
40.51880793627542,8.035376594626033,26.25438375799935,2.835071902709394,26.405859212183547,48.4230728482752,Low
51.07394911632312,1.834421964034345,37.130761394133906,0.5357655960740793,28.85825422783513,47.4531049798598,Low
15.891158975581444,20.951512559003795,9.931810914642869,34.64562154036982,7.7803270933261786,74.88535979400189,High
21.060377560285914,10.480551655211956,21.838549250352077,12.844611586558178,9.19825445059702,61.21125299090829,Moderate
27.50597362507321,13.557529136890977,23.529495543395548,12.470644407896446,6.324935336801443,60.57518264667275,Moderate
20.036064361064614,12.488191059188459,20.61421677998345,18.953195553572254,8.033246402805984,38.96024346302346,Moderate
15.350149290304364,17.6445452248842,11.788181674073487,32.99788698472265,7.962772860794536,76.8434377523145,High
10.841732144393177,18.40237131863138,11.669394619591323,25.756404418306495,3.3615697291462405,68.35292093362297,High
17.753120271373284,18.869769235345913,10.276623252101013,26.31021165614766,4.825020221447059,76.29644186951003,High
36.61835858133634,8.349472056944037,28.99165873417877,0.632626718206748,23.454272230008723,46.31570711878926,Low
12.744314119984153,20.008209662787998,10.294911936853707,33.39599845375423,4.77324466493638,26.28642605832976,High
20.128183334655937,11.613681136081613,18.679133130975384,13.051397741205038,14.354476679862513,44.394808877148755,Moderate
14.894609161638323,21.145343290280543,5.4141861783104686,25.01613047875572,3.1586277175546433,72.87489135112128,High
40.92809583144226,2.761695578208995,29.570334713480648,5.368591465026183,14.997349305158586,53.711870463503175,Low
11.743865466385994,18.12134314959443,12.47788266741729,32.43787626130092,7.124790133850824,70.32038919608877,High
6.630339638275707,17.524043690281236,12.860563659352245,33.3427871925387,4.106743340361964,21.805501077725165,High
28.327966737677947,13.143024630316164,19.945676245381424,19.341944419085536,8.210877593075345,42.58931948614681,Moderate
16.959284598114504,21.246718145136086,14.375175135019006,23.684057826862283,9.508444788467823,74.53684902198712,High
22.14327761953313,13.037179104475824,18.45484991265538,17.271297185132937,11.068310427542453,37.250583455146725,Moderate
11.017631547109879,16.77241488551014,8.749306187235868,30.18076512185239,5.549620283298752,20.1029444088148,High
7.743944441495664,24.718016117192292,7.106806620040457,30.93605623642995,9.83787955211777,25.72707700065509,High
19.053551743739714,22.72239430611771,6.397980091777104,24.815764249036626,8.706505636397182,67.93996053162333,High
56.956625655812374,0.4202467517140529,49.08699868685819,6.502550710936616,17.54503971431391,48.214624779478044,Low
32.93502481953004,4.1894779018747546,30.408319440770676,2.862798621119409,25.701437231270255,53.58813914674857,Low
40.871816973498994,0.44911298995615856,35.33791325724898,6.191214000466962,21.684495776634364,53.89931055890098,Low
9.589440547835602,18.017506457478426,7.02944068132156,31.965681427007205,6.255378612607833,22.091254805983926,High
35.32318631339169,6.010741668002329,26.217371209998245,7.426359896816905,16.66483481101455,54.75604968589112,Low
8.238377348505,20.46915129067682,13.284657882495068,33.00980411916583,8.624041589305044,25.952977310418298,High
16.43811494943126,15.369901118504195,9.372374430996762,23.32617330744414,5.7782987349988755,68.3264911135333,High
20.65940888059287,13.757607990456268,15.701097927243108,12.660960924095482,8.433309391524254,43.49543759554122,Moderate
29.33762119806751,13.764997377168108,24.07351271516869,14.961664052164009,12.765824610448691,57.74572695679596,Moderate
28.923703706508622,14.52202451952224,20.51788781106658,16.936002228467437,6.323170158571005,58.30357688699061,Moderate
27.73319543203078,11.322581092926459,17.871081798440066,15.55279562224498,9.6160321677132,36.04507562642724,Moderate
22.913074462744877,12.228629427061914,22.949736351759626,14.230169524388131,5.39885181486332,59.5393296174299,Moderate
13.292969717573072,22.917314656040574,11.167258482792374,33.95219868338855,2.3958443283044693,26.218323287918402,High
28.610550912175917,10.65107064164353,18.601398660900063,16.40034623942131,5.198870179544318,64.98303155733959,Moderate
31.084811415742863,7.694488940820471,43.54210322479558,0.7222934827247784,15.746606664552989,48.59193402389182,Low
22.533785948579514,14.07602640582731,22.299256078573148,19.828393119182564,14.925271802620038,38.439606135835675,Moderate
9.685529795597663,15.418593487391615,12.916193619232242,24.63176459791659,8.674296175409701,33.08629932526936,High
41.93566797137225,0.5809195208034978,49.03541549105124,2.5320116336997667,24.198661468684925,51.14162702616199,Low
26.52499380609171,12.618771722371974,21.288829585676865,14.733402220952254,8.534671930970608,55.949320095656184,Moderate
45.754901510011805,0.6256484221945158,36.68152490018757,3.9368188599061282,21.863119910542686,52.08147334598557,Low
56.585873413952235,7.28370854339646,49.61439740940283,6.805830929187673,12.450382850741876,53.740565631389785,Low
38.14047095321688,5.125026487703317,30.25796390714484,3.33299859870525,15.14237007997389,45.37747316967433,Low
25.899776046996,10.469599285840378,15.84769654798608,12.30696123448653,13.413695352490652,55.29780787320921,Moderate
5.8745310152178725,18.59711992146708,6.7491527175448995,23.736262785999234,6.544932366132538,75.24212129104863,High
16.824081397195826,18.131490241398133,10.484839806853355,33.263109179060045,6.166599187547823,76.45149540721827,High
54.53502648525065,1.5369104284420454,45.29067536112134,3.429665197000782,12.244821439831773,51.034175784722834,Low
34.6005420934824,7.117228057460487,27.67001760005909,8.258882264268145,27.916242027971574,52.866525160763466,Low
41.41869880429741,2.374785567522575,46.271318933052385,7.6977230738558555,19.106368201238567,48.36705668897534,Low
28.88668599323819,12.849723582078806,22.978140664413175,12.578096427298116,7.121289271816646,62.09123840815229,Moderate
14.796451707093722,18.951770506070787,10.351031625768883,23.561043960815688,8.7972145721907,71.24588137789797,High
22.40952042636943,10.746897393189132,21.92411958940341,12.30599434850183,12.53340220747769,36.35378596011101,Moderate
15.95435295786421,24.554059429902168,10.379497384997814,20.139955322910037,5.145404128562926,69.54148625873756,High
19.4911508163052,17.792197997251495,13.029091403998184,31.32135617201977,4.234737313245013,29.1164297452761,High
18.650154815905335,15.111595572182106,14.77787042409329,22.201689815580973,2.29260242394973,28.049256040463895,High
25.71092608986254,11.604878668322028,21.307063320910085,10.3867004401881,10.27729433242667,59.413600786856215,Moderate
10.3849871150925,23.110144376849608,5.969414430550701,21.348970938330044,4.750370147935773,72.79375202235211,High
28.90312490948142,10.947282265574882,20.235653776177763,14.389299435829642,13.75881517166792,59.81682322455192,Moderate
14.485166395876261,16.19179876444872,6.279617520023548,28.833975254534327,9.506388258620875,66.73656165486183,High
24.59794013274861,11.90143944751426,17.086055520348673,12.32854751446916,8.824024961565495,61.8592922070822,Moderate
45.69196274307358,9.57789800988204,48.22019901719713,3.445965957269718,19.083349403355278,51.1051316409216,Low
24.24159683005989,14.485666496230326,16.450141683224487,10.466327627337922,7.744291227729382,42.50015179228695,Moderate
16.182709261194475,19.17306816154869,10.315012684863852,23.992749429214918,2.968936603692816,72.88192401553852,High
26.295699611705366,14.555250753568856,17.817877759240243,12.039623173087666,12.578325519546938,62.11903742441305,Moderate
8.626734916746589,18.905549830305524,8.691702575636906,32.915814068828816,2.181396715410778,67.76465570029258,High
41.1650107151254,5.315721526867312,35.43457354501183,5.683191510779255,27.179727820642338,45.12290661155671,Low
27.324644791774517,14.141415225841236,21.98480809728189,19.99518131415453,9.049292199404274,58.386396946864686,Moderate
38.20221215792119,9.574480190380962,47.8260366722464,8.352440601588656,25.627124367904006,45.710067802225886,Low
26.085703378636506,11.679777703641461,16.356316058442765,15.928117959393091,9.674377994372062,35.37997837304742,Moderate
14.32060542967173,21.276126899186167,14.066442998506336,34.244921517374486,2.411568145776055,77.55206737554565,High
24.617733043112914,14.674308971261812,24.81816702354268,15.738815907652576,10.014187088479005,39.91140969134662,Moderate
23.671142565336098,10.845006732132516,22.291343839138854,18.102960276963458,5.486013407944952,61.53560725545193,Moderate
21.93768794891226,14.045819024738881,18.431937984433617,14.281027709077534,8.936702289757516,40.335085861345135,Moderate
12.645303503806467,15.946990349202373,14.219960951656542,24.638256387555085,6.1364177380236775,24.638142984775353,High
48.201451391485676,9.601356044054473,29.753219157967642,4.643502498821417,29.840319387936713,54.423435076713574,Low
44.16200835329998,0.3892996332566745,48.45160348920328,2.751902117734757,11.289813609116926,46.34431082835734,Low
25.668143258686786,10.950189072600804,17.827912052679643,16.218745609820004,10.272795117619728,44.57819323813259,Moderate
22.052803566197007,11.337276913871852,21.326436363041964,10.129041969975157,12.680602846925837,36.55918509662827,Moderate
23.934926711186097,10.52724319375647,24.798009951323444,12.865570241451273,7.3030644340965605,40.51330549692301,Moderate
10.853392967986839,19.41955201625096,5.220932755312856,31.81394487774869,4.818853470593532,23.281765565410407,High
48.70757064008279,4.662994129398188,33.740359970193055,2.626933098800052,12.643235550500474,52.27292477239568,Low
55.47670231482534,1.1258039041193701,31.30779817674218,1.5141044393608505,24.668036986698112,45.912448413042554,Low
11.95523403838877,24.659791472839675,6.147549931901635,29.003749862984677,7.904210960068546,33.44751781960929,High
30.996093263740995,9.017740285462287,27.41736399468918,9.484251555414929,18.082196954859143,49.40351773893252,Low
47.402586235134336,8.77470046654482,40.76926050431552,9.080836870598544,19.513100618498342,53.76605278370599,Low
44.77854281978609,5.030839507798364,44.547272824922246,7.39563248111268,27.700306490945174,49.72280964328801,Low
20.014333986470305,13.824696592008081,20.920248165277222,10.118769907415329,14.453231521002897,37.77375813333301,Moderate
57.27961206236346,1.1476887186921747,40.48474923416255,1.608602934850979,24.10126568410758,50.581341581282146,Low
17.092949175044296,21.24548549615185,14.533881320023518,27.222303918866903,8.056637306120455,79.31917806064573,High
22.522915892613206,14.044927003355943,15.843855480094485,18.719016485164715,6.867854222565356,57.04264758333005,Moderate
11.240391085786356,24.46246864173697,6.472205057181196,28.643320760776597,7.207466492375079,78.19355506285329,High
31.808021708686827,2.293657770376724,45.858119893734965,3.693826475825851,16.446769161618874,51.85854492401492,Low
28.84111953900418,10.206333922011115,16.274218279575866,15.934314070505545,10.971279104210199,42.427308637633196,Moderate
24.563482410702477,13.169516135240562,24.87197048027661,14.902951934841614,14.329079830430356,41.579508281194144,Moderate
42.48461994539284,0.06877962219649314,29.090405103456906,4.633910088046463,15.307394662406878,53.1405192642143,Low
7.27389306882945,15.80898210853145,7.192188569346554,30.25944942234636,8.24706824806147,25.92778261456798,High
42.59181950778367,1.657481769652207,34.99957545733921,8.950851727663146,27.989061691076703,49.13497137063372,Low
28.70632348731992,10.558134042567703,20.286734431337663,16.112545064227575,13.444867443226121,56.810628991159646,Moderate
37.0082325314973,6.100074170794857,43.516589526665655,4.32437166716503,25.033595340628466,54.11596886560274,Low
33.728916704566345,8.470608269838994,35.881556991413845,2.307345902070538,27.66699402044208,45.1115458731183,Low
8.906867005863305,23.644411258921632,6.096479047392638,24.528113228456185,9.233358059571636,24.565465920005416,High
42.297146690888646,3.9289510889317905,48.67882340015887,3.149332274589325,21.41379323153696,53.47157457003108,Low
35.20120785884264,6.448326040223138,34.07457101009679,3.4562703703615894,28.94341233686788,54.08887440386468,Low
25.581922352997577,13.626428848174736,20.202793126973823,17.696581966118764,14.460898507940916,44.23143887716858,Moderate
20.628506782578352,14.29851944102372,24.73579357760546,17.421327856246375,14.695864689087948,39.19654744859005,Moderate
29.593291082338673,13.430978898427783,23.026712203158795,13.67459633130478,12.686295092571845,58.564178551577875,Moderate
17.18559586238546,22.884817833459536,8.439718273535114,26.70508338014551,5.2670953461416286,20.65631091442934,High
17.780568465174397,23.15292870555876,5.493320865283477,34.21214924803377,3.4106741815293518,78.85543819490243,High
56.89007455563359,2.8247242637000367,32.44943088739609,0.03656311344649277,21.571706971858994,47.15938204020135,Low
31.92626811225402,3.91859373188026,35.42910697439255,7.203732127322029,25.497168043639117,53.957988575088415,Low
23.246473900038758,12.397057574482922,23.616366233543086,10.499619646718399,11.692585429895663,39.569803596280046,Moderate
44.81386789093172,7.9285441903383935,36.63342334848715,7.419953911261723,28.106436567521797,48.82824207963504,Low
24.104969331228897,14.424294482416695,16.931571032696546,19.9104817279895,8.482253684615362,41.37390850373299,Moderate
27.526717486147945,12.198643188317675,18.909416228892812,16.670682182517872,11.79389318626703,43.114075027006564,Moderate
35.34107900609254,9.184264321454087,33.80817635631348,1.2115546126098542,14.838554562384731,53.68628170510361,Low
18.605197527970475,24.326210257134136,7.8738502625657585,29.19464987390641,5.4764143374337,78.19689852857708,High
28.487885877391555,12.529023115088336,22.673576610427453,18.97558409886164,7.791966911565797,61.827795001941304,Moderate
14.909398629335643,20.449263208053992,8.473989962790569,30.133312319694596,3.0270224490679976,71.49179467025618,High
28.199170193786884,11.523681002705393,24.47697388586812,19.617436881703675,7.0373434109977815,58.429351158367055,Moderate
24.099813193562827,10.70518005467601,17.817242736003298,15.640566733437883,11.71797896576062,41.61890554700901,Moderate
14.4508911004037,18.798779651065633,5.174732150220018,30.54405236076277,8.083796678288756,34.44436904272591,High
12.686750582501922,23.840129316995245,12.289249001860743,32.37376764162291,7.429278905039863,75.4577417046357,High
49.80592130153194,6.079052140907038,41.806267182354865,5.457496797794357,14.121475598743505,54.55621379781356,Low
11.258601787635726,19.123445257310657,13.241967365547197,24.01887222710793,9.943556161852092,20.01123213822307,High
22.054342498146852,13.21636996905148,21.448478776969537,16.215957709446975,5.708090000526215,56.88598931271592,Moderate
25.635515809671045,12.320553969454096,16.752676199259245,12.639584682470415,7.738280974199265,56.6411443959579,Moderate
31.380079260652582,1.1448763806590512,34.52379612558688,2.431245304226687,25.716169684887,46.664142843109396,Low
22.59488023237882,10.42438372408072,18.00651873005164,18.028330442502075,11.909418940168582,63.62380384524274,Moderate
30.431804658892677,6.037954529493877,35.996390992845875,5.380946641211112,26.061512846754898,45.8900317798268,Low
35.2916095951867,2.8888493890916567,28.894331514504255,9.185215304431212,20.230723884695834,47.554282810460904,Low
29.735071835735695,13.37527415366733,24.006845482876116,13.343387804152357,12.010829491413933,55.63826034709714,Moderate
27.381685856966183,13.402108132128241,24.69769713216266,12.479451437540812,8.177435047620818,38.342152933707595,Moderate
28.370995017889022,10.731128746089569,24.90709239561908,15.834965349643584,14.261742576066235,55.838084334871645,Moderate
30.279948594812797,9.164205445320663,39.146294685266795,2.100473372920696,27.82565329655501,47.438390996959406,Low
29.543553453248443,14.03668585359904,22.22845875343289,16.241961007894812,9.109645164004338,57.92176803382045,Moderate
54.43724160694146,4.7380982839794665,26.69011873680958,2.236025483236711,24.866658271313135,53.52365349262044,Low
32.04516928156481,0.3010387221131894,32.73656441115456,6.781225015366465,21.040363445913023,48.348569509989815,Low
31.12044566247643,2.806832155159743,26.982007115779794,3.8943468007767326,23.864190844377354,45.07219947003718,Low
37.73824883145467,6.53162790531283,28.330248103415716,0.21981814809622913,15.776199399081792,51.40048796930056,Low
6.717242283598038,24.800088436073946,12.366315699762792,21.589691199072913,4.4636832679836305,74.48857971193002,High
17.18736335121832,16.144823384678904,10.278746897306682,27.605126434419336,8.732008160570071,77.73330994378858,High
25.78094907459709,11.384033985580768,23.42490864035324,16.864953488149492,7.355618598105281,38.313941389426375,Moderate
46.66295116807882,0.14315277667059978,32.66038623377591,0.09098181280775997,25.74697696819414,45.54134408402321,Low
27.062888140390072,10.071756547926467,23.78511971811251,12.037845545408768,7.767475643735259,38.48994935301911,Moderate
29.290709148417108,11.815956231770691,15.622676421857221,14.953468465611735,14.158745673209491,60.37334824843078,Moderate
23.680387991169056,13.465616060883537,18.232283927779175,13.310153491310253,6.709389281355767,41.01471100881207,Moderate
29.968149760709498,12.623646302147622,20.61549072802878,17.92830752100424,5.656507169190483,44.40636550806243,Moderate
40.892468891959055,8.503480011198954,38.72274079100179,3.20567586016499,14.070710449636097,50.38819367249669,Low
42.90917684698388,1.4284196481433187,37.0139985209067,5.523380134555028,16.544423663229075,54.52451263146385,Low
22.266472988330705,14.899591593646477,23.915843114750253,10.239894074795208,10.037258130269215,63.82811798867371,Moderate
24.515118390746736,12.179064205545771,19.878248502545446,13.507725846011294,9.250465938026458,59.55882588424103,Moderate
22.87936554703735,14.60770471598387,20.01724646783326,14.973983513360965,5.19476770379214,44.021941183826755,Moderate
16.403166903843367,16.348220861564705,14.300236971701516,33.39901422953323,4.3362512913783835,76.19607513127168,High
30.390057705322082,4.252281854376939,27.24398751400393,3.2005956418358252,11.50187291610628,46.27853817908696,Low
40.527450376562356,3.139667173773528,29.475790936039594,2.6828720042777263,16.172652970479014,46.03576566103015,Low
19.98690333736246,17.30626428622144,7.818596077785269,33.009493020627836,2.8399956953811403,30.97238327564515,High
48.30675448432924,7.524683375864943,36.489074437638045,2.740117803855475,19.422207099955077,54.60012657252719,Low
24.367065856894925,10.323520984199256,16.77668229839159,15.6236699862121,12.387135376269276,41.5992429525906,Moderate
39.23789824773573,2.28875462483499,30.27424726549876,2.1070666507490623,24.511364951198964,49.95840031104024,Low
14.446237440215949,19.59121340970552,12.899332967790762,33.783359756802064,2.006690851004521,66.76469358489828,High
42.97004403127806,0.8355433751068975,29.200501304816964,1.3156530663935462,20.642359449175654,52.648478932199836,Low
27.075368316269962,11.112924185827154,23.61498622854022,18.67741058671695,8.004507900506947,58.6382504079772,Moderate
29.49183884472768,14.012013908609935,17.510513244392655,16.90876060015963,14.500676231198646,40.5221506805463,Moderate
28.872043142578917,10.528858967607952,18.322387018779356,12.261146302356195,8.73794890040912,39.198695908703066,Moderate
17.859726217974,21.59487136555351,13.871500355009214,28.238562137033007,3.036407688345922,30.604766270427522,High
17.708367823244657,19.527350286091036,14.963416853833701,26.904157028170193,7.919567856477121,76.27127030824805,High
11.296729430332228,20.032019773835927,8.439293364383525,28.895528262739553,7.156583610560469,74.5374400643727,High
23.174667436325553,11.006496742800449,15.034424989444098,16.15843355868993,6.989284136652799,57.915138583443536,Moderate
9.866028866773352,17.24029248991849,6.232116192366357,33.053502168168805,3.8140401314378254,68.0014642867824,High
25.48701255606236,11.176488808881565,22.734265567271464,13.2422388855922,9.657855731799726,56.76613692574123,Moderate
33.641548182672864,8.345717902556277,35.57358859353894,9.308328641758074,19.246569949185652,53.64659113889891,Low
26.961753006357675,12.895639583777552,18.542401986337875,18.28150004168814,13.086306272431251,55.047998248173705,Moderate
48.73990706562792,8.206961607667793,48.219085530137306,9.059439679262645,17.288197319908065,52.566227880899454,Low
10.23950663654271,18.80437514273504,13.901499966261394,23.052346061206045,7.222238043617542,24.38717962561994,High
24.14650177795204,14.731164502222637,17.186703964046682,18.613175961991743,6.550343613978017,63.697592495676886,Moderate
19.210070680974695,16.056666297774907,10.888651486188294,23.26233101773644,4.573945586814972,69.5631706588209,High
25.119359291455197,11.40575751707323,16.59708762142167,16.01702490145793,10.513626788118144,38.231897848317935,Moderate
28.523740974825586,11.488318973791067,18.86989786836389,13.667206901282478,11.657162493399673,56.69661081256719,Moderate
21.12910338858876,14.441609633242843,24.904570074037515,18.03312756384181,10.844361896214709,57.469164951087905,Moderate
36.17523630110305,4.11191517994586,42.19423015914337,4.241850557459762,13.147570297377351,46.1963043951607,Low
12.353121334154046,18.565610599850856,7.754831653703942,28.301019066058814,5.126369687373133,67.23445457822675,High
11.139677856278123,16.570290851686533,12.541420283639894,23.965012804639766,5.64196885596108,76.70880068954997,High
6.975087945091065,23.635910157855093,5.618019771882217,25.05275736306742,7.9371107116076836,29.638310172732357,High
21.212032773716928,14.393154630865036,16.37099946798833,10.933899775704877,10.670359132189304,58.09256110473285,Moderate
48.056447689089666,8.084057388936909,36.86333906556102,4.134657667101601,27.908254223884377,53.01209900243629,Low
32.609602797342305,6.728716685980798,38.660176855303305,0.7046067766695829,18.31572124138366,53.35535501268167,Low
9.585379185381447,22.048585003799666,11.115153223922025,21.023735558522915,9.515315697953229,29.425358447428522,High
19.28540842136614,22.3042072008058,14.119296413470435,20.0823792475935,9.446455742780815,65.51936860664892,High
5.284868948122487,15.880087122185023,9.717893811207958,27.696443004252053,7.625254168007819,31.356408606082624,High
26.802464906985236,11.92291896430109,20.187974874961476,15.191731465010562,12.253651528437022,61.42803508782876,Moderate
51.78274001167985,9.317537194328164,45.710966773474766,3.823633310616279,10.80660322103026,47.58584221552774,Low
35.640742038462484,8.32929715574228,33.385170337408674,4.9045440851978475,23.5963625043994,53.95719174748001,Low
47.02622544784674,3.894049389788753,25.984046995493237,1.0613001930901944,20.766527440198242,50.53830915867823,Low
53.16734307889972,7.56751505688635,33.10823443378795,9.492811717559837,18.71178316025418,54.363427533982275,Low
13.570716467289683,23.495516229953328,5.98205197292374,34.13442095387973,3.635121311196337,31.087654980716422,High
56.129073712382564,3.5052053428616183,38.38856182744496,9.137274940064593,12.779198104978324,45.51131638106697,Low
20.350712794785323,10.297210441454583,19.154964455368386,13.464493776886664,6.667917180499235,41.56149714503165,Moderate
15.090701539593116,15.887037338829108,9.167388475176033,31.585873700887262,5.943867094712842,20.850009633165797,High
5.208096022178962,17.675328483846133,14.06490124460262,31.87814534344647,5.564806044616459,75.9766258716295,High
55.54274873235288,4.381786132483445,44.536552218867726,2.7742673480097912,24.892073580067603,48.55339708219547,Low
37.730486655336406,8.891279239400099,45.267089258439796,9.440412782809274,23.48002742139707,48.985437143653826,Low
43.5731854839808,6.62434011701068,43.486730830968185,0.8900973489600883,18.21400801173086,46.21622890680094,Low
20.34368205901348,13.496985537328948,21.044028317108705,11.269701494839326,13.806754027133989,35.31457195246026,Moderate
50.68580253094683,5.003594462155606,34.16697199257453,6.077627687434245,17.60389995950355,49.236931519996425,Low
24.7123699280037,12.93659905086041,16.59159031849903,10.823621318082806,9.311835985659595,41.59731532260757,Moderate
21.756438325388665,11.118912180582054,18.29995803610794,15.082770039431757,6.862105624717287,44.79238168319984,Moderate
49.364168877215036,0.7896916219082861,42.552686352844816,8.668214856884891,22.582351572685333,53.31416621930311,Low
52.82355145850693,2.037664591276891,36.96320924798806,3.387329557744314,21.71726101055843,48.71994759789162,Low
9.64300138830288,23.58891641926373,13.8138539648782,26.370532875300015,3.9228339357420294,32.917486440577754,High
24.661421355603153,10.15138550665563,20.985476179800976,10.605976964624935,12.979312907800836,62.288341471223035,Moderate
20.377591395984005,10.356203576212994,21.26109073719393,19.560446873780414,5.53243287063986,44.784566721842836,Moderate
22.176140244488256,13.449410054175052,24.77680088204069,11.973856691552335,13.085554128042613,42.8362274244343,Moderate
22.146019952153054,11.672888445564315,20.150849427176343,19.4287714715349,14.068779753971354,59.356064974809655,Moderate
14.777809522652143,23.471265341297222,5.771812672207373,32.4586521103139,2.4637157086624253,76.90075170024392,High
20.247143793884835,13.864677434932531,17.029057955551778,14.927829345196203,6.903831157248072,40.622825027675226,Moderate
46.25702842135074,7.966813971913723,36.83589148437554,1.8677252823112933,20.50720963638996,46.37898821730334,Low
28.29327460062097,12.40715601406003,18.872233050701784,17.93064493658951,8.840123255192921,63.16968450474876,Moderate
7.757966178923256,20.028405867532086,6.817967982396841,34.98450361125688,9.88499515051722,31.009107520274423,High
29.078261449292853,12.596640582755478,16.16724840410757,10.689096956031822,8.52403298200947,58.61478334094276,Moderate
28.325121685267924,14.935442689407246,17.828218115283768,18.010527747728286,13.012413663586722,55.08100941647322,Moderate
41.40586856357571,8.973658657909318,32.75588209361762,5.568183602783075,17.559367112825683,50.43534378374124,Low
31.408979003251652,8.616909037873452,40.86860352760074,6.773006863356594,27.02968898627988,52.023961425404266,Low
25.472927643469816,14.275055045018657,19.09495849791478,11.042064375378512,7.826329411521309,59.70432247663241,Moderate
13.20338200785726,22.972406871917023,12.081448845725731,33.819859110558944,5.96849641795152,20.40290886737456,High
17.311568472014947,15.302379251624448,12.348720436583982,31.65666839522025,8.740145714602104,24.07100239306927,High
51.48452022669581,3.262539180411468,42.291085049332956,2.2458238265390107,17.262651805189243,54.012240229777895,Low
24.58755531989454,14.713240542163755,20.399810521144204,10.508320985341232,12.116124028477708,40.3712074828674,Moderate
58.50185901152415,1.4055296757836078,25.104686090698948,3.522309750707453,29.61296439128099,52.85202867912825,Low
44.23892627249442,8.066650530268165,47.38889352184712,2.168142759291083,18.143474771977505,50.902533652596944,Low
28.769210069103046,12.327573625644362,23.463430588751987,18.91886773177351,7.362936061910455,40.502955231831294,Moderate
18.833609805877686,22.704913983358267,12.877127588113613,26.36916481673301,4.707610289733268,76.95595635505867,High
31.999561216820698,1.1870909550911146,49.98375751180501,0.24390993110096737,20.04263281839065,49.29856369111212,Low
26.958696802242656,10.284209753407913,23.06391300461047,13.11950009185816,6.485661198359126,40.69707850569933,Moderate
26.098709182563557,12.999148021031665,15.368518207257916,18.903921349668323,12.376844373337727,35.89249751636584,Moderate
29.192772111827324,10.443181169465463,21.560077089045357,19.535739579058834,12.123614150416259,44.85633620087704,Moderate
32.308596048876275,2.7785277608971226,29.156383258742515,4.457298209028692,19.085414487208503,52.98771829114629,Low
12.497309893626234,16.011320046799455,6.659035158802479,20.555426831160826,5.313830210730456,28.44955071234488,High
11.909566574456408,15.690743375209724,13.53454227409543,31.93119471103364,7.283190272713517,34.45339215345318,High
6.536807692716916,17.741598934528273,6.521833131965714,31.720325903990894,6.651730278949688,20.82510246565902,High
55.04790710397897,6.610142542473203,33.553315002797376,0.9352012359790951,14.548434574470585,48.71519575243573,Low
8.460814916812776,23.99105292655475,10.382105726741958,33.17438433833577,8.567133880330637,71.49957716881379,High
23.77327774302219,10.013971919101923,22.699681218792904,17.154602666747476,12.372686902530848,64.72259801741711,Moderate
45.96340455795947,1.6695308874719872,46.535451152387935,5.246723066856223,18.184991475707946,48.683103820867316,Low
52.00843141684206,8.174078473061094,39.237431462964395,1.6393172095320274,10.659538873651869,49.37997747895554,Low
59.23184422998499,9.807393435834294,31.533325447134594,2.2177949193354642,13.402854803543159,47.98041698346915,Low
57.428964196814974,5.8377278051411166,39.22388708204627,7.663040711189001,27.87069166996874,46.981041942410876,Low
43.45336565934959,9.640174071177023,37.241101900800814,4.247941813314117,10.959154648739753,53.25671445979478,Low
24.05342323773287,10.793513561791682,22.974087260553695,19.75380873967412,5.805253527738236,62.467216016840624,Moderate
25.515876608066343,11.882598203482424,20.729484736974182,13.845657494316246,7.016133442480156,35.75321432167405,Moderate
22.091941676286204,14.82721993438675,21.24043730416875,16.480287939401656,13.131102684707773,57.353255509597496,Moderate
10.382387212183023,16.260182064338032,7.5981635816451965,31.625718177159193,7.655132941911098,23.362709963940425,High
14.976346759655074,18.164387691313276,6.896091663871947,33.51680117537811,8.430698747700088,69.29302802931791,High
46.00383275928965,8.901411373960146,44.45115766207998,5.723151856300765,16.55132587844252,52.50523980696749,Low
59.82418083663502,5.567849109281879,46.9280116915572,3.2053616680649553,23.757972909581504,48.2136995574087,Low
53.721694945168906,9.706765454097441,39.79292422231001,3.9480728287825606,16.325846974512487,51.95640215718936,Low
28.326515022526404,13.747097527005952,22.971388400703923,17.390127436095142,6.161891739192809,36.44654902006977,Moderate
5.108210839918367,19.694898314477097,5.346862352063569,28.21342037156532,3.658543557229735,33.06825930313963,High
10.258008080305284,17.3070055737593,8.710491167612531,23.798491028271197,5.4011311712641605,65.59581802777653,High
20.93638327447457,10.913329973526892,24.119841961076943,11.334205532154417,10.672696738775443,39.17856186522131,Moderate
50.02673215563081,2.7140938044671437,43.630368567270864,1.175018402123733,20.59289054070267,50.47739909469137,Low
9.19870354544165,18.14325224552514,14.251791894708498,27.452262172153556,8.724358682234818,65.37357604619301,High
28.213123443293455,13.204361887263563,20.2554373645972,13.076473246188414,5.389701357993216,41.66426614148913,Moderate
40.638664729223294,2.508930456911025,48.01339712756386,1.548426816202274,10.60993095705509,50.092889906799265,Low
22.96367606840822,11.814712960878229,20.727495508715013,18.716355039228066,7.96193630215342,37.13461516138969,Moderate
20.709134731800678,13.824309935937187,18.233091255108803,17.026009667897625,9.72598038842161,56.83464253968849,Moderate
9.264867375658138,21.805618738910603,5.203127281217066,30.937084245428714,5.295766902060119,79.45278242533652,High
22.931405102580705,11.819136467816888,18.44638220546298,12.733339597361812,14.969064147047952,63.56130220353046,Moderate
47.60523354062637,3.698132559871766,36.886892880818344,3.2061990655022674,14.555566832356028,53.44426333120087,Low
18.588012588966293,19.16929532203511,10.367591199757971,30.719008825226496,8.53411993934207,32.30986655428339,High
14.724878260393004,18.898931417777447,8.474696413785825,34.090378505456364,8.019963876253488,24.518575439701408,High
15.891686260916535,22.954730732978824,7.80319185454055,22.349635679135222,6.006382725632379,79.83927341150265,High
22.494512669524322,14.291322742558734,22.765319427707897,11.348090020013814,8.914977382852665,63.24938479817398,Moderate
14.584325238159945,22.993495162534305,9.216649036119298,21.378999679006366,8.46831674341426,67.82360983339329,High
6.582258003924471,16.895041778964874,12.441304363686443,23.945126869750574,3.7665144600561,25.78225836096081,High
25.68785682654175,11.002592950321544,22.821317244578562,15.58795115430602,10.976232485569792,35.161695399545195,Moderate
15.021951859715527,21.329325688500845,10.590882366642932,20.11866061332451,9.488211495197145,74.79386277416268,High
51.87021504122962,8.70578425046007,39.38397932822747,0.35159250271194153,14.99917962478991,47.741361671919385,Low
22.37604496983026,11.363621183132116,17.77387502162393,19.82546201951122,9.195211891519996,55.85664194046973,Moderate
19.672172358569043,23.38394622961786,10.185699811623582,23.66158445444396,3.306618476494873,66.21308098188021,High
22.943898859392373,11.842600461130194,23.86613142871621,13.290105773074007,10.881799399545283,38.42432808382377,Moderate
12.78882532355605,19.330145993271884,10.412024440151061,27.17405316818347,8.132283956657975,34.590378918144935,High
10.529177158676639,17.73370723253599,5.559895486145833,31.936814494733397,5.0194977052702,34.4102398105714,High
29.575425574470728,13.872142909549206,16.704848638960712,10.01915706178999,6.617482901442524,36.192501676814665,Moderate
19.16545366952782,24.18156083423139,11.732798408005756,29.654919032678425,4.38124762293189,28.47814952427789,High
7.418600737370205,23.38999384427288,13.728480719739583,34.79988084531086,7.54698521367367,68.49300443522512,High
24.935169867247723,11.667768073006572,23.255802019124392,13.121312234905549,11.881867821684615,58.26820306251732,Moderate
12.816185344264952,15.90137347255339,14.232634966766565,26.45769269005684,8.857523947969447,28.757859270624422,High
36.636283254588065,5.488586650773559,29.13749436659139,2.5048294674976344,15.73321162574046,50.12688072328811,Low
54.86746422452032,6.322821536376399,28.032574950138354,1.522282139168668,18.51111755393435,45.15482459137515,Low
27.84732412864046,14.632461081836492,19.075264230786164,13.357688992117907,14.347726507979049,61.07356383477744,Moderate
52.125037443292456,4.287020209864336,32.75771205261369,6.760930341645768,17.829085415889423,53.518368088189334,Low
27.782657447937787,13.75257463819387,20.753778193299905,16.101530838991387,6.661252379544454,64.58697741365398,Moderate
47.71043071376319,1.682036557665182,46.67529017276501,6.537779229561563,11.163355174418495,53.03124166179039,Low
45.681984881459826,5.775933658811575,25.342060369017027,0.5227910326875962,11.660775156203728,50.891187359802366,Low
24.00310899231113,14.113845507536677,17.97413929507835,12.441596562306218,13.637039037779054,59.01920186992677,Moderate
19.492933317671856,18.074639529907817,5.80533257306028,34.951992816787666,2.2532168198684372,20.653425063963024,High
18.496820020893857,18.896638295404685,7.733125231221676,27.04196928234731,2.375976580097503,74.63783750093592,High
18.83233071190829,20.927998687865728,5.806065276470753,29.503745530757026,8.979990259175224,28.76983645737039,High
52.747895877870675,5.533711897497718,32.61226060885076,3.6901773241117275,28.91259355497994,47.27149088836946,Low
36.28047970010131,8.918721448107348,44.11627375962183,4.063664052774615,13.599992332213738,47.90743865890674,Low
8.678016722970725,21.18846902292534,14.267305251184002,25.691553489015828,6.85150820639452,70.43734985596231,High
38.092488345509686,0.22425889162055124,43.41182936547682,2.541472801278144,25.07875368882848,45.72762376239627,Low
41.76732135299197,2.3238432305604784,31.404787860983873,6.970130139342629,28.38076554057342,53.502987365717914,Low
50.15102053217571,6.136041142374584,32.08211008731443,2.6859893291459747,23.183110892002688,52.672783010536484,Low
59.2437948644035,8.904095172193285,49.1639609845136,3.5230888420917825,17.729874457278274,46.646702625073054,Low
15.087657389130989,18.549021252698005,8.861225076510072,28.81083998659177,2.4434917168961805,70.88329330268331,High
53.253984700833435,4.8469628713004695,42.22719134370574,9.50279223611407,13.51344595937169,49.60206618156615,Low
17.33339487884688,24.888474592335747,5.405120358479945,29.413928501564058,7.102749327313167,70.04327145426525,High
29.099296989772164,14.917618608739815,18.48127524594602,17.4619534929958,5.702844206405513,38.092688787921894,Moderate
23.722702581266773,14.174372531344964,18.526440311367292,15.607527727794363,13.70752352998553,61.98985108174486,Moderate
55.19583908600161,0.8227232427706188,31.877472038978112,5.285842014374423,23.94182276521517,46.222887211806,Low
56.987237198237054,7.813218557473051,26.345763122711478,9.945642566845248,20.094789507607032,50.79610899228284,Low
17.95576962515522,15.498883598865659,12.232423940479093,28.366753383268062,9.702720963706067,26.489486737983036,High
14.623299383882962,22.643098588512046,6.417263317663977,23.569083950009144,5.727310884140707,76.12578508799832,High
42.20723882168612,6.6776059160315295,46.458073471971446,6.507883208469019,28.185300869106815,51.863722327726435,Low
17.366738572035686,16.303641347739728,6.390378482434001,28.534405491292045,2.264593705257112,31.37540483436399,High
40.476287238379825,4.470555438064254,29.665998494942066,1.5585153655144346,16.33368712033852,54.29280651685809,Low
20.666655512758233,10.274909378114407,16.348599046704717,14.517691173956855,12.337522494166082,39.283427944349604,Moderate
17.86337594972275,22.70835634526263,6.353355776189566,25.704148310685802,6.839249237154678,68.6748270882191,High
21.970350864679634,14.475647407463956,22.083889681093687,13.28224542855024,6.912539114453434,41.96263475300533,Moderate
47.288650805004394,9.437015928202207,47.73573759214691,2.193893891962463,19.615723363594547,45.66797077262172,Low
46.733502521100746,7.959263871435024,38.764265863534106,9.712199118854944,24.446223366474158,54.178025402095834,Low
8.770566938607516,16.687218165405852,6.739044118117747,22.677399919355448,6.244054492832646,73.22364817256073,High
11.411174588109978,22.573269550349313,14.698124256912017,21.18487027693876,9.422778494752425,74.03421506529381,High
35.53563058069132,7.889324717760072,46.43077343424478,1.1323122325912538,29.920255667644966,48.57640549588911,Low
14.376054370658741,17.011767537715635,11.335540797465708,31.45107664037367,6.43975762099481,70.9925937271638,High
11.200988634035337,20.195630401207353,12.214692530161589,22.13446389934,2.922675014456641,78.85974799086397,High
26.108386565849337,12.580564250409072,23.35394578112853,19.9737635259543,8.305608190853764,61.162917902544606,Moderate
9.820076608947135,18.498694857675893,9.11060316432323,29.350148619522415,6.127469366097285,34.758164291256385,High
21.740511113650346,11.851810777788296,18.499117082199675,15.43024229296996,11.744334724154708,40.337206613520806,Moderate
26.015346226306264,14.091691678172353,15.194196961973947,16.736578541823583,8.306467417339086,38.583676323323985,Moderate
33.59286395457754,0.4818601239329623,42.626022658839815,2.676684371942976,20.723845585644085,47.14458229324161,Low
20.3425457362664,12.321663263090171,20.300930634747665,11.778899668529606,6.1875558426644215,59.64538463524419,Moderate
17.33026025076955,15.874802000427552,12.80297585382503,31.75084779353559,6.462381797415967,69.7487346364861,High
45.552240658356126,9.805682270607235,30.28578144997278,5.814248948690871,10.400234472575496,51.415702955651,Low
59.52250407597886,0.9206698608247543,48.0661284900893,5.2023048910309,27.053323062034412,45.889755358693385,Low
18.961223980727087,21.80333951758179,13.502307679654601,30.38253396263659,9.196686006786825,21.484513950485123,High
18.539192825351197,20.86037947430189,14.907626971367083,31.288515834598837,6.289083779161515,76.0596679470439,High
54.22320465492187,8.036035354415352,32.33383553602525,0.5202375502944689,15.799747852882838,45.20510919320391,Low
24.95664382296919,13.793077420254301,17.77581074301662,18.09164975974397,14.898284904110161,64.17303145464051,Moderate
21.099648281317062,10.808536730676781,15.101734370460067,19.724890885195506,14.67953342734132,41.82743839627041,Moderate
15.091275467590702,24.99812388041234,12.424110435606,25.223982664574418,6.313832434701917,33.956522720519416,High
12.39586672862115,16.691610016168273,7.547551838926644,28.038202683369676,8.328750913472241,75.10868894898982,High
23.824437050541604,10.448035301962106,21.84638331863107,16.857331015525,12.776154093585388,39.55051704808139,Moderate
56.82297611037403,5.192245707802051,41.61848012277116,0.09310290762353679,19.51884435095448,52.95973243552301,Low
23.268201322002092,13.707199760221346,17.817295914496608,11.73148561186294,7.387764660926419,38.44501855142462,Moderate
19.576368160593802,15.241752452809337,5.755151980615581,30.316874140002383,9.437341393224878,22.966127012017274,High
7.793773151004386,24.28778608077409,12.525246262973408,26.6021841185812,5.961402003328558,26.58526898643663,High
19.80306321732416,22.1407330600641,7.398233185750342,29.810918478821357,3.675518192702545,69.85487139207989,High
25.854516968574387,14.457594080532171,16.951442698468863,11.16988235682388,10.440558018647007,36.45291711965782,Moderate
58.287291117375574,7.193536223691586,39.836534567618095,0.1802900895891224,23.629212250343425,45.39451952922691,Low
22.732364194639477,13.86074758010381,18.68358247281912,19.418474940884476,13.567251943544528,40.51031352680157,Moderate
23.529228930931016,10.404705671545093,20.33811714258345,19.27079405043636,13.900689583145038,64.46002193339048,Moderate
20.600217975882707,10.937988758856871,16.796429823170413,17.671713301718086,12.257078171576891,42.08620400435131,Moderate
22.95766131197096,13.23130472316118,21.052172840290417,12.179548546601175,14.496362036219658,63.41691768097004,Moderate
17.481938873488374,19.556133825705476,6.388214736356992,26.920690946667246,6.774117393360575,32.79981054677551,High
25.31398306996322,14.08989638212747,16.631309149817714,15.218153230513606,7.0472040641736875,37.10680397327563,Moderate
42.547291088718566,8.834647629860607,36.79123726876489,7.828486179866575,23.03359589756854,50.56057335191461,Low
7.859326333322256,24.052419375757363,7.130159833981281,23.034686826301122,6.12985436201111,71.20610046439826,High
54.86212527455788,8.064036172328395,44.13408409645102,4.919280240391293,28.973081618059812,50.83195161883046,Low
56.526193900452235,5.055087603898639,40.2594014945423,4.648547808132707,22.749976058683263,51.791288313348616,Low
29.629802480652714,13.495385916397122,16.526357913308445,13.998339976426497,11.332624111184941,57.34544100748053,Moderate
13.529575655548555,18.540606183030373,6.121158102227643,28.446935980773937,4.143390632230718,68.82520660164433,High
15.306997651326085,21.50835446189016,9.126110291294403,30.68921705843834,7.439279446471743,76.20442678947208,High
59.51036775790241,4.4279813654373745,27.325435231566875,4.2589315503668175,13.394104783104899,47.52742668748453,Low
26.88524402107865,12.125514003642808,20.93829874115142,19.82221723804152,14.154269056756196,36.72218322207033,Moderate
13.837179810887669,23.493488582211324,12.670248235658,33.53563690594257,6.9688878283454985,28.432868381301365,High
23.03540907997299,12.935021802958467,20.298458033394684,18.899288171885065,14.989225084633329,59.62534943295706,Moderate
55.96521377681941,5.158619027123281,40.78439944108442,5.275796224253504,12.876689419806217,47.8527799694088,Low
25.253712797848465,14.231230236310054,24.081488584424015,19.230321707966723,6.863071741153468,58.79086723048852,Moderate
43.541610729890266,6.736454174749077,30.469292710271993,1.707682600033369,28.839828937677435,52.10387647438298,Low
39.54010424915592,9.671266152591704,42.44581963762925,0.03918374951093262,12.35877349748467,53.90666675891907,Low
21.576605950533402,14.782937767397723,15.99535661110816,19.74313687005285,14.97059200197227,38.342463741571315,Moderate
21.50024179446514,11.499879408841485,16.10287068423665,18.001379423839417,11.805496503701072,35.905853575461016,Moderate
6.1692537439452115,19.571130395484595,8.82665829562197,22.993870140869515,4.2866337530167105,27.426956228042418,High
16.608122165929956,21.71105012844593,12.706813869695143,22.472995680147957,4.680950709438708,23.55914417575629,High
21.649466607581882,13.15217264500367,19.440386630403744,18.17751247239904,6.8983911047487645,55.91937935920838,Moderate
42.78543906707919,1.6036540611974315,48.69215442660699,4.563168205509624,28.17835488242908,46.41548850987823,Low
43.12424766071187,2.810044989087136,30.51627649054371,5.601159830093484,27.998190867093435,49.340710818159806,Low
22.816501112951855,11.564541665293184,15.36117520454003,16.339383601951248,13.209013383182187,58.45204031039784,Moderate
45.6092310271138,4.071064891256277,41.72191327601713,1.444364841550776,17.762429135369942,47.96501571023939,Low
42.02289182625978,4.366141897687661,32.842578118928905,5.323602348613149,10.255129594148611,45.85810771709439,Low
13.131285233898586,15.485120203578521,5.538673889606307,30.077863509136264,8.568768606790584,23.99168174299885,High
35.09273715262622,8.881181889340358,46.699490668272574,8.102591305172869,14.708144976830532,51.52526877750419,Low
8.736484245546697,21.220010749151292,5.99390148049948,23.033984005698436,6.891643560423091,79.70234583921422,High
26.9963466700136,12.45655383756349,17.38185705599562,13.367901158413606,10.341199810253421,44.071174191801326,Moderate
22.18174976277972,14.750493595189104,17.81664102111542,18.429319569539857,9.052479911719708,60.8021896369054,Moderate
29.19621702641009,11.489595971560531,15.59738405731261,10.682493056852477,11.919082311607575,59.99404561380245,Moderate
9.004793047687599,17.16390238341009,7.93907412874355,25.722134343864397,7.780562144477569,32.77887042086618,High
58.150213704631135,8.985606046748394,33.62542099811415,7.722675568375058,16.26501480977644,51.78775983520429,Low
25.570068206893428,13.682789911654748,16.72854739418786,14.202882706613504,5.393619417421287,55.40438831212661,Moderate
25.863840220928985,11.033305036153578,22.615508155461026,18.55900763150516,9.50554761307771,44.524206947534566,Moderate
39.71037709212731,5.309376784120938,34.228404845230116,7.901313737261083,18.560387048792876,52.2541212319297,Low
35.310314528302406,7.486452341262,47.731317360924805,3.6602826574651526,27.224644545207717,51.61303962286867,Low
24.55183347334262,11.184008850302254,24.18542335099189,18.965906206254772,6.945402656577434,57.78837583577608,Moderate
9.598326029389396,15.3587556517409,10.36536323315956,21.397774577686928,3.4834826741109417,21.872834797672105,High
16.24783093097244,16.267323822648994,6.884113967011247,22.217724199400937,5.305442064384383,72.64998296838907,High
13.32495360465381,24.276835983463563,7.961183748242981,20.848732384628768,5.059270867894226,31.380130977989772,High
6.725425364990257,22.11521218508149,13.19659146965964,21.464911944385772,5.371548895345854,65.57652366545254,High
54.41385059120846,9.56047143611933,25.161608944742763,0.09969234734518495,29.44459418432715,48.18009704814298,Low
13.183109128416403,21.14771013146609,6.1525256096304295,29.65975135055733,4.341438975205032,73.35775571495745,High
34.693111280132584,4.218281785388314,35.135570628478874,6.47720054420612,27.155310967448845,52.05595789776492,Low
17.552124648235647,24.63727772833238,7.142837686770066,22.557775754800378,5.289908307411257,33.359064242230744,High
12.976055319992863,22.5474209520054,8.64290247475168,31.729454749571154,6.929243764047211,27.459731957835096,High
45.34027196582814,9.505310525862035,40.04516834863618,5.908662673951145,20.41310707468223,54.222308698387295,Low
11.816192259405009,21.535222146406277,5.872848733254648,28.937154270951414,7.774877224209682,77.88282228724069,High
27.571238239772093,14.581574372405932,15.504684710816123,15.97199352659138,8.646655057200093,41.1507334001851,Moderate
36.319865670169996,2.7194603941844875,30.681526338991556,4.538465638069116,26.6050038556277,49.28854361306638,Low
6.043257721106981,15.865592238433086,8.368185255268695,24.14691852821533,5.057062183994709,71.97051022846185,High
38.54618705885768,9.730767979122984,40.97407554933211,5.853754227909564,27.81648263021255,46.105791870686595,Low
27.446890216377803,10.953492648937173,17.558198031929347,11.96232046219044,5.895546367437989,59.21339816611048,Moderate
21.039353229723023,12.255867897700083,15.085213963215786,17.012382779042277,7.051951845042334,60.00092335782233,Moderate
14.79027438420476,16.59263396844143,12.019645468105937,24.71127425486039,3.852062521357909,66.65551803033841,High
26.53542146706534,14.39058361052841,24.719869971956715,13.438403038597222,11.254696844053216,43.801066672064046,Moderate
26.534326875026288,14.611248506251876,18.14748699458463,15.409315806826385,11.657660847303056,60.32398687226913,Moderate
21.820675115742894,12.217952331900758,24.064471318940434,12.045063133991235,8.1364109918687,40.57661247622416,Moderate
24.973513231268498,11.716248454027962,17.820930768156394,18.20361348395825,9.397234029174243,58.170737693630585,Moderate
5.5027146101803845,24.433791907097795,6.83997261286064,27.120898226651885,3.7794892286938033,29.658109205245033,High
30.329874859754415,1.0251596406647445,48.524808064360926,7.632949119972816,27.278716149199095,51.80158546758879,Low
12.267305330104222,17.717834870965422,5.661690913192981,30.997731921832667,9.927720509140343,74.34478073364626,High
17.672395718438047,15.683441530953896,7.776180562816566,20.407012855432445,3.086313425943299,30.187061957357216,High
45.66729780164413,0.07664032649225327,32.408145047495005,8.812506816818898,26.828795199124894,54.78269485998988,Low
20.41938014302567,12.001722591081876,20.885518145706808,16.169782808672586,9.107141717018079,44.70057360038069,Moderate
28.60287264814549,13.663929861821972,23.87658328462276,18.52138900259558,8.696659774941843,39.38428892011181,Moderate
48.68671427457001,1.0802575413069138,35.819287108545474,7.245579091588183,10.566749007667692,45.45486541472275,Low
32.23651931039313,1.647063534322959,41.84597245675012,1.0682099296399061,18.982468278605015,50.03576896338591,Low
18.151137657670574,21.96302200651271,7.986881063299565,27.202501482510492,3.169313178367722,34.1501622403304,High
41.77335322267906,9.913279015642205,37.809820518302665,9.43774120344816,17.82184488296441,52.76151864105623,Low
21.562401461051024,13.055816813958154,18.649641000035796,10.11425187403751,11.643620364760835,42.62318761693976,Moderate
5.842999319945134,17.54084632272906,6.692533888125637,24.80598882526218,3.9671912854413236,67.73215961712737,High
25.89755417789325,11.559993072045918,20.777914549604905,11.308610663246606,5.2023146170511225,40.895053841754255,Moderate
22.511002237065345,14.864840224713511,23.708395358672405,18.556873679208536,6.511186758941303,55.66622087367462,Moderate
40.23743482878469,0.30026005329392813,37.300043235802065,1.2978296572261128,28.580417714336022,48.40916409192091,Low
25.265555568678522,12.609259722476423,19.458879554219568,13.598094772686334,8.202096102649318,43.79417310264396,Moderate
57.24797657899961,3.3520804737087273,27.955465557277215,5.797714417624796,20.684408198624947,53.886932147847986,Low
48.60218267785541,4.699882681579366,25.24776738727884,8.368634222265923,14.609896747030417,46.826516187437726,Low
14.564193789092101,21.484632827647694,8.47331191831333,24.36252239820112,9.461439938950463,69.20308410254104,High
22.833277386116265,12.471426557024245,16.340183221641226,11.738014889452304,9.781279722408616,62.41608833943339,Moderate
45.18425588520732,8.4810923501563,31.30806860659363,3.5528964321931875,26.00108815902743,48.455808733486975,Low
17.677800464146735,18.22530572844871,6.299429995897308,31.412624937753172,5.658558247628244,24.471124307138926,High
26.47711334868165,12.91081598049185,19.723586201987672,14.669057718271112,12.610081283323744,56.391966134168854,Moderate
47.72678829564725,3.25104015431699,27.416120857193807,1.4218137638735162,13.895876052878535,49.57631874545175,Low
24.704076194668097,13.85262639653815,19.40653686927441,12.40744546971379,7.131084241776289,36.34238419093744,Moderate
55.34625932908364,3.063134987782127,34.56960251007601,7.413087083507622,13.415205669007712,46.78398251928581,Low
20.765863438616147,10.678720922259192,23.34575864994953,11.915258855448892,7.363644207056953,58.30908583078026,Moderate
31.97125918285057,1.7522177210582734,47.186723505322064,6.338894618324419,22.440589585040186,51.06109599852973,Low
26.124029081029718,11.94629893120551,18.694086112049384,14.736647569521882,8.36447586992991,57.26769553350766,Moderate
19.354682548087112,15.054301591645654,7.068588366243816,32.24847044046989,5.861859124727282,30.689960711711308,High
15.018016381129854,17.190215973096674,9.717832463264116,22.874216308218095,4.866441299260684,68.77251379901604,High
54.43405447766807,4.4641951640158215,28.633167310512604,9.678645659513553,21.51002036938118,53.1401673551993,Low
19.114418950098326,18.729683079673855,6.531280694099475,30.75519670656662,4.493657759951678,20.64923734251771,High
5.917671465107039,19.18951028642021,14.14826775285687,23.13222346488932,4.605742407850843,20.135247914777842,High
54.017600973272486,9.680658120507589,44.36214007799477,1.6071334919098568,28.974098364783615,45.42334945902492,Low
17.434885157786816,19.507337241660505,13.942113092776996,22.784828949026462,9.370197737992301,65.6397274691985,High
44.6653974077076,7.56730167068568,41.921806895689414,1.9344722801193748,24.022822627671538,54.79419873137852,Low
12.243092211811199,17.9677739108835,11.249582092277457,31.694046274183634,9.56368713449702,34.139107097229896,High
10.234411469095892,23.65945618297671,5.019952280064846,24.650209898079964,6.5851062081497584,69.90065713140874,High
23.147564928607693,14.65403826926492,22.241589492063323,13.57278930104044,13.892651548249475,40.16653489261243,Moderate
55.22614738277768,8.983864665840349,30.875782470297967,5.182183156359274,22.308015094184796,51.780603767876755,Low
25.14170546707602,11.94631731490885,24.027985189331453,12.02971427024396,13.345488999148158,62.528694445035704,Moderate
5.739360059786668,18.094770132750824,13.045359798621597,20.007835765046003,9.15092380173667,73.88358669891434,High
12.344647545710213,15.759610842372036,7.053141062945457,32.1415943408932,4.242849969755278,70.79546937252975,High
27.672159531726802,14.621219671718954,18.893310671432225,12.460548420309303,14.794379395135364,62.12187981979493,Moderate
49.906121160501314,7.542649733470227,48.84081519574224,1.6695017903446918,27.07259857055914,49.713681101729975,Low
24.027012862319637,11.833582503314695,16.686361116416272,11.87500146346985,14.205172678472096,36.30453487177361,Moderate
51.24516265935845,7.892928483196856,31.88916940772946,6.050712534377437,26.28417534109326,51.4009039658617,Low
35.23099287014974,8.3704112524294,49.889222512267196,5.270076245815337,15.76304271554806,45.648342187861914,Low
10.75042822606651,21.118239510995952,8.843658976776988,21.013530846296916,3.6821878728348203,78.87692301295188,High
46.24902643982601,9.848584027624758,30.674463486788024,6.491539648308727,13.283699281127175,49.20290260054255,Low
20.303166043351556,12.709482505604436,24.722986127013364,12.234538121842533,10.229090346686073,57.66550120454287,Moderate
49.875668530619464,7.228143032084837,35.6871613522567,7.588681344179497,12.015056879191526,51.19351305936299,Low
38.06980213305293,2.043163833989703,30.099865090234683,2.562923753692176,19.07507520500707,47.73081450321318,Low
36.61458627210526,9.770069544389434,46.09983679855062,8.355717050906486,15.778740333151653,52.001875608304566,Low
43.312506579137136,9.956311094988834,48.832679189559315,6.447567265900929,17.59801044645408,49.4391669804654,Low
27.86792100862653,10.445852385931918,18.145024755542828,13.666739714541997,9.913157177491215,64.56527749078009,Moderate
11.872586948976855,21.99543763277756,10.724566656798808,22.654338660692655,5.474501387161646,71.01115047495911,High
32.03511177315516,3.53789158736436,34.085098299985674,3.799242909620145,10.001056538645937,51.6724482863324,Low
7.183401795606474,22.696463093485406,9.530367573638538,28.092397870428098,9.60868640972144,68.69965063042513,High
23.304476976186475,12.252770240494634,23.6201410691164,14.74150072466336,10.05895805145206,58.50718509454251,Moderate
31.110229041464777,1.989921389594368,32.56937820679918,6.667088553964567,16.964612794147374,47.729171603243714,Low
9.772058288612316,23.390781771894993,14.550668269525321,27.78557194532603,7.121374756962294,78.52203842591385,High
31.55045163505823,8.025856795798129,27.015385129240045,7.8292361425757235,25.765504163416594,54.11234310314671,Low
22.960634297081953,11.621170631870415,19.049524858098003,17.9574720778951,9.346100415857716,63.47046918870555,Moderate
56.35546683904043,6.096974251526159,26.52263858087957,8.707971723381132,27.679955537423734,54.98560248485069,Low
32.81945819522607,0.45648745502383736,26.464132632113348,7.136073662634716,16.587561340684353,53.28929891193012,Low
12.077765828672167,16.015558859506406,13.340553774093673,30.48185316927166,6.723803779548349,76.56646889048865,High
23.816110738671604,13.9486514583775,16.615414599392693,10.25704860109661,7.750402643125169,56.64039947076413,Moderate
12.293451215377829,23.160914522555604,6.8219301868929225,30.983862691176018,3.681807077140318,28.425638543699115,High
28.74771362503336,13.408492474578575,15.109984010704597,12.543347135060284,8.00257762088534,59.60663744710704,Moderate
30.628348830927383,6.139703063252327,32.036932561272984,4.315081198476424,25.546042962878367,46.61672335553712,Low
29.87023081981475,13.952768397782735,15.12835601396737,17.414909259868082,7.064716995361671,62.50388927090702,Moderate
19.556165057583797,19.36150266519236,5.075041876662536,27.350701509547353,9.72633210385246,79.77235302991923,High
17.57689757796603,17.60485928701804,12.981667328791636,32.57266126748077,2.460014895072711,27.609802885971984,High
7.017142941179199,24.798786259774314,13.34184346412324,28.55909443699604,4.280626942214173,34.714918713246675,High
17.77061052344198,16.100934997700712,7.256344276067841,31.93220941370995,4.600846310574152,75.43880433141946,High
21.020298946414904,12.042392655775242,19.712602108817336,15.014065577094428,7.763529689001668,56.09859757052733,Moderate
28.163701891133403,13.498432099673842,15.254794335763066,19.717167390660514,11.41983887980805,38.58761567466138,Moderate
9.949004431960693,21.661157381092572,13.626509418784305,26.545556397715025,4.280764984586285,69.88696092118438,High
5.114960299655877,19.90664167816772,6.494246912494307,29.83876015236534,5.731986540341546,32.52706343148216,High
24.499537857808498,12.754362894236456,23.741997706010217,11.934299594080699,7.006445872660993,56.21556629518269,Moderate
7.529893373706347,21.729397068520985,14.415597345039968,24.827901977351566,2.9330438559210963,67.21128160032889,High
16.213066819682734,24.59164537397988,7.685129951384569,20.094269249914884,5.247498632341564,77.94235224067405,High
23.59173587878756,10.375964238508782,16.744660176143896,13.15821256283559,10.805266155245983,41.48168048979544,Moderate
20.40995910608114,12.734182551349933,24.952834031417304,15.994337862734696,11.576316021143738,58.05802582449479,Moderate
19.740386405780008,22.03889151427309,6.313351770760677,31.559736541652715,7.824246453043602,31.68853694879678,High
50.88089390024919,4.304274103209902,36.29348689953609,6.634903451287101,29.620589782301522,50.01396478595324,Low
54.67611728769507,4.391498166337483,25.598656631762086,9.15138820404896,21.923653388047537,50.128826025095734,Low
53.54690931334403,0.8412766225938284,25.491287068671195,9.012592077965634,10.243596708330829,47.39609832028205,Low
33.23674280979913,3.959704726624549,25.696306020526862,8.743980317083308,21.695136166746096,46.68141085894747,Low
24.06802278634381,14.73672451465939,16.143257456012023,13.806611011282008,13.685388285702976,38.08394591965146,Moderate
36.96638085440452,6.224136415659967,30.818208722888798,4.771098176939262,20.330930207785244,49.51546360973057,Low
17.329289252707333,16.655955087760624,9.589897216089344,31.044071524704822,9.969969658998515,70.02829508515251,High
14.77940731981386,17.948721417097854,10.612868775827744,34.690293705117554,6.856611124808123,74.02531024356173,High
56.12249703817534,7.780252431446532,44.850361256649066,0.7869767519539905,14.933768594879947,49.50124272635239,Low
23.4217298268684,10.496630693058137,20.81785835123492,17.434998642840966,11.91166729780754,61.24558635917394,Moderate
22.405378933050503,10.199368111489578,19.531680923013997,13.27097776097792,12.518854286189642,62.08954123428422,Moderate
27.312341449305727,11.973912862086543,17.590541491631157,12.820991618716505,14.300486636415286,56.48301734807747,Moderate
59.95042534178849,2.314752137652981,26.121513940692925,8.937741877619448,13.324010736174909,53.32225783503905,Low
18.220674904573045,17.175431369212752,10.196651056264443,20.68458083176913,6.292732033105348,65.25575819096268,High
56.426122775967855,0.6400634660862092,43.9112771997228,4.618064815620187,22.099000262954085,46.79633826372141,Low
9.026760456325638,23.685284711947578,13.484332519621812,24.601731592880906,5.4721520295300055,30.279947876859822,High
27.877714800885684,13.535258633570463,23.25825190704731,15.06938278757441,7.973617366434063,62.30542631496579,Moderate
17.183740185986743,16.45832927734176,14.903774343858295,31.657057456606047,6.0002067335236156,72.35703737765701,High
51.1404228820994,5.968518768877594,46.040550188569355,2.275338769364633,14.596520835850722,54.304234931787775,Low
58.83571691471742,1.2300329512374564,27.002643165240055,3.5677049034925123,18.946648533323756,53.18542579905503,Low
11.846231221231331,21.36199942705666,14.954664634965248,28.39215583697988,8.635199420200252,25.06010765030147,High
24.06123807631244,11.717952108666525,16.460703839583537,15.91751006664154,5.504790130271351,58.297311071462126,Moderate
45.15757117343571,4.096288948952321,31.14618606233501,2.0351110833188644,21.66665819977035,46.58852691943956,Low
7.212123596017177,20.702275873856216,5.5225218784145245,23.470200973815572,5.271544213329076,31.92479284426183,High
19.89019426228166,24.323538712163142,6.869663060637129,25.393959516596887,5.826889619033449,71.51219192987342,High
47.92239306510925,9.32924862569672,46.12599122241606,0.20121721853074037,21.539183002419584,54.996732052420924,Low
27.917178815635282,12.008356944042674,23.881608320201092,18.45311781330105,12.984893626082009,55.80869745832106,Moderate
38.736874205941255,6.637896861755891,30.749843849081014,0.8947312281038722,27.88182738515691,47.60211367935754,Low
48.93415877991789,2.9991911150698467,29.74840341143902,3.9023854958399506,20.502817035392592,47.617528690370236,Low
14.712141749897539,20.385200764633517,12.428270050004,30.419787886650496,4.823608498171526,69.91534174163942,High
35.59701072153917,7.385974581323307,41.775324513322744,1.519801824740512,15.044462684612377,52.0458603213335,Low
49.48898697141644,8.727538395661279,42.23276030256726,3.733531610318317,15.902177203685707,50.4188017327622,Low
6.090338498018132,22.560109271761934,14.989401982890806,27.514591612104653,3.105602346784078,31.98578206981832,High
13.477435007187074,21.280808399772155,12.340107351391284,21.453404238842985,4.200182649172076,32.47006493720764,High
25.06083465645757,13.30094138921288,24.7232735089717,12.691898911947181,10.601493199490124,39.87813481807599,Moderate
23.285674185171207,11.377979673853245,17.736313927357376,10.465694698624372,6.920352740348679,41.03291510612017,Moderate
13.103961549438212,16.68145276477412,12.6205417953877,26.347907097552696,8.413018090970638,28.52748857437406,High
37.204368563345795,6.2478386278940246,49.140974381670006,4.10303721872662,19.406480958744126,48.21737029858278,Low
59.890030128817415,0.06379043406590679,42.76054537531029,5.374937536732345,11.939042471979755,47.03153937189968,Low
12.113537180449404,23.981899210357803,5.335339389897586,22.962761202645982,3.927389287580321,67.3197509300692,High
11.309576506635327,21.769120668828613,6.78539154566785,21.669078441287034,9.205328776611097,24.629104014067007,High
13.95195039519389,19.388293794670652,12.250981246833042,26.30573812441641,4.643041843499482,29.285290409591767,High
28.106720567624116,13.569043248383895,17.65738078165679,16.423573507861903,7.693649698871399,60.49669669003691,Moderate
29.87715868744671,12.97669203611176,17.293365719050726,19.345689467104553,8.540760516911199,61.411194650519796,Moderate
17.49823801072259,15.867203305752113,7.104447453767917,26.55559988007883,6.232770264349035,73.3294788390446,High
51.66757705179199,1.6574977982015593,32.69547875065298,4.53416230624268,14.612772804285278,52.4891764047852,Low
20.343433843532182,11.474812080818761,19.305594639799946,18.811586669543452,9.284311442326858,40.74433757296359,Moderate
57.46464892764126,0.6835320030995862,38.99361653334187,3.564047358496647,10.777473940333786,48.978785874773685,Low
32.02837690776645,8.25710951560667,46.74239712129085,1.879035887984165,26.276582631856865,48.514416734706835,Low
26.25769415081959,14.548548326945888,18.377349354815543,11.790412384507624,5.855019578261766,63.758857213669515,Moderate
23.991807649888912,11.825424387534351,20.314152404080545,14.756839537829602,12.281741018955056,37.9446409884116,Moderate
5.298303746951547,20.060782601178353,13.453100631173823,30.87442545893946,7.802183131823621,78.3326945198829,High
23.534365544904343,12.32070899031717,17.9449271500354,13.972328397276593,13.331441773865686,62.83916509679203,Moderate
41.1975537488802,6.068469555401391,43.794954089673325,3.9729129294590573,10.867943571571217,47.93676413358436,Low
19.361410029037884,18.697563719318417,10.645642457449139,23.247077535925893,8.552033449323655,26.41658153009149,High
6.040949931780019,17.653865057325127,13.074536599657103,26.320343144803637,7.464643312373106,34.998365932259375,High
15.666733982400103,23.642147910972117,11.176229486753874,24.250791729388727,7.512615425035141,65.8709006691313,High
24.37078758289679,13.283749554241808,24.75316817154944,14.030089999319198,6.997513975329501,44.89867484037893,Moderate
13.670201915488924,20.080384928550238,11.524347002823049,25.49617390574364,9.628417145480025,73.37241287429153,High
25.517092841490737,13.698838938753191,21.070000009781694,19.971352250012508,13.348270980085402,40.16339818838327,Moderate
33.12328948152499,5.793144666619378,49.31420589124342,8.94761987012495,17.93775956449838,47.94321744231236,Low
54.31659992345499,4.768434683178171,47.41436646172525,7.2716280974013845,28.46599016539859,50.44200002113628,Low
51.437877681001865,7.140326444668564,48.398431206213985,5.095088732242019,23.924428722425446,47.53245363040251,Low
17.312073480592183,24.634721235249692,14.854503640090238,25.487069247914672,3.916609139244893,29.48803877981441,High
6.773531434181777,18.36825367645703,12.71825055930466,24.24210523797428,6.654026308806651,22.59603562645124,High
15.189307749087247,16.476566530243,8.282326546439966,22.69421456836003,6.295466363688308,21.111103673258633,High
29.561656838882705,10.342534027955029,20.797293871230053,16.413188801631883,13.145851335678094,55.94457051268719,Moderate
52.394742153540726,2.8152119841492995,37.45324858870106,3.665511873792262,16.267353889145564,48.15056496607599,Low
21.745554953569652,11.047072947976426,24.057446356389477,14.433732548389333,13.480687816698051,38.33714848475793,Moderate
28.79181405891575,12.43705588945145,22.753332265892126,18.07079156258732,9.516801622865787,42.216296360047,Moderate
41.645097786195656,0.11706610730904066,26.489677433828593,0.6489927953840946,26.253860867515648,53.801313534336416,Low
10.70980164681605,15.662127886087609,13.01129939581513,20.97077154550649,8.430947049452865,21.830427155975123,High
22.006641166884425,13.204740953311806,17.915097494455814,11.824093982651222,9.499386621389576,39.04020102862813,Moderate
22.936121650647497,10.418138315899704,17.44779464660762,15.057936004529816,12.160915047407176,43.019203922559825,Moderate
26.857269510756822,10.47548334674557,19.659582342155147,10.087926130352585,10.088957670662728,64.92903490899265,Moderate
58.17203095538689,2.685337560676073,29.644423867467694,9.29870482293879,10.815700268710362,51.54621495797055,Low
7.129085360873919,24.69662639508915,10.738564958410699,32.319654587806426,4.809556271791954,34.03102290826251,High
53.65791633673592,0.6220322616470275,49.72101353259158,2.8684664564719995,19.837519189216476,52.09895433381453,Low
12.082222257631694,15.8670802763643,9.38339872409584,23.463527959600583,2.221026394850412,31.568770292585608,High
15.920162675414568,20.81685974183897,14.262824043398508,30.602686354182737,2.322841759405211,31.24529236542953,High
17.27986925936456,19.109983736821633,9.400895557138291,30.621373107281755,6.304833101888037,26.713737394310666,High
30.14819942803229,5.633953507126401,49.58351921035566,1.0061997722259008,15.708105806056832,46.002113490505245,Low
16.93564578607083,17.157961324394687,11.411616446142615,26.184038889505995,2.3880707764079485,73.62739331791921,High
26.31272256641159,11.647267179787702,22.389670657953086,13.47174506336289,8.101996396141711,39.90119236126782,Moderate
51.36537664042608,7.266709920703232,40.94435354613979,7.728400834265034,17.589227611869298,54.06354211095646,Low
39.990057391745935,3.673907286970705,35.53252204083412,2.4527930497436734,29.653764791826514,45.25004112850592,Low
5.215037632787249,18.515052138087768,11.350769036271924,27.303992728529487,4.9748400655779,23.404158151449977,High
50.8510568657566,0.7893940294655555,32.59337615562748,9.223077754835847,15.437214534518315,51.95407148589306,Low
24.44508962069304,14.171144116844847,21.569110131862544,11.263080003123235,13.52284068057431,38.36926874964038,Moderate
28.943356087585293,12.713270281535607,21.821729782360418,17.133814098857485,8.496005038060167,60.45235718325574,Moderate
23.859214304531903,11.872898034674925,19.8589823198882,12.034275021541376,14.386363164015053,64.29984783134135,Moderate
44.489066162560654,2.260790710105627,26.1147023183536,2.197227501103969,28.196472816641208,46.071566969269234,Low
39.35448399255779,3.1754970025758844,39.114852032258035,6.447199773818176,24.312711011155248,46.06619272805423,Low
24.606989877460983,13.720997624303083,15.406073144523932,17.829420408786923,11.89181758943242,39.337844022073725,Moderate
29.391958616345015,11.816664128363293,19.799167982975725,15.877090299518642,11.777791788202396,35.82352990336758,Moderate
9.369662308984294,19.06821424845569,8.725850596036807,21.570387240920738,6.7297092730909815,31.441558318065432,High
51.77867036610718,4.6035827120192625,25.642241121735204,2.434426167654107,23.54607918596282,52.17434450878254,Low
55.25486330274816,3.029157288331926,25.00567595545639,0.89652231235679,24.488446805386303,48.94629069906032,Low
21.45043271669187,14.251794236771321,24.604141871263856,18.896276699072843,13.568144371338537,58.65406130901557,Moderate
58.66571087864804,9.753431334790704,46.69255244798097,0.2256858320237709,11.51743282448095,53.54820052992188,Low
26.529081054429362,13.371457527836185,16.12683045755507,14.178174517811243,8.25470891106039,57.91723887180361,Moderate
10.187793393542858,17.027053912552173,13.02073776674791,33.4439389067866,4.843895003721471,27.178356000708852,High
13.85864155425414,16.22678456353965,6.37394288112541,29.779034919778375,7.333682527313639,27.309235267531598,High
53.0156486679338,6.036372005593751,35.94292062333854,8.026562441522199,27.182607195024666,50.99379222261102,Low
16.01715884532592,23.751798491675412,10.381200177267196,29.837089730255464,9.659479222443668,67.80651138852932,High
37.14548343140179,4.094120718170183,42.0967531227258,3.582190412430728,23.96233848167047,47.84540610272056,Low
25.942535671999188,12.462353113161177,15.223288305533833,12.350610050100414,10.598337248996376,62.89438398815455,Moderate
48.232103846365774,3.990353176424347,45.854102705211034,6.892793212258371,19.75753211996119,45.400131305351245,Low
19.64721668760427,24.684004016349242,10.434927151888358,26.523001857097313,6.6281054902792915,75.06158285885336,High
7.564066868124037,20.71081192862905,9.406556312271691,26.962322795078137,2.769002633202387,30.008585452702548,High
57.12476083481245,8.034827432968846,28.453132328506182,3.8646256432793527,18.96321746738004,54.2852207504243,Low
41.293901006341486,0.1911609442976403,38.03442553684353,8.453299756887267,29.118375999240882,51.20278817100843,Low
25.463684910261374,13.315144402218305,17.67428072609207,15.72307871455681,7.8826134307358275,41.734208002468705,Moderate
18.909387497681017,16.46632206933175,9.478090677219647,27.05627839464172,2.924924464133637,29.092904371014935,High
23.94340793094323,13.380523216270792,16.326886118258457,13.71581437851701,10.981014169900135,41.55593951244839,Moderate
59.15346248162882,8.581770531571639,38.91446071255383,8.018258998755151,15.757590066696892,50.534295611637276,Low
15.522287403506141,20.24501035583787,14.782504340366504,34.168678943950894,6.2526733978447195,67.57159491938106,High
12.565967447457052,22.760669604655035,12.921051826596106,34.42031671065392,7.1902331877341235,30.13490745256908,High
25.973640749605508,14.750538213430696,15.295527909416185,11.679623963958772,12.226454395808684,57.97343747540046,Moderate
15.566216219519973,20.110041240791233,7.586811370640487,27.429036170099337,8.391143238863467,67.30161867565467,High
56.01882602879407,4.543454230676551,28.282199300120606,6.178131945892864,20.883602318839074,53.54267692657531,Low
7.077922547680233,18.534465622995192,14.430943100855023,34.28993712389425,5.8008388119598555,24.875562822235047,High
21.379229897637032,12.939936558045693,21.062974722470653,18.427216600431592,11.911351881257458,60.56115541487213,Moderate
23.744498775384347,11.90531073392783,18.313085543233953,12.674813858488,10.15374469959548,39.405366481233784,Moderate
20.418627957208997,10.306057534944896,19.02158997273648,11.795147022835991,12.619626007956864,36.211385738489014,Moderate
47.50106295291479,5.693773611822827,28.380432842821367,2.6804718737863773,26.070835536528556,54.11454003454839,Low
25.02301905164446,10.35713823366468,15.340165488460324,12.184559274353258,12.381895765384911,59.82953363216666,Moderate
28.35574689577095,14.66905637504984,16.78621407029602,19.91304059411111,11.744300352345466,60.36429545898358,Moderate
11.473873953747137,16.662287385036798,11.36062199966944,20.4036594680308,6.3316065054080894,30.67544166617712,High
56.90365229718036,1.4287596133941172,35.686663204167225,7.489990174049569,24.80626061687903,53.59728783502233,Low
27.24522002334293,14.973311494361273,19.510540057564576,11.305733307866399,8.757202346397197,63.62271729352939,Moderate
35.55586703602404,3.4751879531375462,49.534583356032,8.545686640326409,22.5042306771503,45.51745479669101,Low
11.887963726700328,21.035754635415493,14.858025335531039,22.00479032317099,6.763223095998566,25.01611893196352,High
53.3144074778231,2.7024769213078326,35.50027510739157,8.410961706161014,23.47033573634518,52.2890213579075,Low
21.282821069493316,11.619640407828848,17.137881269802026,11.101536395796268,5.92102377141845,39.561053995172124,Moderate
14.879795051919135,16.138181416173467,11.21967462300379,29.677114532158182,6.012238163064072,33.57600577457124,High
59.618283879448335,6.877220424305607,29.907357557776677,9.807611743888515,19.146332197856406,52.39796371936099,Low
25.502640978591778,11.318670934725162,24.201925997670678,19.44817071550007,9.625447729253665,59.4543367528603,Moderate
30.760522302463727,4.935465803401186,28.10864603577176,6.707273254426008,10.58341337148149,54.53435824757835,Low
11.063012359904416,17.76887001236956,14.966792508817935,28.127184719071998,9.35583917977443,77.03554824438552,High
19.074795474540053,17.808337029228866,13.461038198143962,23.652605239269494,8.447131228487642,25.158206391809774,High
27.28760464224464,14.022666474222188,18.04829946981573,14.881594782772218,13.020857443719752,40.96662906932482,Moderate
23.099022273372686,10.758043834926564,20.338510392923872,11.62319862085012,7.293356351014152,37.31175883137394,Moderate
49.02017109298834,0.7049194564314465,36.145638745675406,0.968187309872186,15.478297412598074,54.404013722621855,Low
24.775240359212873,11.482232556449938,23.258151264416593,13.986009554409044,9.692177196461163,38.12945617348358,Moderate
46.75212749207415,9.664173858664073,39.4589940779135,9.968492842814399,12.300218736561956,54.52491300434325,Low
7.395696048860353,22.214585879660444,9.484703418259098,29.503865656670833,8.125780828374944,28.553429467200118,High
20.782056569110946,12.299227591811238,24.1839552645905,19.921971531284335,5.351605447468422,59.307166216080105,Moderate
36.71452844467869,7.140527233781268,40.01980373349048,4.080404616028166,20.800583845213755,45.30397414811526,Low
19.799785321621293,21.10844637259844,14.867034844956473,34.64282061037886,9.675957023335924,68.86795633329038,High
48.212821082663424,7.416414518360423,47.795464238486176,9.166431026939161,11.017079376674797,51.798367597577204,Low
51.66800795566978,3.321910331156046,32.902532788674264,4.605825506946665,15.44934368066192,53.55485954695958,Low
50.0846086559457,0.8701721830278875,45.970983419131755,4.484078410159329,27.20495621954929,52.857821503937544,Low
13.517302433240635,23.64517315546703,7.3374584169443215,22.662408176143934,2.699752149822441,78.80649536158334,High
22.67710296475275,12.80723191845146,16.095061805201638,13.26602880261977,5.4472712326539,61.537995093336164,Moderate
19.368579294101565,15.312024879885275,6.738929067890006,33.201762710976475,7.06070061183167,75.3406154276014,High
16.78959413443846,18.493170983247758,9.183623219078502,31.862215466265546,4.675847395498871,75.2359741331453,High
24.468154684192545,11.153242370926446,18.561182302170923,13.76925963925108,14.666306678944244,38.448891741731835,Moderate
43.656604472454035,0.18124041045729733,26.365257580336728,0.004015440253398728,22.665669646659907,49.38332775614354,Low
15.07554883165592,20.52286593782646,14.6262446023701,27.403029146480492,5.076635877453171,21.20177341306094,High
43.380173188738674,8.714140341908543,39.9328094582678,6.215073111380841,28.63888279308744,50.64084921688625,Low
29.649980583428867,11.100062993256927,18.825142244722976,10.699353643905148,14.570216097994429,59.88338143995318,Moderate
47.77050985780087,6.595107686407702,37.45832570735593,8.753632399007607,23.735355911943394,50.897796007780784,Low
5.064686336657497,19.282884057451234,7.391089424054087,30.267660696353904,6.9951795589313654,71.4606625341402,High
54.23537825823776,9.609201469288246,33.23448173255189,6.674155305338311,29.57712030356469,51.098687349855375,Low
57.01254171489991,6.707323119058341,37.49897479911971,7.827456742513867,16.700171399153916,45.18570718765099,Low
14.729548060586275,17.258210764995457,5.9857697874423,24.752021004228332,4.8324714295651505,65.01012094229894,High
17.775825500032127,16.259452977842756,8.066774052627345,34.57923556382322,7.9803250450487475,79.55817200398232,High
26.76668755665883,14.868241830718116,17.251965282252467,13.89323921726521,13.077302795825284,55.78782071003914,Moderate
8.386504142467858,21.396508191370778,6.409947983203148,25.992189156504885,5.139718263302561,21.270166062804844,High
23.112997728190088,13.356955024124941,15.298107228538262,18.134623931347242,5.689121799278814,61.13457426631257,Moderate
6.765984505143333,15.996442715518432,11.450038595258627,21.805668668142026,5.250176628270942,68.58421355231681,High
51.98404634298752,0.4191521671625753,35.39069455072888,5.355219160859636,21.98198650205505,53.25608672507594,Low
5.3013629381644405,21.413177325436294,14.373285801151033,21.108059291806285,4.353967632648113,24.634685804075147,High
32.165952269375275,5.971553059903019,47.73988477777361,6.542357799453179,16.21201942790659,53.591821994111086,Low
26.68485427306779,13.347986082885477,21.895788703123774,14.860621243229502,6.389008462881343,35.641352522373836,Moderate
14.400965747111728,15.869958225406402,12.524574143450788,30.775938220653714,6.718940546086367,20.064306521254004,High
25.86558560747354,11.154794850735797,15.90548810291568,12.45056389253743,7.857112858320497,63.694591165378874,Moderate
22.63521442483732,11.815516603047756,17.350971152707523,14.51210143257567,14.542577457458638,61.949674606058466,Moderate
19.70064399223207,24.403567144657202,12.590860502126242,20.050842421536313,6.2524307332171585,76.35217728863526,High
50.683949074117976,5.417609642675632,25.546167799655045,4.927813458649557,21.301475829602104,52.30706884362886,Low
9.646400750137573,21.146164001428314,14.270295240466114,32.20079608578165,9.034111863081925,33.91972858150378,High
17.895876317372355,15.26687426479219,6.431028652649431,29.50597730423631,6.819675542741571,79.54813798153293,High
11.442755754944791,21.328638868457098,12.81393230224238,23.336972390568064,6.204914951883946,31.547824150983697,High
27.946795684312157,14.501560705453167,16.034792266537732,12.808260686612556,8.054674525280006,61.538046593843305,Moderate
26.286394899635678,13.685534902016517,18.38754112224362,14.566170333997222,9.917090694359564,62.3748948445992,Moderate
41.03822253906253,3.0846828148948404,44.449624289273416,7.960685253969374,10.004817490357329,49.778773056530575,Low
20.696482699262976,13.372971178677934,19.230589275451948,19.444625075105407,11.762349561907048,61.610270582343674,Moderate
15.129599353595392,24.535424361772513,13.496587841996273,29.52699483173057,3.842604273567182,78.85154218018397,High
35.873734043678894,3.4316735317265823,29.084168959960504,5.037194345899563,22.36692614090915,51.01548506379706,Low
54.751482305401865,1.6022560097650629,30.302030936934443,5.852608755098466,23.542549771478036,49.1607023555328,Low
20.399276588051713,11.2185932279069,19.19613021400609,12.897508887789536,9.097788715769752,55.04101450430167,Moderate
55.11039985091016,2.483836087432075,30.04487370631142,1.0395937591238957,19.943076317657432,51.09505122449431,Low
8.111885421185928,17.67355220037124,9.768566898850057,33.79438700593272,3.836444781654664,75.05773765565948,High
19.18973401230952,20.536876922741143,7.0923452767137665,20.452212732746034,4.646101553075337,29.659943489592287,High
26.653777091515078,11.521971762759984,15.916317520970493,13.510749056615666,7.190350331840035,58.182765461194805,Moderate
16.50478472923306,15.257305797774562,6.85488637573597,26.8323531242462,5.02642864960833,30.19510032805492,High
11.824829514679944,24.160299601857503,7.563535019213374,21.08720079236539,3.799758805968401,77.96959761969171,High
24.805782526886784,12.586259127193218,16.4462589431353,18.647255695179894,9.109538344652037,42.509283935167225,Moderate
45.17558078855487,1.568127053168057,40.700761614238424,9.401798347292413,15.267272379961586,48.319062848974966,Low
17.783430004632237,21.16382347183058,12.768067803242971,28.123193880579386,9.135942960516047,66.31015123780514,High
56.91647273859981,9.071950307058298,46.82148553914161,6.428065910861736,17.899805410980647,48.01225748062279,Low
24.625831866494472,12.864966391266112,19.73496986736929,17.93337221927956,14.717987018832055,38.59163938633953,Moderate
36.863944964748676,2.769044873778089,47.25960802138165,1.9598018470176193,24.846204910674487,48.19618125508071,Low
49.35518371228349,2.271795570235149,46.840463218430386,5.119386306819278,22.76185451592905,46.843313489881915,Low
27.326719700006684,14.334717479709346,15.561114785197402,16.033174468894398,10.312225838819266,40.200899376058345,Moderate
24.893531254075853,10.519074565612458,16.813879870312803,11.415053009002651,14.657837504365606,57.48898385193192,Moderate
21.685596720562216,14.352712315529399,19.66034119500037,19.61301069395732,11.211935776118871,57.37314160894751,Moderate
32.56974748789292,3.7217325524689713,41.55580395823982,9.974229390535541,14.838115451835156,47.150714714650526,Low
57.37090036850073,7.962414505413685,40.081135567100745,7.044936364116847,20.40165366433168,52.69186789995928,Low
23.647390294397887,12.969381126826105,23.715142905786557,14.944633265011895,12.61923381723148,58.04182477628516,Moderate
19.15941252985722,20.38346722920669,5.055345709130191,24.903447432435193,2.179712907671143,30.08526089450537,High
10.53006836972942,19.94304424664829,10.462192034350924,27.027374306571907,3.8191067585140077,23.567003920835447,High
10.898918585995599,22.911738662224266,10.552257903611764,30.469856606313243,3.9035874665013948,31.709743126573553,High
21.604177054326094,11.750500691055949,18.149722005507268,14.331776120046523,9.807039846699631,39.521022057643144,Moderate
34.82279688144925,0.5617607734743901,28.698958352735147,7.111218170152859,29.20023761638251,48.290958803147596,Low
24.372767691143906,13.27568238624918,21.27864769943869,16.694296644301346,14.505897757524014,58.55133215315791,Moderate
16.996653457325046,16.337857732105903,9.13539744400516,29.47972382896748,4.101978068840423,25.53744413894116,High
45.470382830894934,5.012756446257294,27.641258636223267,6.214644226567846,15.100073050021514,54.98611427037454,Low
58.49399739875772,8.469688542070605,39.620695282644775,8.545154359107496,28.31886007908105,52.13031456375104,Low
39.623401949152075,6.3414213829573685,31.00747808625917,4.074078813546854,11.04537335123193,49.18446789716228,Low
28.33335620505253,12.195216302347266,23.250303122434445,17.93671285305649,13.13924876218482,36.723961432984524,Moderate
5.166036921029269,23.498377570282212,5.180533829080255,32.55731517652008,3.2276005849112828,65.98104927074176,High
20.420364021904206,14.943179192446419,17.57819477086818,16.676605231273562,5.108925344903258,61.43942305335911,Moderate
23.177475645481277,14.38445838908163,20.175988248754383,11.832528857277534,10.234016686867346,56.69839433301248,Moderate
45.25712073494108,6.958991181688025,29.366179647408238,9.059116712346476,10.948312722801699,48.37755987132229,Low
28.99278792536333,12.041259020825677,17.49317806520096,16.467824400060188,10.905314996031809,62.33204804952977,Moderate
13.84210569893659,22.559831443006345,12.53383749420877,26.41642111774289,6.516884067712088,33.86321291279732,High
7.177949453450635,15.002480237084775,8.160100188117154,31.957186228020454,7.036994673646741,28.55850633886179,High
30.363623239316798,3.138780765150273,27.675728355275954,1.2818807281046174,19.83713742786295,52.367502209132276,Low
5.74482153422537,16.07777849529955,5.058709110518822,33.63948116622543,4.415388941960509,30.660403186233253,High
17.479920030576153,15.753467298584523,14.351141346168895,26.537692469753374,6.5451247746563315,31.360753257391934,High
41.9094455122285,6.151291405411998,49.06831459652848,4.76991915378175,22.833514203229917,48.718601153330944,Low
34.346846162736696,7.120140203307807,42.803426147015124,0.5032293293466394,12.06293521756722,47.80216406990571,Low
27.157440390004673,11.60412127929194,19.24611860786703,13.020729007891697,11.08408870880069,57.589984545281,Moderate
44.90300576577508,8.597946748116456,42.537477536629154,1.2015925873562194,12.678824388000008,52.15105613618089,Low
24.995454233237155,14.844703552537998,15.505396368046267,17.696063897805246,5.802581199858031,44.431631278533494,Moderate
11.379649345506955,18.146106775495777,10.683016965422695,22.883381635099983,4.657155131318478,67.28863359964298,High
18.83986008686902,17.241580943922028,14.32744325146608,28.942050164130265,5.74267528940283,32.91925147984347,High
25.28033882803827,12.03467487317831,21.308427814040467,11.091126441855776,9.00801230862023,57.19924548039374,Moderate
22.555028242390637,14.725688175512587,23.907930516903235,16.585951811884712,14.998221653614568,44.565489087292065,Moderate
48.450389041166,8.05714525668218,42.71458864419563,4.118522831444969,23.570341389688288,49.363511943036116,Low
7.466562580363493,24.824230663538806,10.897549217802705,25.326105059066265,8.562314083495819,68.83751807766647,High
29.41601038787374,12.879553791843186,20.320178191119393,11.030140791380507,11.999723698735254,39.10777089524291,Moderate
38.124967537862226,3.452231428016921,44.58673900123169,8.087994445011507,20.170777829954158,48.09481579194867,Low
6.331158510571507,17.969290522348984,13.428581788723964,24.660213859093794,2.888556617350175,68.71001820408296,High
22.45937214252849,10.143050717996175,23.01075920249494,13.010196760271214,10.814211446526173,61.88284670368008,Moderate
23.871308932722847,10.744436013118834,23.57963431999005,11.170564589645867,10.525359383894278,64.08655561340359,Moderate
40.60056684078158,4.9232548000118195,40.25269805090586,1.3063438155735974,29.55986847476469,46.665455885938016,Low
30.27591154849889,9.180765521991507,36.96227675267973,9.478565672536607,15.101744448427963,47.051828333951605,Low
34.18953764268939,7.073970000329277,39.90356623874742,0.23047088406607408,15.949853399853364,53.17498256525667,Low
32.283925784709005,6.167836078525411,34.42465418217104,7.385390394759076,21.04444560347693,46.62229571096497,Low
55.85356863040552,2.8249606597285224,39.91167688533859,5.780721020124125,22.981612040377687,50.25102398142244,Low
59.275562383876036,3.9701504123719165,27.004668920302834,4.431273453229146,14.022730851807545,52.2420491280837,Low
49.37432437965618,0.6845045256601678,37.651117310295916,0.1363984583588107,20.07546887449268,54.735265518372515,Low
21.65563515085354,10.245443749744952,24.80630125146547,16.230931273139056,13.297444376533422,44.77187739132418,Moderate
43.10552107845538,3.3745427896422897,41.64867915201161,7.921899382752451,10.66835989410119,52.747216226093414,Low
9.399610442352198,24.77320994195469,13.387100913283499,31.88890661477528,6.452417107538488,27.606856187933847,High
42.40647304576055,2.325059922078312,29.083861243578912,8.404427505460202,18.36766675426543,48.929588066366826,Low
58.832109524083656,9.509285945025484,26.0775027237081,0.854084828082653,27.52584697047875,47.91576769575765,Low
44.893834570658996,4.500586394262252,48.30667209802431,4.532617725258596,15.867793511659567,46.75224292366115,Low
13.449103371853203,19.54290049077045,12.22204559668463,31.089520595316145,8.596447026981675,21.572393406809976,High
22.065479697688957,10.129629471496454,19.63359306397635,10.186884549796838,5.979254499855777,58.260705023271235,Moderate
25.65994838269192,13.550177923011006,16.04825849522493,14.952030088510355,7.55175443606608,37.707227581959835,Moderate
5.291856757977633,19.211151708676297,7.350243759508777,29.553835910846438,9.947841522131945,30.35761098719217,High
35.44315043086881,6.739942081457304,38.204731543908906,4.046537416485502,10.675783018964973,50.94104638275425,Low
50.7568559307808,8.049067768414385,39.63969209681531,1.2331849107529225,25.215186167739,48.31213814623121,Low
42.637441598822164,4.196273828068104,34.21812888677115,8.315739259104525,25.134098202229392,54.54015804119187,Low
29.942996338040388,13.391448742885911,18.096016481329833,10.047661304815364,6.791668748387148,56.29183917808749,Moderate
12.30580427423372,16.532007764444394,5.172856709698128,34.76552876129471,5.416928677585437,79.73331643840321,High
27.243820515166338,10.966000637391959,23.246156607450082,14.982672570007528,9.544024589387014,38.283520738107185,Moderate
31.203275742374473,2.4150062799283347,42.32272277561919,9.40639999186114,27.125702560935245,53.62674070331889,Low
17.271195254993472,22.369799645356572,7.6355722313150345,20.845669501205677,5.64021034164048,76.03939047002852,High
12.936626422832877,21.3564110631968,10.98828915913163,27.41905251838059,5.6953952969385755,69.50346421344315,High
54.512162128478394,2.675926767279715,31.763981412199783,6.554359784406612,10.184831768110287,49.75926697364963,Low
40.231990531507755,3.053106766967313,35.067593024864,5.934964158218515,10.135763480471795,51.793166653135536,Low
21.805650166752248,10.510575444745184,17.26731464517443,14.8309359831435,9.510385294813155,41.245180153643474,Moderate
26.248068577332603,13.549413443881573,24.217456779348552,10.068199450025528,11.354893032732697,38.005911227809186,Moderate
21.26052608952407,10.000046479877923,22.383823830270202,17.741436197415638,14.335880524162132,37.16490567266118,Moderate
51.059006317731104,6.341040313763314,28.17060056376047,8.436805296649776,17.961743564724618,48.604630291492555,Low
47.724997817070324,1.9609771273839294,45.07529703815801,4.52215100101718,20.20785442697413,46.436916072617336,Low
9.242814514541248,20.802446630404408,10.340560688773962,24.125003675763363,4.574645420532065,34.47864113300416,High
47.706920006072615,3.965536819899632,41.211613922505926,0.8337905376875954,19.53135887160037,49.80266925665627,Low
6.249075025126957,15.769303502209919,7.106269170529612,21.433405594931493,4.3814427494225985,65.81893379629179,High
15.774502706297115,16.72193454112086,14.949012513467144,25.679336397250854,3.575319017485315,34.96711316475661,High
12.131390644582783,23.34635123769588,12.701487637137433,23.780899101910013,8.301752603797333,22.27782917289526,High
14.314038675887652,17.618170519618758,10.469634752944371,26.49943461188348,9.441961751319933,33.93675828305676,High
54.28083466435541,1.0422480280834767,41.21913465398465,3.5000686847317874,16.849504383726085,48.841941849259776,Low
21.073984236911325,10.763936368217335,16.818221613148978,17.613079987559825,14.628655697814475,63.62017716130017,Moderate
19.993870951103496,20.14725285643867,10.547472901676015,24.323913307663453,7.6991809583290935,33.600365082757634,High
11.869071552452818,24.541177907715728,9.4821397541307,30.21039470827383,5.55995849521535,77.71785103699615,High
18.392249579136333,20.261517596566083,10.866290879706142,27.445579203184366,9.886038374303919,26.43447619377353,High
34.83663861762013,2.0201566840249,37.50696338019401,3.7625932933042194,16.104290602577183,45.35748394465865,Low
32.20490241990038,8.979191869576658,39.230161578235695,0.24697297686111286,29.972346383287693,46.69792639550948,Low
49.7283867690103,7.036859774607958,32.694272632328726,7.984535050511905,27.425539762423142,51.7894542428067,Low
14.657282287768002,18.53018349522713,5.563817657713872,28.863791945785575,7.836971527727223,72.57196750893468,High
31.90675050858071,9.092202058615602,43.67695667822572,2.58226813259983,12.110272928024022,49.97023647777207,Low
22.140396917699658,13.345603417833804,21.872081861316875,18.236032332153925,11.838689978380847,37.33579083121866,Moderate
49.47630906348191,8.80314762148927,37.99029189507519,6.860911539434868,28.02971702201498,50.25250464830488,Low
12.601814371626189,22.037027526438024,6.068432077335723,32.693487076829236,5.204781080291305,77.38022189542697,High
55.5654450095562,1.1099809879131484,25.503446223732247,5.218308753051893,11.820726298908834,49.018987079559665,Low
9.710567743947252,20.428099991638817,6.275807443621648,22.982318058743065,2.178078619358888,33.72559915754827,High
13.556549826857692,21.71565483021824,6.403295531107255,34.87949910669958,3.2080305557965962,79.68748439532712,High
22.293212412876883,14.833113050798818,18.963434458310367,14.681960449310212,5.909597187462169,62.87101132535874,Moderate
5.33450579030981,22.807461512653962,7.2664302781160215,25.564312866997007,5.22888393681468,75.97089720783696,High
24.339793511871648,12.300098838773748,17.32898234799233,12.732978667289762,7.725716694184145,57.0462547255902,Moderate
32.60760864262271,2.0888272400516374,26.340869788020772,0.8877326695623267,13.939072604174427,54.366879266671496,Low
37.63921964291291,0.1755236336662891,45.50633297362224,6.614662053236518,11.355927916562251,51.62185885711833,Low
9.653916419795623,24.435340214777405,10.474848939059964,27.47839475776081,9.933311711027015,28.07810581064524,High
27.323950458572558,14.540372012647953,15.742985382359343,17.183782847761766,10.970414468346839,62.809331797904946,Moderate
27.11022717602244,10.140920261725585,16.25897353704987,15.127853311377448,12.62035148910024,63.887160946127466,Moderate
59.598903688765404,8.371196278306522,36.11781942145839,4.691774960927717,28.981592063656336,53.3132407128525,Low
32.47143136847528,1.6528449014295743,36.11433752673571,5.657473065511459,20.73736435941204,49.32227075491042,Low
5.119642510122388,17.366992406553933,14.589302063225768,28.034623594628435,7.100653368910435,74.1104227738486,High
53.82591993831252,9.903323037936483,31.136361563473262,9.403970339455443,20.63821393762605,47.960245515206104,Low
15.355698419438543,24.867271726361885,10.283706993308375,29.12139696257453,5.8310397170007535,25.551171755859755,High
22.88937850571717,12.0991531927361,19.723999688393643,11.61886823356587,13.939766743059621,41.14481008202982,Moderate
55.079403615366175,9.928168389990704,49.273506240115466,2.7752280490239256,17.914896596947088,52.09272011669813,Low
21.590251307664264,12.92946172859864,24.511270322673777,12.743870902057052,14.291708793471722,40.60270075596973,Moderate
58.55435356269717,6.246140481145316,31.040031910894076,3.0963181000284576,26.88419171552464,51.73711647720849,Low
15.641313240040265,24.11596753383944,11.833529704653053,31.040109307995028,3.5036617416527065,22.91793517368577,High
12.973728563550253,20.282612137283046,11.482301151893788,29.41358594955905,3.877926005464044,21.707459861111975,High
16.578250415970857,23.458971368806274,6.626542683848226,29.523621087138544,4.656320565298392,75.52188679155913,High
26.381394884910243,11.841986851105107,16.420220441211537,12.96210439800037,5.807590899422882,36.29403000598568,Moderate
22.138352556671308,13.664848338608273,20.737315438221902,18.706945022561538,10.480868680606495,37.84800374249551,Moderate
10.437295118011427,16.69191522792624,11.172223686334284,22.59511055326041,5.920398599419296,77.65658711523912,High
29.031525112022933,12.990589392677679,21.592255879008693,16.991964733528544,8.293495140778486,56.893337534970705,Moderate
9.59373524565893,16.42260212183976,5.25704222826349,26.426998168405785,3.4831968086116962,78.34231706803732,High
29.830151562502593,13.239043990109556,23.854119499183735,10.901285402681754,12.148819434892722,63.59360224752821,Moderate
57.88127967382758,3.3734554676909267,44.387632417974984,6.941316539762369,16.73843826153491,49.39448223292921,Low
8.693305298548049,18.04041200737415,10.24780096099265,34.60492900648774,2.5217416436126747,33.07225525184919,High
24.13686263739004,13.874278987153533,15.56194936733257,11.004293343075538,13.321064851443516,62.39417913665866,Moderate
27.965909363976444,11.492174691087879,22.61844808783735,16.46422054115559,7.833401908733505,62.89073982881693,Moderate
25.484734211753963,14.261643382427211,16.675304883042767,11.136635848999925,6.591209428719555,59.32347738338132,Moderate
46.63062157534202,8.211982825502265,25.55165371705727,9.507447132126718,12.51881282095001,49.14067825767816,Low
19.25710788726461,20.046842334993357,12.898001150738953,22.905716604882034,2.2989792748585005,71.37875210920002,High
29.46799277795759,13.70725884019679,15.578524909990914,12.415595072164013,5.597232889719442,39.53853255685053,Moderate
15.344165298024365,24.459445605920518,5.601177375848382,34.219014590849454,5.4711462552742445,32.50032671144304,High
27.03753508161509,11.568834881442193,18.28108561106519,18.3291827812863,5.44389704175186,36.814976282708415,Moderate
13.442457434026915,24.768359486302533,11.397485462646788,32.242899967582495,5.359010471493634,20.615911170083567,High
11.221099347158303,17.810206706385273,13.701836859724013,27.215371935166175,3.325423198567247,20.691096977827588,High
21.966320424660022,10.098993650590787,19.38708901492526,16.668194682958486,8.423515016353283,57.27191253182216,Moderate
41.238378438794136,5.9366079120853845,45.648307713750405,5.962585752327021,19.3571892526832,50.209913886493574,Low
36.028010659771695,0.006533907612995549,35.951101897634594,8.89687412571665,21.907114450206237,52.60558115519923,Low
17.43138068223733,17.184478715768705,12.249960285613628,25.127410471160367,5.612230847513488,75.91497506682028,High
38.12234019430662,9.464565131504054,28.30671787746204,0.8291458139448116,12.679497334995624,51.22166924173608,Low
24.78018306659539,12.952677198410129,17.948563127002355,15.273776630980635,8.08075995989664,63.08513273260411,Moderate
21.797469013382585,13.939851337041318,18.985633877940266,10.261561445324132,9.103474265166671,37.382624133399304,Moderate
6.411672314970019,18.818272694338646,11.31796615706175,22.269076661150503,2.6426009937858383,73.97742065019914,High
20.61347557962646,11.672788964155416,21.920674842711946,17.66345725285428,10.245400227039607,64.44487879845244,Moderate
23.52281080705799,12.47316931509959,22.088062979704112,11.066527174279301,5.832447813686006,57.41542812715978,Moderate
39.755499660802414,4.9781250803429025,26.498582521532708,4.5776461270413416,23.214547862183032,51.123112888403966,Low
26.9858027145279,10.728465444150183,16.21583307086241,15.775776598819688,10.84779231063952,43.27480959757006,Moderate
45.2508164074884,8.79330215678474,41.731707293770874,3.8705001193488697,17.444905903721427,49.26673980615805,Low
14.993021139357303,22.140532219683575,11.424664323339154,22.302072643538104,8.256892969043125,72.37758656528511,High
14.614448219057412,15.486720180486234,6.202994760251678,23.595303740688415,4.1576702460635,75.03498015669507,High
22.32863989790841,11.285424829018613,20.89037891615317,17.475168967475064,10.75368406977045,57.71460663020991,Moderate
43.91095214819946,5.112754622007511,43.37562965474558,9.660214591302086,13.716641111306851,51.12166220723146,Low
23.93720406532195,13.578938481731472,18.334196955153477,14.840531191522071,6.9619274902656745,43.54916958559771,Moderate
25.757389324926805,12.500795031412721,20.212867904991896,11.30349206662484,14.658303979980174,42.77791580419691,Moderate
26.474421218162032,13.761719865044206,23.850608762036146,16.242632353761046,13.048124609782379,36.6840794901003,Moderate
50.849456583796275,2.532723835227151,29.816909912167507,3.207121649842939,16.19530628285807,46.498942953281585,Low
20.233223315626752,10.294383015077061,23.954635577589734,14.587240538305792,7.952814366136144,56.69713416394911,Moderate
27.69465994447716,10.179642325279286,22.557081268186124,19.95280241313955,7.5777469318288215,38.73315406365941,Moderate
12.304546830804274,19.83896827919927,6.957264513043414,23.1634722293673,8.378228063354666,30.615937817099308,High
54.18603839379184,8.427119021605549,32.56165793653674,5.016991660064249,10.299970007542733,46.34525492289185,Low
13.227484954252557,21.060155842126665,11.6989033942803,32.91180206798019,5.146497609916407,69.89078825431571,High
29.60066983179637,13.331315130958934,20.09877473954096,14.758315950012912,6.272654919115112,56.39771661093494,Moderate
24.715163713960514,10.73515004607573,23.23917027827489,14.130271116315281,9.12888029865358,62.416608887180885,Moderate
5.9879898675071335,15.829395722816638,10.906355657946374,24.080141534204728,3.171419252864635,72.99265780367963,High
28.81556261068001,12.305049244198106,21.36043005437933,15.907680595764829,11.26719922949512,55.93213925892699,Moderate
9.36360781074338,24.326981245629412,10.117502277870527,28.397054843104833,5.972032988517289,34.638369772987986,High
31.712605682679445,3.604268271414861,26.291433927866027,8.25134875661419,12.207884684998675,45.98769051398751,Low
20.84545722612408,10.732516702527093,21.634986303769466,13.575771009578126,5.800146078269879,55.44346861953601,Moderate
18.824436610965833,24.15804596031882,7.9820886961337525,33.74559588792736,3.7671177558055895,30.69702130058311,High
19.49472794922011,18.3276624500865,14.804832987864335,27.038075009294573,5.148247567915474,32.317271808593546,High
58.38346386400898,3.530503916003024,45.359598016727034,9.579793532488907,17.004732286541536,48.686206524982886,Low
21.77655907852839,14.415288646162836,20.2582105627312,18.924554581474336,14.215714731765662,41.113055170553864,Moderate
19.404414363216972,19.937293135091092,7.5538933700814255,20.32479557737305,4.398496488181268,75.10332588154354,High
30.795339316248654,9.024533072858418,30.512190985368733,5.405526753889242,15.638591035031215,52.86182669198213,Low
40.053565627774255,3.0104607783431305,33.154256353206335,6.292191930082921,25.38339739047175,53.3479849257994,Low
11.632585155873098,15.28336944489388,6.459648465369794,25.88672958051619,4.930585525489132,71.60260573886013,High
21.743882662496176,10.806866857574146,20.28147880795364,10.058062609092426,8.83328775392984,35.604469229852704,Moderate
19.837870292969,17.28430502616163,14.299900242979815,26.253587869086125,4.700012626620268,70.29927927610983,High
32.97534298761648,7.523978823037879,42.9674816493199,1.5049549807258555,24.340958774142095,51.74673992023162,Low
37.74733164896875,6.478174459905284,41.14006442646029,5.689214058447163,11.230860682696736,53.23724286136987,Low
22.04068870478741,12.850188943926746,20.978422099949775,15.93596134948221,8.65391012333533,42.922507001640184,Moderate
45.07698229390327,5.247356376614322,28.919010716290984,8.811051483565658,18.77310762700749,50.707437417333196,Low
45.7317080798274,9.504591705752958,26.725923422784373,9.577666581762225,27.220176426160272,46.08145942337199,Low
19.062266680597155,22.003397285500988,8.007112716495936,34.86355488729792,4.921787722594045,25.081797580753218,High
18.122356820896513,16.833247102265826,11.520198107574434,33.704120700279006,5.8840264705698155,67.55200697218014,High
19.067269792954264,15.920485098303379,12.454457793300838,34.726222431566526,9.902793099879768,28.732364673509437,High
15.333183860464047,15.820455536629808,10.787822054732636,25.757057374175886,5.039697974937992,27.182338317962053,High
32.74460512193264,7.387231507265664,36.391238735996936,8.043744141377006,22.056150645335187,54.282167956475945,Low
33.206307692842316,8.090236402916764,41.23890016892405,0.6121665814357202,16.918990357264057,46.21511169537666,Low
20.526731562054508,13.658598085541326,24.737407004323977,17.614693289373168,7.699410261753804,64.14695743521214,Moderate
16.765069674057592,20.23525487055993,9.378976367294172,29.277316539088563,3.618326569109458,74.92561086274932,High
6.352300992715968,22.14007558102675,11.358763087743517,27.766403051051046,4.226628212356831,24.32610397923703,High
20.581977701302872,10.010056321727179,20.662223448106484,10.44663033857432,10.669280115363321,64.7079099056903,Moderate
9.731795042671838,17.16485273585823,11.501384119720907,27.115810131392504,5.3071376374250585,75.79398430054846,High
15.723507731151585,16.90465164459513,7.7846130621789165,29.03500195721497,7.478576865500126,71.71310315836777,High
15.38296408661471,22.177367937066162,14.43687932748237,34.58078013408497,4.0146572711596145,28.331157441789415,High
23.461040288851034,14.482541175557657,22.741303810618504,12.179934810843697,5.26352445020828,59.29047993972116,Moderate
10.287315224346475,21.628214185384145,11.197578007244221,27.394371507344633,9.787671861742094,67.00423828439247,High
27.522694609453396,11.03010999840804,21.251598066728665,18.276273793621446,8.490409956905184,59.045164031151316,Moderate
5.418869296516276,24.104173075174607,7.924623928563758,20.452552895854854,9.901677783327866,30.928337093449073,High
21.664201855224526,13.980183799508822,18.507408988828107,11.248424998087945,7.2595754063765225,43.63957028115023,Moderate
50.64404118259627,8.209810172991409,40.66883371355828,3.410478728306235,20.75046200406097,46.27420783359399,Low
26.214293786195046,14.446128010424468,23.153541341503658,17.37373633539586,14.362743976694658,57.308177851877815,Moderate
6.617320664301449,20.60192663576526,13.790320986349991,22.245843534151174,4.190627738655018,66.87891494827907,High
33.85182868362376,5.6772731793105455,26.651382695554002,7.249127466244395,24.77984126312488,48.36159664985099,Low
33.0313743303194,1.8573307200518563,28.534588855408504,7.482388061809001,24.718707838748912,50.721468777864004,Low
11.895642596622924,22.079052491734068,7.8583860410645645,31.949639560085167,4.795951278851277,65.21691268630717,High
14.880261261108219,17.247226773668093,13.49685136123002,27.825389452853862,3.1535598470240567,71.27749955700259,High
43.669702583571386,2.857835555258702,31.529060812771505,6.0379275728611805,26.20606598246665,47.46477909576736,Low
11.117463265000787,15.105917990415357,8.286552601880402,24.605522298997787,6.978617426334743,23.840126272253354,High
50.768296935535574,9.060870604812605,44.419960930215765,5.335544335535794,16.023180395708906,51.41490369064288,Low
25.2375097691853,10.953907850457817,21.838597250088334,11.20397175481295,11.85179524206495,40.28058421892125,Moderate
16.095559346767846,18.30813228357074,14.550007575025525,31.701289376262146,9.558006947390894,72.38130348271454,High
33.66329742030081,6.543420054927197,32.890830384178805,1.8180846566694975,15.288085958592907,48.75705805380271,Low
53.55527884179041,2.6015779096205116,45.60876118123374,2.6269547700193527,18.12164265119542,46.521478869195164,Low
46.10923268680241,0.9139148633177641,42.521642431097,1.9127737103739706,19.220671361956242,49.33622586901674,Low
18.396560720839993,21.45447600587321,8.98147756305644,32.33066284153497,8.173779244944887,77.31040941779263,High
54.57566578280371,5.80699084554285,48.57456960177839,6.619698394506342,24.667230294641872,53.122395386087476,Low
19.491787310007997,17.63132723757409,12.238539146741893,25.734866618671273,2.2788452585755605,65.11888187011141,High
19.707535955020525,23.8508945462827,14.188691358041549,23.934270142296725,2.0940687932223723,75.58910480274898,High
33.03368028368371,2.8840543781874572,48.06085709140311,5.151922261382137,27.248682602823138,49.71937365755294,Low
28.6409592410061,10.42620148898077,17.90734228458623,17.4375776214101,6.262682279229892,56.860084318559956,Moderate
23.824577834543117,13.249380146157598,22.91362874055159,11.557531405919399,10.458057641871719,63.95669212637893,Moderate
18.059575461997564,16.635415864215567,6.8784571128199445,26.46176978184041,4.195930983191288,25.95286211231063,High
29.46381847488054,10.198327048456076,23.494297397176474,17.134190609006716,5.321071225422685,62.27242319569979,Moderate
23.670827470872467,12.128267239078026,21.954083623956674,17.63460676533682,11.922261284129062,63.35362354178893,Moderate
10.450876848195342,24.108879545056112,14.543074091409698,29.764154812534837,3.7357294256427114,76.7089473934102,High
8.874166205054218,22.245249177190196,8.13174516941889,24.084117654439137,8.91505395052048,78.59278656549576,High
8.867416690201427,15.992974649924856,14.07929446885436,30.105173443330948,2.556026863502339,30.98675496363404,High
9.278586835737018,19.032869841460677,10.14378123144531,26.283077588353443,5.826111584259634,20.08996839675444,High
56.51357654890277,9.14548663848559,39.27267634380362,9.59024175972966,16.48627327751161,52.666226651744864,Low
10.983173977090091,16.51952604051345,8.303553324843708,24.217102646737217,2.887219103871204,79.33259727618412,High
7.760956058020995,21.270151315855603,12.968859076038882,24.253234177496367,9.798402289441853,26.072387127435608,High
7.780743493320928,19.34996111851209,14.721524851245123,26.213762837301495,2.8750439348969064,74.55980252215647,High
40.17089373146102,1.1098946921348107,40.47931838414592,6.91927363266592,17.55593647818823,47.26900767243808,Low
57.626172015954396,1.0189238806601353,32.92356554418203,7.284939338474402,29.007595029641863,50.11295746246034,Low
39.824920565337436,6.441492214759159,28.292172585905178,8.94747570831301,15.30069836281095,54.45117507342546,Low
17.188554091056425,16.39108279982954,6.193114592570097,32.15926657515893,6.094112044604572,34.436765684064994,High
27.256781334885183,14.55691661664001,17.45926594531584,19.608761351199334,6.77052803650019,37.69356918180494,Moderate
16.055174886433424,15.104109866125158,9.785173012674946,25.497124537629936,4.088563697420183,74.15323959867803,High
40.679180359537845,2.5760722033372185,32.00836881378531,0.3756622954398059,24.887364086079813,52.12063421409171,Low
29.495213761786005,10.982898380408745,16.442806506887493,18.010028976355926,6.88592998495004,56.14248453258056,Moderate
9.080579848723435,15.296128621419815,10.843279749472046,24.439164873708624,6.241875926502829,66.74171053618127,High
26.228761490206036,12.13167452720173,22.493221715832348,13.568551531379567,14.568335281025902,58.814410821056086,Moderate
17.812797436916377,23.49439561311116,10.64923785037977,20.33297193545799,7.459431168912734,77.38058013839007,High
48.8267424025219,1.4879596940511564,39.25717346828476,0.10046981054831594,28.64267830796566,47.44789519029425,Low
17.6499923218189,23.822719276107808,5.926404229541338,23.653691814460913,9.244919923479856,76.32050264617098,High
26.20710863735949,13.581798928554873,15.700856424191432,19.402191043158506,12.84775831270235,57.34405744408259,Moderate
27.685963944902753,12.509268568083257,18.36326612330478,12.944675211572642,10.408179778557614,59.26000810502409,Moderate
8.470810915817646,22.328526332705493,10.594800646462401,33.068846199202575,6.763924355183514,66.10775510266797,High
31.951547789558386,4.639324866883362,27.030740870166817,7.88913962965867,14.912631480976291,53.77832603575814,Low
33.05347417861211,6.077521222527226,45.73906789207625,8.935099713933178,21.083394432220004,50.88943648507349,Low
14.995131735001868,15.429468405169317,14.544391365598058,30.63830945736924,3.187207460486462,74.98587981936693,High
14.361344417454983,17.008870918801104,12.36767094067595,34.018697958229424,7.7644964831506,71.1871422228436,High
56.04426763132516,9.811179078679357,26.81663968952892,3.3966062048144274,19.518126549464014,49.842130657597906,Low
26.191593727202008,10.878862550237304,15.673088883738814,12.39277462883106,13.852567477986433,57.28418456831936,Moderate
26.042409640970988,14.984127184056202,22.85467265986192,17.038691289396162,6.618753137333179,64.3249587451374,Moderate
9.465585942116306,15.536794302661596,7.472106361330049,30.69454342469919,6.109400500689477,68.11794360733148,High
33.16994052785232,8.848551176960044,31.642139121656587,0.3105687603515561,13.452182258045491,51.36040355131886,Low
15.3100044315251,21.657833434322704,10.462340639533881,33.10632982853028,6.817209672575109,30.05956762402498,High
24.023262567586613,13.61427089837677,17.214981453429864,13.182567776331206,13.828326343393693,62.24631336899394,Moderate
5.1439627980709455,15.700894516055596,5.852579754219889,22.53166277107794,4.457365577308022,21.216536615209677,High
28.644276285221032,12.428706783084271,17.223564531919124,15.357922618156124,11.296603161278345,64.97696218661213,Moderate
35.02857648864953,0.9491793682166971,49.1683556883777,6.906153123866363,15.880067771899062,49.525645034355826,Low
9.63841963150514,17.287021845434975,10.975758014018147,20.753190329171236,6.833107049227449,71.86492382493978,High
50.32693085526847,6.8632719668609745,29.4224237705996,0.5282589390860248,26.320670046041368,50.188895316510816,Low
58.621530817761666,6.585405156700549,29.29573650894146,1.8849985279556114,21.717042448663367,46.04554458151024,Low
12.903939660062331,21.824955933756428,14.755133661847646,32.03624448379273,5.906033741057754,77.97978212191714,High
13.597691506376297,18.054030834800567,8.862943041969466,26.999007165680116,4.8014750655312435,75.48966088148737,High
29.36456390355105,14.708640349752372,16.17608634633154,10.219010759263679,11.732980610196826,38.384805103679774,Moderate
23.950567736032504,10.070951499973752,15.444745984108035,13.047889996735798,6.580998437135915,35.0608753097559,Moderate
42.31190480968985,8.902150026361744,35.19445086015406,1.3170953520635509,11.201463367099649,45.13981712971365,Low
29.50645624725947,13.987572798027383,21.164339230065217,13.312265162949634,10.331367220453773,38.87659900558799,Moderate
8.595147629169112,21.868461684008352,8.439781921638474,34.600311691894845,9.526504842783375,67.01410309275386,High
59.035801045350915,5.776317543444226,26.415638934438952,5.159458785254234,23.935910279286823,50.15546994075142,Low
20.841704365602038,11.601293322564914,20.955488962892066,16.88088923048694,9.277748958041931,63.02992017867153,Moderate
20.730726522532724,14.248703640726877,18.724111440144412,18.385754214725125,10.366916785560122,44.26214105398569,Moderate
25.531767061367567,14.075135521254275,24.126176982038636,11.905612402857367,12.078497487286414,43.32849041591442,Moderate
5.277990893445665,22.329439313304604,8.224755030425616,31.765660251932744,3.0420742084245997,30.129819640240925,High
25.893485765054844,14.060660529015195,18.317464916810625,16.964985728449783,11.287498531944623,55.55838220876474,Moderate
9.814051776363197,15.010161109260698,9.10557803307162,29.075666037812663,9.8730942060679,76.90389081616459,High
21.765012225180556,10.962585110984515,20.36688411862773,10.564143066445173,13.056978554380688,36.79844446835541,Moderate
31.302375985644574,3.024195112785364,31.436980412311733,8.296438053529284,19.404981706575086,50.482037727921515,Low
7.314677352014764,22.01724123507547,5.390894889083419,21.392353516420865,3.9851428477004376,32.1985899776176,High
16.834573334152175,23.86054306129986,7.677669612982411,28.882957499379337,3.6388150893138613,77.88575903050307,High
49.27257834618947,1.2055841640369025,40.12723796351346,9.684191305004079,16.345104328994,45.723485098974855,Low
25.62014654543024,11.794391440187644,24.994827040238526,19.770518594542352,6.902266964164131,38.52475441595699,Moderate
5.486195936789132,24.405434317918846,11.924165892752905,33.08092796271971,9.749364182414215,31.004888703507877,High
17.05812799384828,15.411218966173923,6.600070361613968,27.046447350036313,9.563150724371514,75.18055272258721,High
18.53208297040978,21.82130133485112,6.03643926656259,34.276092874624894,5.356108281087708,75.19074003402505,High
13.625386819074873,17.834395926860573,10.835357142675708,32.9002560501666,7.405068923553956,25.292896143159965,High
45.868114020816364,4.8303969755889,45.129359934009415,5.272551499506771,20.94255285137801,46.33381236637743,Low
28.807538380567184,12.179134556598129,19.10639632021124,16.802361962831114,8.077938473829153,60.68769102522877,Moderate
10.97929120886119,16.356605130055595,9.725702919530292,34.88599864006105,6.510267926260445,25.603386466199005,High
20.14616884317614,12.831254339360035,18.435329445814915,14.899161116044947,6.438588069632994,56.82531551008674,Moderate
36.45605616051712,9.091752640535857,44.96389595326498,6.881176592063502,12.129635265694127,53.57995222727359,Low
29.738402649752146,14.434931467534291,22.03107151099224,13.453852348717213,5.608102614804772,38.00526757238496,Moderate
56.76254066820703,3.4395768655768553,31.428808777727397,2.4894352479687276,13.512529311360046,47.3948871457013,Low
59.2046690753219,9.411208125336735,43.46365133492409,1.310798617047031,24.77556057837195,53.352455477380026,Low
38.92645353956462,5.570405132750351,36.20213718207691,6.472222833978555,24.413289090157246,51.34914235312064,Low
24.004452264518847,14.925631118380622,24.373626722750437,12.105835536285992,11.99823733343828,39.3442013811833,Moderate
28.552303633440687,10.721487011376396,23.762077263876396,19.607562849914707,11.186415165462654,37.05629475532281,Moderate
18.399316517787994,19.61183238952458,12.388517856494307,31.124349087503234,2.8211608294296724,28.85578059875936,High
46.33467293882549,2.7701252432597876,36.15815899966403,4.3946537435844215,22.283674479690784,50.576423933431585,Low
42.5880018728337,6.36401370183407,27.153303476592008,4.666831558308642,27.284612045231142,49.913490902687855,Low
53.67513715822015,4.327291360197046,46.82607867538009,6.857127688246809,24.372074813803913,54.92589875933845,Low
20.972813683468623,10.409116635443585,24.13034638082477,13.252886142654214,11.354033839046087,63.93341641827608,Moderate
54.285482241746344,4.589405165968204,37.14085746033351,8.794626935118924,27.901334458724282,51.34227998813615,Low
29.868617025302164,13.659710275388807,17.24570172397738,19.299828176615762,9.10416095426529,42.06694380342515,Moderate
20.332977835651718,12.477258457207032,24.404892871061282,19.596402117655877,12.573557707050526,63.5541615463118,Moderate
21.179872083243954,13.588141984347075,24.316860025086953,15.159390064656844,5.882977478675161,35.64195485997814,Moderate
29.819287243501766,14.078105153877456,16.563145983418178,19.107141426580583,9.10582881628695,35.956687104282125,Moderate
26.174519819443162,14.98808418020275,23.539461723304548,17.551922596257448,14.510373920730238,36.55676125541975,Moderate
10.590538756316585,20.289724052500503,9.875985100792743,25.818811630874194,7.7619001254694915,27.31564701285814,High
47.45914205743196,8.956747776187786,46.943735121565624,4.44479977977791,12.594125159800537,47.746368798169826,Low
18.15116451943505,20.18812076651217,14.333830619797961,25.458401830030354,7.283452073282107,78.42389772709257,High
27.570320544610333,14.48501397188856,18.72985388083015,19.347947200605283,10.589796184501985,38.83509024492739,Moderate
12.823969393794016,21.150572634725595,7.581310821852969,29.841994163666115,8.183253964316172,28.764896516950795,High
57.8110363438892,2.107931015500286,41.09769892669412,0.5638185385323158,17.909781523671406,53.5456516894124,Low
40.77700108199297,0.8838494698451871,45.249468592086814,5.888102701562232,27.526279398310177,47.27800755712856,Low
7.184860151411791,20.88308884830827,13.483651469155348,23.46923036756869,7.046497333267324,77.47720238094124,High
59.131747354961036,3.32456157148712,42.981130014395795,7.92662476751617,16.111529186556517,49.84472809033193,Low
28.839691294472978,11.221827456463584,21.542349967603347,15.15013386911281,9.865004141027136,62.62171105483678,Moderate
12.602945607785578,23.561899348114633,7.198137487745298,31.17924692593153,6.230459186995401,69.4819336272409,High
18.72846673689731,20.238341536591825,5.168017497738628,21.64822268724035,9.16741054284018,67.28744926664764,High
48.72446723547402,7.293447940879964,38.36398047890772,2.005646595880699,27.449256301673483,47.02462183638831,Low
10.159794589577047,23.579466806906503,14.488098895045058,28.56423652913941,3.5960094720397358,32.33584447362628,High
39.14037417294122,2.8104975016688916,25.835589310887595,5.778770814409091,21.599356404062856,47.198007119619234,Low
30.5757683046917,6.635235939134523,41.857339342500616,1.7127341066623958,25.849133382785265,45.055941558818695,Low
23.784750507273714,13.178694160133666,17.721550150962678,12.884419522382466,7.980790737631949,36.05778906894067,Moderate
43.493539464639674,6.619136326370115,40.71835037649983,9.146164545151915,23.72733213157359,51.23431793443361,Low
43.511128087745554,6.27328935090678,27.283831068088894,7.506690142816549,17.70940869399471,49.18368910132007,Low
17.367949498803668,18.12963078503782,12.661507364538664,22.519729942113308,8.881511826273105,74.36271963411241,High
34.28975046158507,6.029428764794615,41.93864512959439,7.214491571095721,13.981646256559156,46.527504316676165,Low
35.22328006002253,0.5034952696935324,40.74208988148007,2.5695229950846987,29.727643432577842,45.30192015337189,Low
21.685212760824783,14.084533550472925,21.669222584658733,11.870471648675494,6.014084014303675,64.73748214117961,Moderate
22.56107091600626,11.112768548638355,19.501898259776144,12.90742720804164,12.337093094976321,37.0097403279124,Moderate
24.888757607534945,10.943530807396336,23.136558200290594,15.747336515388623,10.815227301649282,59.293427833707746,Moderate
27.63186437962807,14.527032324292136,19.301507529737574,12.391137593598163,6.483782912014763,40.86016377478297,Moderate
11.722382419938011,20.514239557514053,9.237309364552088,32.45331839777532,2.0788571154829834,34.64714358648014,High
28.420078118386094,11.002683359539667,20.12522639230643,12.971308129551442,9.080921363046986,44.27969061787044,Moderate
6.788647723135153,22.5307465860176,12.1515965854008,24.54935461096681,6.07337963207324,26.170054550749594,High
18.139025305253483,17.427530965197604,8.060347043009806,26.174143675780574,3.1776472386429093,75.11038929513026,High
19.282192928152867,18.177080037195175,12.555993676726501,34.82396135185203,7.430063265271652,72.396509145953,High
6.128777929782201,20.165805088689808,6.846743476922478,22.795623515501024,8.643749821269264,27.540681620919916,High
10.836281116374423,18.77802965542646,13.776692280335647,23.739726027102293,8.397097018644718,71.95552096187346,High
14.260567825568057,19.72526633093813,6.022737987642167,30.556711051895626,5.957016508190656,76.59744496021432,High
49.708654688014185,4.4210703467972,42.11088402673269,2.731596203699451,27.153119764836546,45.046444830849886,Low
17.119208508154248,17.46529014203884,8.559521101738277,28.281512666153453,2.4544384040629987,72.39769473112281,High
27.18290273910243,13.502994054740807,19.504704116578974,18.312206628073888,10.490299292113377,42.05502660663137,Moderate
41.887260567079764,7.2344781785000105,34.16995801615671,0.2819134044722216,12.894212722730398,52.893334823405525,Low
8.76484628505716,18.090393289104348,13.545343327063721,20.425003409338704,2.126373560021917,33.31293584016082,High
31.64284916466094,0.09038469079292177,47.2047837415326,8.59502975624898,21.541066834270886,47.01699962631025,Low
14.225313335457106,19.008143470263093,7.674313630421663,24.15612763425065,8.780546084328712,65.82841697918279,High
18.695962351654053,17.749552851985275,10.344872979314069,29.750053703956393,7.423578366932911,27.298240708867972,High
34.05498867464468,6.678679067008134,35.13679190826046,6.895342089054152,24.870050715581506,54.271748377359884,Low
21.50311551267763,12.421984578915314,17.051341808861274,10.941315002367105,14.186909266831929,36.83738925842428,Moderate
45.563718652300985,0.7940658464302952,43.21945136126619,4.104987136973794,17.92494693632812,46.19228577817859,Low
13.170444446713796,22.634966252114577,12.224545295090177,27.780547686839313,6.2817039822719725,21.6589468500344,High
22.875717488919285,11.112230838799325,21.981684110959826,17.169617014858503,10.949954421149723,59.949521337049916,Moderate
17.59968780518395,22.98303187814576,9.907994627537686,21.17807833025287,5.365909813490404,33.18799237055333,High
58.88976011576984,1.1043186341110267,34.699318859947155,2.3362476364856652,18.586455314083906,52.23802776630524,Low
25.956934958135683,11.293376201397471,23.50103827822904,11.04124762437394,5.765872274170598,44.402341928728895,Moderate
32.983241782780354,8.108785810079183,25.633715106598462,1.4939938845377232,16.219460427660664,53.19230576840102,Low
29.875857415385745,12.786387816575052,24.731664576596152,16.045628668900125,8.804323724887354,36.134274267458416,Moderate
8.124602234024978,19.948522129210648,10.118106368805368,31.504754423331928,7.842117582521075,32.440382943146766,High
22.536120556919464,13.343037961334153,19.3699657573815,17.012729846749952,8.176600074571484,41.013676269900664,Moderate
41.970081116103906,0.12103116776107425,45.49062173869112,9.325039530973825,17.144839363402724,52.00306353883807,Low
36.73321715509982,2.420220799808772,46.626777484384846,9.182850353799578,20.55544418137754,47.094862227195996,Low
25.183307870098314,14.410464893744969,17.91178167900372,16.10682528204881,13.856593436343312,62.12248891844014,Moderate
27.04912928244144,10.965614201318683,20.26765171090912,19.021291922932615,11.569656969893156,36.782748083220405,Moderate
15.258969888790357,19.356466208031733,7.709168658904847,20.89614937738167,6.086136967489563,69.89320285620997,High
24.26954445496477,10.354688259041597,20.867156839217994,13.934707441633918,7.667571282404816,36.126071490393116,Moderate
30.348616197243018,7.927581135728127,49.29613253313711,8.058911691968543,26.214413458903497,52.26734836353343,Low
53.982476369069374,1.7925561190779005,49.385259192118625,9.469028994605168,15.04363963638539,51.60532415436486,Low
21.426434373565098,13.737831170899115,18.029676701958316,19.96398531899473,13.105885272216923,43.69812365813923,Moderate
42.42389257586781,5.7789111269408835,36.38916954975272,0.7869857670750946,22.756443585188205,47.92612727423465,Low
26.28669926698293,10.779683195771163,24.49963912837032,19.923097278833545,11.023983181945564,63.96015522961622,Moderate
34.88803281244289,8.736985934663451,48.94864649815344,5.69230212091448,20.968018734838232,53.21110527741516,Low
9.945742789451849,23.50246449415657,11.70463856793601,27.387315581555864,3.944427931938585,69.80338241715162,High
23.264969475163984,10.450570603747506,20.877677851627396,11.808253311523739,7.462016434484608,55.35551877549055,Moderate
11.69177118904498,21.73137951001456,8.358718542861926,28.053080816586853,2.390798940076129,77.6310027640879,High
43.46080867867592,4.233351441531975,47.87746136225075,8.07477935651909,17.2664895113802,49.82538407466673,Low
24.82014892892304,11.78898014409846,15.32954175114638,18.558757799192605,5.302302916411992,39.068641075392996,Moderate
59.51932943879485,1.0534548448133318,28.79357282382631,9.474279980597931,17.678977885259453,47.6706094023936,Low
15.089869298633591,19.88162191675772,7.3866147829270865,21.278856372684743,7.745313966146953,23.928170405649862,High
28.177778839716282,14.905011749786043,24.4406664926373,19.98779287854306,13.910290186112523,60.96162797910677,Moderate
5.855756830669594,18.71666546467508,13.984266539890527,31.787448648065187,9.54592758078287,20.662651643624837,High
58.18496824692568,1.6577454016327575,45.58183031700075,5.356889704560298,29.205327169841333,54.03767261399106,Low
29.619826200003395,14.067730899991599,16.493614474304312,12.101054495050215,12.781794867157775,60.3251486975652,Moderate
26.41828065969371,12.95201629514031,23.870605617272076,19.70339412724851,11.664786910930928,39.261515484507235,Moderate
26.264931318352048,13.74356548512523,21.30810046266529,11.462925027211899,14.723192558042161,35.52972906046101,Moderate
24.909317308164653,14.903056006269544,21.196504501683158,11.3623038783786,5.6015088374037525,36.78706120932609,Moderate
51.52793296974529,1.9641921587201738,41.027152589553985,0.7417619559431221,25.820081481308144,51.78713236215354,Low
43.06749944438799,4.018871998907301,32.6023658992821,4.467395253113928,12.119118226880953,53.28897111975878,Low
53.471564521748206,1.6972842857692316,33.991889030576694,3.3414302238386218,17.20284228277876,53.575876757624016,Low
21.80902487457913,13.982348139478217,20.44514044609214,17.88215681394504,14.64513833429438,64.74317637204415,Moderate
17.87852803911408,16.537458292658904,5.76803977165703,24.904611850474684,2.2551767061222394,28.10550514500047,High
24.887987420412408,13.735270410446637,17.986284370678828,11.812447715484383,13.661681117920638,42.718097762699955,Moderate
24.54316151878391,13.375747097244872,19.1131699860717,11.836438498683975,13.278404959944034,56.68569144392113,Moderate
11.188616397836295,24.59484390889166,11.061465167290006,22.675031171539683,5.503574485057462,72.13575806612309,High
28.904662576243908,11.687527892237362,20.993756100670232,19.087189280149104,7.317249563146482,43.59643910565396,Moderate
32.182890190925804,3.8551190473692234,33.74844633926785,5.527038900455401,19.001905371817188,47.871522634376284,Low
27.95325354008188,12.885652252608907,15.990964503624316,17.539574940121003,12.625518094447068,57.017995813421905,Moderate
24.334082173718404,14.032733039453415,18.610063448176657,15.8677728822315,11.86237489960812,44.61431312383337,Moderate
42.84598844776844,1.2600202786399428,48.2138883223534,5.218622953321788,17.112439985151312,52.84441542070729,Low
18.9816727817837,19.79334818323432,10.747338279696221,31.908210022692238,8.536864901414168,73.27388856627287,High
50.77308453973109,9.514448256630919,32.79132291636622,1.9201625096794883,20.204258329562442,49.72804464112725,Low
25.69630104269997,13.55413626717436,23.130733175157218,18.81323959803288,8.108847005148377,41.65204103481067,Moderate
36.448211357722705,7.344439320755915,42.68197279764168,4.1334245987119225,11.592902580695316,51.68360702117394,Low
59.045802837441656,6.16300485925724,25.960021933158615,6.619015764719286,19.924389589798487,49.62494274012438,Low
26.789048945276633,10.261772250928994,23.396051592349743,18.566151283141213,13.230725165083479,63.76485613087365,Moderate
23.246001072796506,10.275755620694735,17.110132289873604,17.646268910277946,5.169942495871308,38.100218462161024,Moderate
22.4603522621423,12.401036038607181,21.02762652172171,13.44952547003068,10.032580832903554,59.66991453901815,Moderate
14.864834135280848,21.660887389587625,14.832421518516934,23.91061897034342,3.574031625509906,29.625461845133017,High
24.869231483191104,11.654759594783252,19.56310134438656,15.839183785423149,14.575586285057302,40.14947351514445,Moderate
26.19587100222688,10.573448913356582,16.74807893775186,18.44606482617376,10.056106428274088,36.113143214775505,Moderate
43.90482131401717,8.860934353132082,47.22501527036665,8.50317708157599,18.553835760669223,48.985996627184555,Low
32.50502150096006,3.424479788347133,43.27175864440401,5.516879678064617,25.71333203888912,54.93773102767932,Low
27.714397690943606,10.51361686843426,18.22418733886932,13.656561746118562,12.41849417460254,58.748522727968044,Moderate
16.174031716186974,17.594062902468814,9.775005222342973,25.09918197088031,5.549980749279927,21.41301602003226,High
21.32078782347317,11.37010358701204,21.80415641273636,13.104003019331635,12.661504748031234,59.34236696611396,Moderate
11.843924952713412,15.915331822540358,7.5482658660557655,20.692770671703272,6.458262713613806,33.86304943633658,High
18.779503737467593,20.566185887535205,12.174378866956651,22.525465448993312,5.9323550709680575,24.943218278572726,High
48.048354604389935,1.3714848815274316,34.62645139297404,4.0892723575667205,28.92528986006164,52.241359788326335,Low
13.55806536873191,22.95863197441728,13.551278366876012,26.032360352254315,8.884839221686034,24.65593790426778,High
53.92278064820785,8.953460891531693,41.21707383393411,7.538137129783689,17.102635280514328,49.692822781202416,Low
12.430367633025579,18.92264293331531,5.554422461522311,29.8755259796659,6.272598771387192,78.19209777574314,High
26.204687460514773,10.047721462911877,20.695659175775013,17.292522694032364,5.518808065704807,44.6861381534593,Moderate
54.51893309887481,0.08363681876857099,49.05146247353379,3.6258321259467707,17.356943622856022,54.51580309439869,Low
20.43520185355763,12.234877847013696,24.11438307941764,11.39636881627828,12.059181105982749,44.554141647460966,Moderate
11.147187779775981,21.228208717764808,11.903976232075948,24.541641160043756,8.821160498277475,34.10432150285551,High
23.53081157400866,14.975906629141628,22.369220622829523,17.312710219793342,9.664173098721573,63.49517666192678,Moderate
21.516731405433646,14.284940939008866,18.301276879287716,10.144886805950833,14.808844607950016,44.412590641776475,Moderate
41.73244609955282,4.3234622640334734,37.6125731013709,1.7478671504515797,16.01311281121488,52.55494657014215,Low
28.915500494128707,14.229840723273206,20.217564375721146,19.400093261873263,13.093866650390302,64.90565212756735,Moderate
47.203136643698585,0.27536719869465487,41.04548792003588,3.960544774354667,19.04365878720216,47.886663026754604,Low
46.6253400754738,6.015538792998241,35.8423582830095,8.67152151001122,17.801321314952567,51.616750607175305,Low
34.57617128742784,9.078987937796194,26.763390939823914,1.1054316630858052,15.16528715774327,53.372399995154595,Low
10.003507725205544,22.491268523124123,5.365488999394191,27.430964122202923,9.552418816863444,69.85915928455432,High
5.764349805178003,24.97576483756059,7.794700120394303,32.65505639411871,4.234836439471792,66.8464055542505,High
58.08464322482343,5.174463517550413,49.94373472525501,6.195825928270868,15.036294040182634,50.87885691929782,Low
7.4120518017166965,23.823674758021948,13.914183432526265,30.42624275608133,6.583840958501715,30.800823128299086,High
26.334303401118216,10.45387909464777,17.757702107172367,11.786477875583582,13.339905257694427,61.450974456426536,Moderate
50.37306957433469,5.0040114571020125,31.307868403378826,8.96256716471579,11.822746781794145,53.47681197962217,Low
44.280543881063,4.338439228552442,26.682115323037863,3.7802494943440204,25.217829459224802,45.52185057796761,Low
10.674573694752208,15.567513619394347,10.602808717789113,30.264001967053858,7.901378013919001,79.18404167789032,High
21.77835935827221,11.899550804447777,16.586776451939556,11.097111688600648,14.42164061316505,37.990643096088434,Moderate
16.77149316901959,15.00145767607253,13.82392736376871,26.707570679007432,5.616007504430124,69.11533978861617,High
21.80979577605995,14.57941767168203,18.232514760005913,16.417307075910106,14.376509851916737,60.19742486437267,Moderate
43.68209952651108,4.187933190741614,41.827303272780426,0.9072088274783086,14.6016898371495,52.36082144337085,Low
59.7350587841093,5.829260568042631,39.420197990956396,3.098471167532799,14.517628258671518,49.50390076405931,Low
8.336370229582236,20.897872107905943,10.946462436239086,29.619671886549227,5.154198047463927,34.444784845157805,High
13.203819419360682,18.852327547120865,9.992822467074934,20.28093573538687,4.408593857182815,28.639084740059552,High
57.890929570277194,1.8422483923802613,26.734852147604585,9.232860210139357,29.47485164076987,52.04423621477487,Low
27.931106750282208,14.19096017391792,19.57458041633546,12.737358588498386,12.121649798036325,58.560896737547466,Moderate
10.976533686645219,15.113058308935894,12.851996390533142,22.187045187249222,2.643605470827609,24.0247353556286,High
32.65477506155759,4.622955610006072,45.459510619488384,4.719025105645231,16.72625455009911,49.47623872665525,Low
54.44475341239537,4.642385197392249,47.348337766749765,0.3121356033874756,17.027118693098537,45.67926204222826,Low
48.31860127324897,5.190322801295487,46.997865668175365,7.408832067219855,22.11518978717944,53.094732096154345,Low
11.179314471064584,20.49767672888317,9.386230478486693,28.779447199357207,4.304194448405188,25.490215293045196,High
38.2264560704601,3.542713272172157,47.10858569928219,1.100177211275436,27.806051142270405,54.42772001105277,Low
38.465612240796005,1.6136735838838312,28.7345409056608,1.0448031675395808,14.342808080753437,48.169452886355856,Low
53.948855369003255,7.435939161765598,35.03654447722608,2.5566622333181446,20.19471020007874,51.23742245499541,Low
10.02929564257793,16.31533422314045,5.760009889659862,32.5758789826029,3.4866991735451798,72.69218445388057,High
25.905098088106293,10.411837235764878,21.596213684755206,19.672073016056906,11.100283134753141,41.15843894421236,Moderate
52.44219538288596,3.846110759787682,35.80168212666544,8.765604907887175,29.910328971806493,54.195306289128325,Low
35.12662762170197,0.14693388654953843,48.55145548721489,8.644029871943976,13.523888123284951,47.47351371817743,Low
24.241508800582665,14.514390005288933,17.889535655280362,14.808025078372532,12.301134379017,61.12855361565319,Moderate
17.240981798482476,19.935481307371532,7.531183307577651,20.176696009580255,7.3243686636098015,24.91445692539771,High
44.854395810419234,7.379173933540254,26.992876829682125,6.262592746624267,16.45802137155802,53.99983276878654,Low
27.14842928845024,13.362399747912534,19.272516013962964,13.601090885916426,9.377393986176358,41.38699094883172,Moderate
20.012567953938113,13.04201613811025,17.544248052416958,19.805406486806937,14.996599211282728,60.714113930442345,Moderate
26.07908947606941,14.022647998625004,22.21206780533067,19.026929779224595,6.952088664021695,60.682083407874906,Moderate
10.309338307172265,15.093381563716038,11.329030765007971,31.14183462841498,4.834191711633879,26.02887431463926,High
10.112840162220266,19.404333846580393,13.87025773425854,24.233539133522147,9.972412674017118,26.353436240788763,High
40.378049776408886,2.709426983163654,25.354915861793092,4.549507768419997,25.048049074389347,54.463088992083875,Low
21.395004714627937,14.066265786725102,22.02373740106041,14.179942578800159,14.604315793155816,58.73261732029269,Moderate
12.738231774945065,18.397364773053898,7.9114846781966435,34.496195901470074,8.62784318866957,20.508099840017344,High
21.212268693402294,13.29443632883466,24.012659650033022,15.190992417621837,13.691642488308352,42.78601358700556,Moderate
23.2482281513919,13.625676114553956,20.572476120782568,19.110257371566156,11.503564019858612,41.304217481689236,Moderate
18.422653065394794,19.814011668931588,6.365844052185267,25.652590257678384,8.163993315631274,75.50365451488342,High
16.851152253024594,21.254269529086848,8.543953345633305,30.14983478481733,3.383616516704225,75.12382665656746,High
26.163076498466943,12.16847958504118,19.59726823949202,12.310546195455078,6.948355225922774,61.19207925029823,Moderate
26.083153660232146,13.147322050882956,21.615192818109893,13.32254318189384,10.880420045434278,55.092423145810784,Moderate
21.703047049434957,13.101689027218999,15.194492424920313,19.861768872228467,12.312055825454951,60.487196055830495,Moderate
25.842186212928034,10.179311992273293,18.066972703869983,17.014491379846195,10.2228548030332,39.15078129007799,Moderate
21.51966686842161,14.630213731235536,15.15581795500516,12.682151227605093,6.558904374551394,41.23507809956222,Moderate
11.548164619422845,21.323956156787837,11.842540151625132,21.19141016654333,9.641161947932794,77.74072322234426,High
9.911533928703708,16.835304533029223,13.000385678918342,30.33967304197261,4.538789969678651,26.208928490831184,High
48.69894380482674,0.6520459126049205,30.833320566233166,9.655179182347664,12.836887952339705,50.56952091664175,Low
38.19212429918437,2.752391810370083,45.127980218866625,1.616376937845918,29.13983537740883,48.87155394053983,Low
31.744913865164275,9.901088460868658,41.92050109075117,0.7237639319412248,19.614281129687118,47.06146160280164,Low
29.853576097747393,13.536724795955282,15.0142167203099,13.096593083732733,12.917607523003841,63.37562734676324,Moderate
23.325960843959674,10.969901060530027,23.938586774932467,13.652729420353072,14.307254276476787,39.394925125698634,Moderate
43.205969938664715,6.617186826439566,33.462671985636824,6.2494377040783196,16.617741753875883,48.340772174178475,Low
26.9207509190821,11.685434204405368,15.013659258750852,15.124061434601495,5.252348855868021,41.800610283068366,Moderate
19.743082237294523,21.91949018988567,14.375657840594263,21.679144102589,6.622056132563225,69.80068747014725,High
7.484302875993752,15.628579127094584,12.101192624044815,26.88895578177027,4.847988178042083,73.93920956494094,High
56.40237262684374,5.712604699370973,26.924229575200435,3.1318205070363514,23.994261543086743,54.03559303697282,Low
16.866363686463522,15.928527317045845,8.203185735697595,31.49406220191331,3.1814009488750203,76.13445900505607,High
27.359943673987033,10.663983574952855,21.059057453155383,12.549265660209091,8.733861045473418,36.859534453910264,Moderate
22.156913679728856,11.840150263434035,15.403996802769669,15.996364818633143,13.824511550400855,56.976477811196155,Moderate
17.19399023576583,23.004639262072367,7.1838261145277915,20.76726558120183,5.820508877982433,68.71122702456807,High
19.906074324865806,22.272931419439782,8.507036498110017,21.254022511039558,5.298000988772536,74.64348789910235,High
34.58577417552996,2.953014775718328,42.734720545609655,7.56789222902397,21.176817419093332,46.39187802757987,Low
21.27020769786288,10.147914222726188,23.350943401299254,12.8351003565161,10.458164215523123,58.14688973871326,Moderate
9.28168523580754,18.566073780035325,5.472890330849342,24.618053927989124,5.602732686894813,71.63648345428373,High
10.98151385781155,17.021968850927294,11.379536317254255,32.896045788945074,2.8627925086712755,32.688086446654005,High
47.038356916578884,4.045273855738697,33.05168837989324,0.7853624279279869,26.25856810787874,54.31266627401338,Low
30.86348028940017,2.9956567795387388,41.97666511239093,0.5293593556881826,21.874115659028693,53.58291335553106,Low
8.97257050749932,18.572884032590437,10.427034722495039,34.91768220779518,3.6846521753134667,69.36851225394975,High
14.715738659164533,20.115864615532004,14.276457782072546,31.199913630721085,4.153400461897757,74.40014645930673,High
43.37708119130245,7.483558536657398,35.863274082612385,4.0663652688497045,23.739048827708764,47.2833083659331,Low
26.30753502981431,13.985128716712037,19.659496263655637,11.422975787979842,5.225167760703238,62.23795230174785,Moderate
22.464342807936557,14.547355346325912,19.13628418109854,16.779284224614184,9.544910802654547,39.637805973609225,Moderate
54.3895721614828,3.352790500782957,28.33210645205433,8.369278328446237,20.89062585809016,45.42044796075945,Low
15.399845887767427,21.847352055122997,12.36730652298985,22.18011100942136,6.434383694067237,71.50754786041044,High
19.227203320231396,20.614156862337854,11.658044226976678,29.597927050701028,7.481679616904095,27.59845977023567,High
13.329699360899188,19.57247221710694,8.731331667482952,28.88902716883355,6.708774154443593,22.279145448611615,High
17.179341346119607,23.149031719599662,11.622335419549723,24.720811138076037,9.10467152955314,67.07972062648247,High
50.910472229858044,5.916971623063255,41.205836720196146,9.814214249220253,23.142376781225465,49.71082850704513,Low
29.511081820826128,14.024633391615208,20.643671729184753,19.215831340605263,5.002013981343104,60.57345064716467,Moderate
14.085556115173983,15.011681464240477,8.372800893038796,34.65473851843831,8.50091279650611,29.283363680235418,High
26.3964444193587,11.311586072490032,17.554113759827082,10.95170947702666,8.228787646551392,55.90898901474548,Moderate
29.855022916368355,10.597407141865395,15.75238507751913,17.587208675067757,5.95793883917625,57.54758795199845,Moderate
34.46664150997334,3.252111962762113,29.114151460733375,4.922161832874669,10.608470793081713,45.110280842689,Low
29.24494358530292,14.907772188615187,21.499706222505548,12.152852250771915,11.005107224241481,55.42268994235935,Moderate
22.95371182707486,11.804996265150773,16.505804941034228,14.542669983655593,7.456398096610891,61.591299126231604,Moderate
24.502794828645406,10.911462694345463,22.48191045313079,12.685776597754327,10.165607990906704,41.71642921454945,Moderate
8.404792718624542,16.79515447000637,13.098388706096864,24.462702513880572,4.110632293475223,75.07261683945416,High
21.081226072960614,10.402575048996553,15.311201457032483,15.8529564038226,13.587068232651525,38.3547661056087,Moderate
16.335984787725934,23.392190104529337,8.599383172127245,25.553254638413176,7.353756846522778,72.19146139906793,High
26.736986409905718,12.715765618532158,21.070867812025504,16.29335114852057,14.092642324233216,37.262695847584354,Moderate
49.780617666173484,8.009807004033648,25.422819998040183,9.447500802102118,20.84717900984643,51.66538455297689,Low
44.19629720074671,9.598628027134552,41.53356697361811,8.688010958178204,12.010607173836718,53.762033622249845,Low
14.833759819051641,22.873902591187502,5.067362503498037,26.51660329703676,6.400395775300076,69.36382107991363,High
5.029783161126991,15.637820508260818,9.397080394671073,30.970617227893406,4.7498264164266475,20.347042921316323,High
9.852210439896105,21.38724356656204,12.160849799072093,29.643724734560195,8.369040727571766,21.673230962829535,High
6.510554409685364,16.610285671199282,7.766923434895503,24.222307657714335,4.104295388431747,21.01486604737116,High
13.111715982086903,19.232382957908463,13.975182057446101,30.755049673356453,6.369477621013996,34.0035237681197,High
20.75739645296459,14.658000631720224,18.190697548686856,17.9165583538783,14.997744776055287,36.732036307599124,Moderate
25.302219865915262,10.155155162724727,22.619486989401477,15.804298636187585,10.519667214249022,58.60065493550728,Moderate
37.782703002938774,3.0419871963628085,43.53915271167074,8.514891816465466,21.074564627967227,53.42166030061383,Low
9.17908677697074,15.669181427197428,9.707788396314427,22.130644600149594,3.5324224184578457,28.079654067078682,High
46.238890059032116,3.2116215263595347,47.332612344703065,8.87751524671688,20.10331423045465,46.16053459384569,Low
12.364731269766322,23.899116791086676,13.586606747477543,31.388423199854998,8.709096391373834,24.19681379232061,High
46.07483053419244,8.706690341255177,33.559878082396494,4.404345706560461,27.4440905799779,49.855662022834295,Low
40.548680617189035,2.685621674536426,41.160184380702226,5.603486743503234,28.782173966204812,47.16232894390991,Low
42.56776348513644,9.195310246560497,27.186162544997135,1.5652921341574122,10.837607876775511,54.66409296123429,Low
58.20690724274873,5.3396747254776376,39.2901912370736,9.45017094248494,11.033713598222636,46.00367495095054,Low
40.90888807137882,1.8741194409758222,41.62639972516578,6.374024812092216,20.779617489002412,50.67163087913392,Low
32.56042394981304,3.388606493387516,39.891995604038236,3.1151229901398603,26.57060519163017,53.45626300115019,Low
48.32942966552975,2.7364041786077165,27.812578263165793,1.8863224642407483,12.138397287596428,53.609304825786964,Low
51.96674659228684,6.248740996069989,33.500109651497304,7.667683563383357,18.720965959451757,48.14785623716958,Low
48.86828540339652,9.166352358412073,39.34664624192741,0.2784105126258629,23.258125046891315,47.54217829066688,Low
12.80475460866068,22.68999611796958,7.875735579265784,29.72435792261124,9.012001096309167,25.227331143770694,High
39.35166203386645,0.07841590771916818,49.672398634707434,1.597494602339442,23.427360177935913,49.07860025590914,Low
8.926550152174674,20.094370670557165,9.522671073360325,34.8628343542306,6.1577786004373385,73.74027878106058,High
29.160486762076435,13.229859774732155,23.741703216759923,10.685934904078957,10.412519627605441,36.507928158323516,Moderate
16.901494382374114,21.4828032504577,14.63247677716093,23.753454851792377,8.410946534725836,74.18639155836131,High
10.388821245805214,22.9951204659637,7.297752416571491,23.92061607425042,2.418681751517954,78.33372912944233,High
9.445658071655723,18.273233038438526,11.330922634412056,33.91948537991427,8.10053302309477,66.79797694774282,High
31.10014280800629,9.988926120332906,48.9534529951124,5.724077259677651,21.197862030718987,53.81197339555641,Low
23.697027220092853,10.554658716321448,20.638191250676407,10.410877829674252,12.53849973057166,42.40809364732744,Moderate
13.083251773056139,20.95633893567718,5.02456340891873,28.08236540666195,5.516860904117302,33.16436209043795,High
46.819802832485124,6.2275340323984105,31.20718699077115,5.967229901062171,14.548965081295993,45.77485797450491,Low
24.138487445721672,13.351879552176694,24.360867359127262,17.677715701934723,9.715674633647263,60.22073571137333,Moderate
26.737144638310152,13.149542761801479,17.707418134894912,11.783736634770289,9.839073181322984,62.71549935287817,Moderate
12.607923544569623,24.082493614081194,5.629174524647426,20.313959735990707,3.004028350105611,78.67672132602925,High
8.588468291898952,20.962671345383782,12.175669408695834,22.91437963021222,7.538043316352984,75.25937621486963,High
29.3807936327625,11.748008662021434,16.80193386899874,12.304975175664131,8.43927696552078,61.753546270086595,Moderate
28.429406398772613,11.432729588592313,20.48486446095915,19.018621784701118,7.11471776366225,41.94965268818639,Moderate
20.562699442147107,10.259005167079051,18.685294733464573,10.460337815613626,9.930486462870569,39.81310378558293,Moderate
31.35681866731614,6.509734671509541,47.24783440907156,8.467850018697455,19.612960566248177,50.26768907269492,Low
53.13811040057837,2.3879621138153926,35.72655923256665,3.2314521727941727,22.19057019508127,47.02656921990431,Low
57.96354847450837,0.7308156202701499,29.107171081810232,9.616114422544468,12.739332690884718,49.084873888822735,Low
29.11429308838201,13.256857762066163,17.50611985913132,14.76305268694862,5.67703930178125,39.27203027281835,Moderate
22.45219578387376,13.881125264360113,21.497996268787425,11.972019988510333,12.13381111163138,61.15792552101385,Moderate
15.305872297719468,21.776633822005778,5.328226745245082,33.33507269106644,2.488808927610785,28.54793149332506,High
57.25351684000885,2.419771303170454,34.421672008679714,8.747470734889747,19.435126187817488,45.85043621306071,Low
12.70838446931732,16.0184371548609,10.79810300441023,21.550491349315262,7.45494046821149,21.06916111814702,High
18.328746753361074,19.946906795928975,11.923066574943702,24.400547920922975,9.686607159542408,66.07462498057305,High
24.283423903233654,13.044430915596353,17.232293918609333,10.614174416438201,13.911770791617146,41.08688760529318,Moderate
6.729757612519398,19.244262615264624,10.210924058390075,25.3326306114624,7.655614386177969,31.925789103175454,High
5.36322208297895,18.669179125004398,13.024599806645666,23.13001416010612,9.260525045904918,24.539070850519362,High
24.696288806423652,14.742915698165007,23.853891401338572,15.919376787062978,12.148108333063146,60.20622465171452,Moderate
27.104198012406638,13.949882900309003,15.502828703544786,11.087682315537766,7.129789182218906,42.227620328396966,Moderate
21.452761169538046,13.745942595177414,23.61137781678849,16.46771288815944,6.610797014957141,60.51750882939551,Moderate
9.294939203512069,24.94190156718625,7.301031793237227,25.155217829008702,8.332996138227442,21.468683385262153,High
47.70884827544423,2.304166621173499,47.11196818991898,4.160706704086862,24.645811348513924,45.05720931541965,Low
26.597173226399264,10.623357275841009,21.834725944335965,19.41734529882224,11.5511693013934,64.5329239636629,Moderate
26.204679732142537,11.539316455167553,18.849137719139506,15.967782276083536,5.418632029321491,37.89405130704412,Moderate
22.327082003888716,14.947748956624135,20.11837364147768,14.01508900474509,11.172776892304224,35.331741577557736,Moderate
6.181005977835115,24.80632475221104,13.501362838296062,20.94073846265206,3.779128207916429,73.42402458089578,High
44.74783640224311,2.062521138361526,38.742931379082776,0.43881088368743604,13.381154982674115,48.768355610161656,Low
21.24440810760944,11.965193929974378,16.244981559264005,18.781834098806968,13.9293841762056,40.05116718470674,Moderate
12.927534311417537,23.935551411080013,9.176530987650784,29.177787539546713,8.485649485956019,32.71757328910528,High
6.480500085808077,17.403504588554185,7.015478866549445,34.448862296007476,7.161947673672464,67.4930216400357,High
52.83083707506084,8.141256855911617,38.45907755252557,2.10528488440613,21.26253187784094,51.42129146864261,Low
15.620044994686552,24.041443318547522,8.718016887949936,20.385979478056246,5.421317093703843,23.87516799755681,High
8.380880489355192,23.073504543312648,7.4257553447514155,30.888539832901273,2.5211706723901814,26.98125035639111,High
41.22812387268361,7.6190181260487,30.616434941044165,7.228392039002123,23.08046155317521,53.529839690301365,Low
13.963299288429404,20.748204225089662,6.787615843640106,32.1380911199837,9.351722481461248,76.55511859179018,High
23.102368518326706,11.351023816520659,20.055796518296255,15.660864010680784,7.712173332099759,63.47924162278411,Moderate
28.7310256560893,12.773528704768635,24.198480247021955,14.107235699624281,13.29503274040285,60.58516153160825,Moderate
18.811449367360563,16.327301413712064,10.917864836504954,20.8672280028429,5.811443548012423,26.564136533319513,High
59.93802331600013,6.56756063474557,35.90615065892894,4.904490967359499,21.510990156622064,54.88203492726974,Low
22.169331801824196,13.49197122970471,21.61023543424873,12.99963450881491,12.213284230897013,40.73127923272565,Moderate
15.524567810228856,15.983984920558276,8.612270825977422,28.811809362594026,2.3029248968564033,30.43407915747125,High
20.68446254929053,14.50205819044309,17.616490132446003,15.689958347036715,8.645554888210583,38.13879373483765,Moderate
58.098170768848846,5.661806912250709,34.65719262863863,5.4340585219826405,11.417434013097472,48.05381481968464,Low
29.10875208524553,11.15494936599976,16.6678897075372,16.338418648549563,11.936085944838359,38.37329531103415,Moderate
6.111433901816441,15.729849726279348,6.200266583117687,23.02447135331542,3.902708327499635,22.692521079365022,High
22.060702524206228,12.368096605204077,18.385446476334714,11.457880352205631,13.277621636516336,64.77182906594996,Moderate
7.528547681322723,24.930273822719165,10.88802568815424,31.706671573728826,3.8049195027382705,79.9615775733099,High
20.1726098549724,13.525384809646562,15.222824280710705,16.47536668271193,13.707639611221499,61.56413134229673,Moderate
10.356342466489489,20.133469652634012,13.883735857131983,24.584985307702375,6.801676145046166,24.84025180765259,High
30.76926197419307,9.972378999036026,30.821463921902357,1.2508890983640353,21.13688826269125,51.76233735040478,Low
19.131650777033094,22.571556845655053,13.597869291869408,29.92831879326986,5.474115892989742,68.91828434960603,High
22.545166165364698,13.31061720317644,18.28344344653445,10.808520330396183,12.34806831007893,37.10420483741518,Moderate
25.55871384645795,11.939082713054656,15.938646597265073,18.027994315059253,5.673839741297674,59.79631956199527,Moderate
7.352734745915486,18.106627140682015,6.877009836322632,22.040111905943647,6.172822286600468,78.89059338623748,High
10.001666021109205,24.868200515642485,11.673224947766933,22.473601942704637,3.7265731031963014,67.2163466264943,High
26.33327132365083,14.96585541597022,22.006122236383163,19.761813997282548,5.334760645782262,40.580489756294874,Moderate
10.963082449381785,16.997140661325645,10.226251722764914,25.408492451197034,4.7075644292996195,31.172880990883332,High
5.8864334856673475,15.946195384091425,5.377207526924426,27.243653275254445,6.527560908469386,29.608576560050913,High
25.09654416241878,12.876336471569331,19.742199471639008,19.88487145033841,5.515981135481681,42.359844887570794,Moderate
31.742508365045985,4.4973984245054,34.02686815852593,5.183654633353206,25.13077166990613,45.32109580482058,Low
21.634558583339082,11.620606361661599,24.013927493304955,11.867019845583075,12.253339318632086,61.26916279313895,Moderate
59.08411299826106,1.115122123212764,41.97906420798907,5.552958253281814,20.674508273428888,46.881999816798626,Low
51.23042804222747,3.9310390755940103,46.984826420179886,1.6392026204694488,23.22676227672425,53.5952770524749,Low
22.780535559633876,12.500846145920676,21.177920422091,14.791682117481333,6.737996228334206,38.09772484724049,Moderate
17.74512658015267,21.166141928006347,11.024257488154204,30.048869691433694,4.16584493895929,33.79905600768867,High
16.11493119846387,22.024851116274693,11.095866214277354,32.77388900114662,2.715251447867696,34.64127581232722,High
5.086444349107094,24.78908599390088,6.207131881615378,20.112580816616084,6.428834177985202,30.733393668467034,High
23.245047806200095,11.992017074635692,22.5709608368832,14.58451060949163,9.313682994046717,36.110524443781095,Moderate
6.0710931688738174,24.61424876598081,5.928392002111675,26.734318270079914,8.98158152086053,30.108327681787,High
5.732686499351441,21.181261796596026,7.748375508803637,29.425310268053934,8.72034570822259,21.69162542705138,High
42.6407100683121,6.485048201186881,43.42831034891598,1.310146186504656,20.087614085975336,45.33403006577434,Low
22.073126732427415,14.707709822989834,18.292420335246305,19.287912172897656,11.006447010702178,35.595261968718226,Moderate
24.15749052532166,11.806697098847422,18.71766050826606,19.62465533756426,12.836375533670537,43.44405612292066,Moderate
39.81099484689716,8.381549749886425,25.245688814244698,3.982502348634128,28.36386316923406,52.029656635446436,Low
9.209695871132237,16.54488024789586,12.992995090079187,25.4773678139784,6.513173977304939,21.769392670213307,High
59.7542985404809,4.032106331838228,36.27825174494603,4.00155272865399,15.918526979605767,48.979572772957695,Low
28.924325383271643,10.166903516673074,19.31085217859018,11.096642214927982,5.07676518076821,43.76858583026171,Moderate
24.45401077787509,14.357710070006153,16.37052037752058,10.72112430687463,9.625910206930886,59.579094069647155,Moderate
10.986508804470347,16.865781013209514,6.980339501864869,22.14039463158581,2.2903572557831957,26.50101076943858,High
5.732060368360641,16.1068937441989,8.254081693543629,23.57068515290473,9.762449549165181,74.53433461696574,High
28.204993781642386,10.688351321305033,16.949273305981308,18.981538896257593,13.05887227795081,35.502131214575726,Moderate
20.473807330560504,12.038355447585687,23.408336909140857,14.086081399197038,8.723569979015265,62.36494208716779,Moderate
29.268163539283982,11.526332690061334,24.73276545353392,14.1037837538896,12.251923426447117,38.13405561474556,Moderate
51.702603410657545,8.050903184956628,38.98045329421146,2.8266736054115906,14.89232548104532,52.75654635326033,Low
49.53698931124477,1.5620656868662197,31.04147302047963,3.6727770128070922,10.393664307628274,45.81187787050431,Low
12.692224311599098,20.754810318475126,13.651704734863305,26.27537050200032,2.4375653822014014,28.97563082442462,High
11.675683664673869,23.669575062502105,7.308112609773588,22.076374257617736,7.327490542053457,74.61348443409335,High
21.95548398356102,14.177343205542723,19.272033389780425,18.00067076250989,12.906590510067632,57.657463761866616,Moderate
28.354279612678816,12.623769693130185,16.22926788152645,16.39670675559954,13.764452455338173,38.40108936502869,Moderate
32.81024303484278,0.9653447019544081,47.448382336093424,1.9038178629703473,11.952375210702979,54.65031622909919,Low
5.765569611259941,17.01577941633729,6.00627627261721,28.9256988751595,6.937065913987192,77.58787536713272,High
46.40130838029839,5.4353821734264605,46.2643632003779,8.146250560259173,27.403933809844844,52.571505803074395,Low
48.662601006836205,4.764369863437916,43.95101052528041,8.812580677630116,15.371592086659332,48.54265721327626,Low
55.93074749518911,2.195539232298019,42.29300285336722,6.13170360743117,10.377617571524693,50.29103267660439,Low
19.856211365181874,16.987422412896432,6.746815002550305,31.254308971772964,2.3255668408085244,22.517237921750937,High
17.964555239025383,19.82680618523438,10.114676943461058,31.326898334913878,6.4952239868395925,21.53979453775795,High
9.548424209350738,15.449549560013562,9.611956039522665,34.426018470390666,3.6856002870249416,29.00216057648771,High
29.85803922723588,14.425420596867234,19.841175310016496,12.885790406177716,12.515659870434474,39.68060862795464,Moderate
14.85898778196997,15.425084273310892,11.542549920082402,31.7277828429822,6.768078098790202,79.5615308621412,High
51.07452251961328,7.026337730855163,26.53615725326969,0.9737672910800421,17.301878404636117,48.97953056201334,Low
59.847234679393054,2.5871164215544096,32.88832951657839,2.6167136663750643,12.708376996356561,52.341245436569686,Low
29.499025944195346,12.911983021181072,21.012501974721765,12.162564792279525,9.415163246877484,61.431786168698956,Moderate
6.152404352961529,23.310169370720033,14.561654232775355,25.754640798818436,7.1241132061704855,72.06749003675664,High
54.14966999042309,5.464585417281244,43.31531748100997,1.2188921208035897,12.172148046929852,46.85604063955433,Low
38.4610371771392,3.711724234376276,48.99477551012126,5.572518333184107,29.510546580418037,46.30455636551394,Low
42.974936349903956,6.784999682926378,33.86370522071518,7.507902311797877,14.300095365400571,49.955091773306386,Low
32.90029348940159,7.925948132091348,38.661909025634415,9.011776232173556,10.951663850922248,48.4289209134898,Low
22.04912980526539,12.920214761138451,21.314760518374165,13.272431290000485,8.311402389252315,36.069256024472445,Moderate
23.790221954662698,14.03390856176289,19.31707258008242,19.147370599085242,8.506360814784077,41.61765154727396,Moderate
23.53795985468905,11.378863071510105,23.46966541707633,16.06463685175565,6.476137562267366,36.8834687328945,Moderate
10.425542020872335,21.989706460577878,9.042897834049747,27.756476062886065,5.406225480088449,22.60676305718526,High
38.244181066444085,4.1860727491833,31.97826176935674,7.20616290663715,20.680554607694354,49.320247996337415,Low
28.614071815541813,11.404739128998504,19.17922205628921,15.475443208942972,12.436752362139845,36.582392626742134,Moderate
34.82424154252496,9.107701616439153,26.425672850090486,0.5122429640431325,13.153220535938159,51.29354942628939,Low
41.390772245018006,3.0394251225502735,38.66693162243279,4.830662451933026,29.728280369657778,47.300004525484,Low
32.35735491465062,2.0347274249759586,43.011418536568904,8.42464106835575,14.430021017077054,52.07120613944381,Low
14.961386795051437,18.76155238546312,8.385281661438441,20.152443079846837,5.789352101469607,67.45231002554893,High
11.575136013434598,18.849205445609137,8.3039075058643,27.11289249788879,6.289148895037358,28.785970458791077,High
43.18214969083357,4.755961918220083,27.33898517280839,0.6724063405203662,15.880794200799981,53.867343919459046,Low
23.814690639938327,14.46944986973482,17.71632621560056,10.012345246028886,14.307564719621517,60.183151152025225,Moderate
14.653693595193715,17.359711111652732,10.296465817300435,26.01370398190928,7.439762904634663,77.5522649929676,High
13.209522612424122,18.02164141648549,13.986943033195438,28.293760292096696,7.074354353603508,30.577631228106984,High
34.98850106268238,2.74071589342191,29.660495121349364,7.026295764379158,22.183907827866527,50.57065932683917,Low
50.4068333762506,7.3886667713303265,47.8953587047686,6.522640059437702,15.290925724520834,46.82893772329199,Low
25.403268672420552,11.932450530292574,23.037740508642187,17.357168471049377,12.318773549714761,37.06841038143561,Moderate
21.68414106805141,14.490339285866412,21.026344867524884,11.539563021236308,11.856068624141525,63.5045291778379,Moderate
52.735383313931074,0.5952470034777169,28.304491443846793,7.171814470467577,22.388901476363067,50.799619805351114,Low
21.834094636173507,14.768330285477088,18.812351856571038,16.499440338816218,5.370461531973508,37.017045573864415,Moderate
22.66716486167321,10.905311764614696,21.10818586094399,19.465059953974574,12.052913924997943,44.1466510742375,Moderate
24.751889122470153,13.480867574280104,15.663256113380676,14.9167729290846,10.685283176880343,61.167123307671346,Moderate
23.92262145767694,13.190282291413077,21.00225410860496,12.234409496893495,13.102158362023667,61.363443153180896,Moderate
53.60710158765885,6.586613549397669,25.703037656948094,3.3421533726011465,25.876718242972327,54.86796594179897,Low
12.550957177234277,24.117523566644877,9.67289383947767,29.91841256410391,5.289343826747309,25.056162349772556,High
17.767994164228792,21.366204152669646,12.334104434260126,24.923078624418977,9.39333565784069,78.24196693254673,High
17.342167528043426,19.965840948311033,9.816537478295935,34.895595058000765,9.222126409945432,26.278537333831704,High
7.674923741831222,20.19378034714437,7.902248056771555,29.40338220352173,4.3902337576935295,30.133081573141915,High
19.95426637943616,22.249731842247108,12.615777908000503,29.306469231721458,8.343466909047105,65.58302535008751,High
13.776896686409525,15.132352652843801,12.528309039736374,32.01812812935397,2.0937849415735412,73.25528725507178,High
25.698284802728452,14.10645892409664,19.916611255382236,11.384816087629671,6.846980544113715,58.28592163028055,Moderate
25.45317672949313,12.597238689061703,15.899438712548346,13.029020452090528,11.211361950221566,36.69882875160825,Moderate
34.560745593859444,0.10284495935692028,29.218735959955737,0.33426533093221633,13.760821851775715,53.56267653524081,Low
19.158176774143726,23.90218510568291,12.354706998344243,30.761037264298672,3.155376808464424,79.75348686211885,High
28.85282710442584,13.907223019422194,22.14012801248268,17.403940300078716,9.48652607336309,55.213888466750795,Moderate
51.47474894046266,3.245118001753421,40.28354140619315,4.932474930259858,20.626615853463512,49.196722921572686,Low
36.79487325593814,8.557372589057863,38.29679416262542,8.364397373761234,15.96901322295521,47.42418813887211,Low
15.782764708522903,16.527837009365413,6.870180818630068,29.982904481545116,6.791764917524256,75.89548917780732,High
9.999442325929214,21.10873189971551,9.061190459657762,32.307668866379316,7.1602347590672615,28.594191876258645,High
17.82300476855216,15.979761755798094,5.0341666868389225,32.216431021842965,7.096309790926516,29.490536741317836,High
14.756746726067412,17.41036917624193,7.170230539145074,25.133618556156247,4.406143456272485,74.95810666358369,High
8.98727135317692,22.64626031677868,11.67062876391748,27.065379195751476,6.26942096469758,20.514298274092003,High
47.94675882191217,9.746905960485515,44.75208124928594,6.0301386336458815,17.742610179422968,45.49291999023804,Low
22.14846011636254,12.490735785391745,16.95681085450015,13.064391909232775,8.391429592187487,60.93259470175377,Moderate
21.538265767235526,14.28719279234919,18.52644921557098,15.076602078761498,5.740479656139139,62.65351993919654,Moderate
29.57084817444219,13.735950605528346,16.706324570633775,14.160804771688326,9.753434737365527,55.38933707289371,Moderate
27.493831543598624,11.43169721277395,22.99859101148085,12.236921433320633,7.052549984497558,40.212708068918694,Moderate
17.138242114010968,24.375179379802688,11.359354575595127,32.17019452366554,4.882929776560433,25.393397868862436,High
42.95835055926347,0.218233967754895,32.43218010703316,5.462476001308509,19.12651847644797,46.008071971390855,Low
41.23620356542087,2.6170568373590597,39.29989695708982,6.48256954077822,24.40535847894791,48.736408184666985,Low
21.000123803565568,12.241385729153652,17.724306029255416,14.342010279774392,7.533339206409648,43.4221008021026,Moderate
57.02105592033776,6.961561451379252,29.229047346060504,9.849291084414917,26.709723112865923,46.105413644167356,Low
12.242387917629326,18.49161409952044,13.143309123011713,23.496569445838613,4.252805310112934,66.65965149872099,High
11.106418741321542,20.413240988026157,10.037090128639797,22.732468312708356,8.629579351147168,22.558744329482003,High
28.681466487286567,13.628848368072777,18.673768866473846,19.468388821751475,6.418665861618056,41.66305323128292,Moderate
55.75238255529035,1.5445974722332378,32.41531205392733,4.981892991739791,21.794580721529314,50.053320333358805,Low
5.196130795789151,22.675031082404544,8.93484503222115,23.622011808400874,6.43585567812464,70.61798642630262,High
20.92977992512826,13.719969503396422,21.54358200407222,14.181077227864215,12.817573901751244,44.87982644420261,Moderate
37.95139284975012,2.265216260361057,45.521225231578214,1.0339493663004151,15.03706724691418,46.939278202806804,Low
28.1527109147282,14.29038961713298,22.14790578437807,13.827473242075987,11.799554998737403,38.71895999541176,Moderate
7.4407811347133235,16.392345013009017,10.037492608766879,21.56393839301593,6.637934583428551,33.46921351173745,High
47.73826307234788,4.988956645359419,47.73005340516218,2.3556593459450124,21.723647081766828,53.89735334783057,Low
52.106212348325464,8.401080784391999,45.545983068822565,1.4810079862712744,11.23011472917277,45.87033565091554,Low
15.491655694077389,18.761422748480502,14.695438973031525,20.006154737560802,9.230410624384021,32.46505688566774,High
58.695041948984404,2.9635761351328838,32.48557812007766,0.3782013655203531,25.697659667755886,46.771354547930024,Low
25.90446688261976,11.264147225977702,23.35536961380086,16.211443890693133,13.260471865372462,57.41671225972601,Moderate
7.753775466280008,20.190375768743074,10.961255719044537,23.859412064331572,5.960465462884154,72.57745082855058,High
6.230268566735267,24.2915929207649,11.267895408465955,28.60320533016114,9.663246919956066,34.35053234601304,High
29.395647032346794,13.644418538360934,24.127140863937484,17.105106495310913,11.950345315473296,36.49431902142019,Moderate
14.33203898779,21.624978455910615,5.7161668921134705,23.31969977166043,2.9124830214626467,30.376798132140316,High
14.846012798203198,21.539658721298395,8.939800313643431,25.114678210989503,8.809044533282798,30.597259822135708,High
19.992441686028165,19.60935901404774,6.440474071526766,23.75887196298158,2.9693796738207494,70.16162700984454,High
8.380166753763135,22.159967756838185,7.0774823969588585,20.042643310757754,6.800589304138968,29.188256137982073,High
7.1983571147213965,16.292458474745228,9.209198394014816,27.84231491031028,6.71769705811185,74.22508894929751,High
21.180967569666784,11.914737043490481,20.339564085805627,18.681236112213547,7.804275350582782,40.66185984317375,Moderate
13.070071773271755,23.51576443026174,13.205588417694978,24.157611905222367,2.5486182547769944,79.33554365322657,High
11.286582734528034,15.330290083467279,7.332114518135794,26.91880232854666,4.799680253120538,69.44661488413124,High
56.29960807975035,0.7231647525793861,36.46296405467538,7.610059829495554,18.112387805108845,52.49986984379975,Low
30.877418491036774,2.9238311041219314,30.644738803765726,5.809685866315925,18.035873406667275,51.72105067013764,Low
53.84428646249788,6.939495905101568,43.90480585266951,5.09113385187522,18.047410790827488,45.43971641621455,Low
17.363618741767667,24.57496428948563,9.442574744337533,31.59349374408322,2.708205217824826,77.59974537292621,High
40.10687375313321,7.517469923958404,39.46354545508829,1.9378913002335485,28.846018758024133,48.13735258844654,Low
27.293455343297726,11.370180229385653,21.320731105670358,18.11078780590509,10.418710319575837,57.574112301967055,Moderate
22.483184830248426,10.292988179381377,15.20248618423495,19.485590004657602,12.48826640128731,64.95520228264378,Moderate
45.97768297654758,5.212960476541389,31.249322271720743,5.7121291775151715,28.55801259724054,46.84368238019694,Low
21.16548363433554,13.555616480774638,21.35897117170611,13.85250718361922,8.457156944762172,56.22875579894153,Moderate
9.804918909087881,22.247946228587324,6.039526922875446,26.77539448593472,6.714031725319376,25.869699873080904,High
35.92411469579812,5.621888110645251,43.400885010651635,4.940116705993056,17.353160921182166,53.14068287386681,Low
12.764342390201826,23.314903376710063,12.564106998330193,24.591079928348506,6.3741876079605175,74.74219918219048,High
10.75819449125012,15.766688445894543,14.376752254885982,26.30559213630923,4.08075413831236,71.28914271082172,High
57.92846086520933,1.67357032236781,30.436323305430896,9.989046997630767,15.125098477781451,46.00693601103803,Low
17.657818504692717,19.152002147362865,14.808834953745412,27.155709929820983,9.89724112341815,25.42365231468596,High
17.92209265729734,21.680728204156352,6.843196356387107,22.521885413737582,7.334882559731697,74.29234698531124,High
6.653891844728947,17.005081854842487,7.024185635165116,33.08343754601219,8.818664153965418,78.4859688767091,High
34.657207377921374,5.166983852262677,33.898944336766014,3.928390764814024,18.35998433840703,45.38684958257191,Low
7.50012625763981,18.493911770230405,14.628497662275322,30.51490430982541,4.678594708523865,71.70541427059015,High
32.6737329634805,7.605756424552823,39.908662437419395,1.6471774694298091,17.527750754689507,47.695616932524594,Low
25.970980156103778,10.6539955572068,20.61535903101337,15.879898582402607,9.374582272971706,60.395065739842956,Moderate
18.38684775812861,23.985762906858053,7.873431913207635,25.89281637230358,5.3447911945936815,79.3463693680884,High
23.330746796251972,14.307461898593125,15.860136355720357,19.484001753454244,7.558488487866297,43.74576476718201,Moderate
37.12632392622982,0.8456537809723785,28.909053541121878,1.0935590310947885,20.02701987267492,54.403161532392645,Low
7.53399392724069,18.07344553730402,5.322157302400506,29.356383693626842,8.823848972660928,27.523835700100395,High
34.90967828597113,4.840770697102016,29.195364891150717,8.072616493262505,15.68208298454866,51.34000767415988,Low
11.75079218596721,24.647832645185286,14.854015404970331,30.637337957033992,6.8770190508515325,31.843624223485634,High
23.672939476151683,12.456678095871153,24.465095411798654,19.942336355096955,5.197821760618869,56.92576097346841,Moderate
24.036964335325592,11.238086995304721,24.570301050431603,17.616519889681673,8.22336784557261,43.05684788876892,Moderate
38.094621603846434,4.171934185645765,42.11812909702512,5.097570669008714,19.45586690603166,52.922223472439285,Low
11.225803336351163,15.417107905888459,10.47467316772536,28.595178154913945,5.299161970510168,21.14608590762188,High
54.474993749718536,6.376882468959355,49.25186141666767,7.20333369165993,28.865967944913052,51.41619998714409,Low
13.522403162689196,17.432307982521536,11.878823649259399,25.72294561566122,2.4447390486539575,68.5919465122489,High
7.762755187313918,21.600776449617957,7.406508266752469,26.410006304961577,8.33251292420735,78.63429658340905,High
26.146423545927806,10.836168916830378,22.456740420237782,10.186276885243924,14.59046671734246,38.88427221227857,Moderate
58.11685461709354,5.355538148796725,48.53335981967254,9.222233181548601,24.41786438104195,54.90191789251672,Low
25.32080570682897,12.050821575209017,23.66783777938346,11.28591741225446,9.56917350331738,58.93676183889021,Moderate
48.99304371819804,5.6044063098044,43.256229738239284,9.374811723991046,14.145650450994712,53.88642669362955,Low
30.226886249344265,9.379652314338943,44.396931361742325,8.205764393338498,13.780345654929944,51.2770041360074,Low
44.76348879238614,3.5781408411354887,49.41402558307261,3.7049143705951426,16.890117867881266,46.273720360333606,Low
27.90055305737551,13.960253952251456,15.539124588760561,16.245417973398116,10.376263221803619,39.13644754845398,Moderate
56.03754883560066,5.86936506558907,42.8996173385431,6.65784401468871,26.57334287067188,49.75292976565508,Low
55.39356875203555,2.74703815047892,35.08702422567499,8.700249255201657,15.264923496610887,51.9831332394056,Low
12.6799343856395,22.69832439641776,5.023786016135706,32.354865331715054,5.057684065385991,77.05219129881115,High
28.703588312890247,12.930029765173098,17.9493148776121,16.661974931282817,14.594627949892626,39.87947909257065,Moderate
5.200286517885189,15.273542856238503,5.909755127359144,33.724582414195694,5.528884119938654,69.7750928319564,High
33.64504128902754,9.711509073682858,30.287668732044203,8.321624537291184,26.959433866251807,54.03001085151496,Low
36.66323431412191,0.1260751997575904,30.4472844906686,7.5631009698029406,22.171431863479484,47.32335545924018,Low
58.101899662102035,6.9415057350983105,33.17352560841688,1.9769030311448754,10.806504794419014,51.26643683311758,Low
17.736689996819862,20.56693565550053,6.123672533536116,21.338375240813505,2.818315115590071,31.98472201659385,High
23.77447285829974,10.609251251292115,20.24675463011255,17.29514198435872,10.790168569033813,36.78532904539715,Moderate
25.897376125562033,11.935071329830622,16.53699483755026,12.279326573371545,6.2822450923967015,43.70890570026667,Moderate
22.402455575199884,13.28522878601509,22.499833170303184,14.874761446534416,9.652978832832506,44.33258667580854,Moderate
28.009376958208563,12.541259848264616,18.574460490689248,19.42451444734066,5.28848230172338,58.25468988676623,Moderate
16.200142479315293,16.841536342075614,6.48507032834031,21.698456588159882,2.6523061877000744,33.88835830588925,High
20.511797356682095,14.197357711615496,23.031920697099004,11.90018404915461,7.728714507352116,62.57482324740119,Moderate
6.8069805429539,18.737280471492998,11.363974698559645,20.241596692360115,6.25243331271423,75.86458444596735,High
21.841804614846264,10.678250529686041,20.43929562529023,13.675258346405462,13.970236470327904,35.28264701049978,Moderate
49.377517239948034,2.1199405469865806,29.72989480975887,1.349784860716421,13.115032457310596,49.461143071251875,Low
48.479563507805366,1.4643625660281612,47.871053746291366,7.060581146380308,24.355210896324618,45.67028079037523,Low
8.416819624387895,18.710946113074268,12.705857405897918,20.10969678450777,9.580777609826935,66.10606283876363,High
15.64242307207464,16.40579759437261,14.054133586208218,32.52053652794798,5.180101038660353,24.291500561306005,High
24.902300814619352,14.636936783407744,17.913524047243897,16.65391471766147,14.344004323485265,55.1923170345676,Moderate
17.032881014253064,24.84059684532896,10.854887595838042,21.3763921494458,8.02314160196389,28.276423387503172,High
21.127372881966963,13.334595097874846,19.532318012500003,15.28492889689118,13.244168329143054,40.45703016032948,Moderate
55.14345868944331,7.151001612837,40.50587122402801,2.560211730615131,24.321261068391163,49.14620062396478,Low
35.196056097300456,0.8018001408190345,45.51218961200687,6.509717452185445,13.595956269901508,46.42061609443062,Low
26.63826461422513,14.322706264487696,24.01719338797691,18.816819958142688,10.82980202296515,60.41030289062812,Moderate
29.89045414091152,12.447007926318634,23.206600394112492,19.751633799147683,13.304823250861944,60.747556906554045,Moderate
53.858019355796706,2.282353634936991,46.096985280773225,0.8970091901484578,14.294890048167147,49.557358140084844,Low
11.982972220998779,19.751209769132068,14.27409756722572,22.84300736371014,3.976109119646086,30.63698083336382,High
47.852337921007646,8.389973277180108,28.08624664525888,7.486721752509908,16.57491976699213,54.37525986759583,Low
26.70797186489568,10.320831090555425,19.81505093177632,18.54720136410593,14.085041797704697,42.4952660880791,Moderate
10.125800636727897,18.51707090866734,14.04469272355995,24.950897045106807,6.435276753384392,21.236443645210603,High
49.26976577715682,6.880455570741288,40.36248650637981,7.725225917625444,26.704585816920297,49.65871308696369,Low
24.747550617686375,11.522939937611975,22.556609048135996,10.935156824693733,9.968426413714917,42.24789301195435,Moderate
17.01923537730113,23.433557756171496,7.46904644282953,30.128353249879044,9.405346098529721,34.70281234766556,High
51.19427179460703,8.038145451934467,25.67766630840583,6.393864214540979,11.969892833588066,47.140524562274344,Low
15.808647936340115,23.126860073637516,14.48049557054005,22.035089404534823,6.816669767411008,73.48123151481681,High
16.584201435856354,22.455520405919753,13.484879781047933,24.4412676035268,9.382556974204643,24.37107330349768,High
40.68290177693539,4.722818041629817,37.77784096223751,5.7228381454200115,18.67447405662842,49.70505078992327,Low
34.50507002451125,2.1469588746335546,31.62926852958389,5.489325244993376,15.057099575251176,53.18212001370463,Low
20.75248017677933,10.457125370815016,16.706036077128267,16.964355365489567,13.154937232409418,56.795282924936664,Moderate
16.791787616237762,22.590745133976107,5.844786466159656,30.422641480046316,6.863183644396373,73.74446850041853,High
35.64363479171284,3.8654050682302787,44.90609023640968,2.1769979885723245,28.77156479172066,46.377283015171415,Low
24.594415118736514,14.02740846655955,23.73899367501449,16.21839586494019,14.88545935512671,64.80540304031354,Moderate
5.065082861094264,16.666763751011942,10.398416278669021,22.02773153130089,5.357523783243971,77.68093256240772,High
12.757660721577745,17.247974931399412,12.356610864902404,30.738377429659558,3.807526350340388,27.30212056117787,High
26.03313904445922,14.771084084173534,16.659050443006894,14.396152506680538,11.91044544936248,64.6590299186581,Moderate
6.155199629969324,24.10468538746953,5.040659299476641,22.307211350091908,5.445710030524574,77.22713475781457,High
44.022045337496095,6.801118854469727,37.62278628125348,0.1835838399922396,12.764641735706743,48.920295348035914,Low
12.382908313670226,18.619077267846027,6.59727184778812,28.946709466574895,9.425712829309802,26.39518492048991,High
33.445104742176106,9.634992408875883,36.01662208560734,5.618769562415132,20.378747285295137,53.8274207620708,Low
34.2748662870454,3.3362839583686563,48.498109322142724,7.583847715899178,10.474327206115813,53.16745279472681,Low
13.418440108082903,18.967540177931582,7.435646178390623,25.65282362589399,6.398088383522284,20.313443183083614,High
31.804270278023555,2.205042634356471,47.77801253479894,5.658630735596195,11.430060486632707,47.740542074295476,Low
21.901781355239926,10.248154303393155,15.428410239739472,14.219306307317797,12.110196963712664,64.54153727119177,Moderate
9.580573855019617,17.283537125493737,9.39328446273062,33.661164421418974,3.0563341746340864,31.80367900063272,High
7.878879299715926,24.546691768127925,13.336277224751479,21.793010127181837,6.411828324108892,20.79034154500084,High
54.06590942262119,2.5862083488803878,49.478788877515385,3.340455484199596,16.667356762331256,52.521548922576656,Low
12.946767880156786,15.810068925193217,6.240324313524298,34.99413304238338,8.475075128489891,69.35536981435644,High
15.120551551895852,15.06836410259767,10.09808402613824,27.47086102948308,4.197256002623612,25.741945212248027,High
23.918939209359134,12.714666936964813,17.079523404978104,17.078592002736386,7.685761808015268,40.944738549126185,Moderate
5.875659259304996,22.059477365220374,9.539345707501106,26.694564847912766,8.706432125029789,23.597478832611063,High
6.991079465473962,23.504051510573426,10.415932797944922,32.54452893380249,9.409150109127687,32.06251351941137,High
54.085603457940344,9.26194068431782,32.10460739279322,4.822252303373266,11.677474771040242,49.94042866935733,Low
41.92783193888383,2.4153684170168175,39.582681204605116,8.59324951070476,18.052228766803253,52.02627106323652,Low
42.08940536295484,3.7975152291931744,29.162588676237878,9.646904788284608,11.375019041773546,51.16884071966395,Low
13.576573627514772,24.349476269957474,5.033625071608926,31.144900804283306,4.210452954672414,73.52113728871792,High
28.75819842051526,14.299114407700806,15.863366896516025,16.624873960354584,9.028749852628208,44.74242525521736,Moderate
10.358893006438857,24.48870286464511,10.6248646649823,22.816350033574658,8.079877795153887,69.31800992633762,High
24.539400581307817,14.578085460369497,15.56150454024518,19.814886636617196,7.322984363149256,59.8399075033254,Moderate
8.257238033880984,16.74735714710306,10.572044501863175,23.20742916543561,7.266736751127201,21.302983224079412,High
21.169135721755914,11.932713315870405,20.83161711433736,12.799377716302669,8.053688442253675,55.832177027400704,Moderate
25.844915422522266,10.178114328770494,15.859783968750417,13.904001317857457,7.036967371092961,43.676188661891324,Moderate
27.059325391660636,12.032837874503555,18.921260028013673,15.591382688397522,7.722058492494136,59.47379822638067,Moderate
6.330071560343809,23.55587307130736,6.57314968229975,21.686689751012647,7.380889382751452,73.83745418573635,High
6.918236966244878,15.524629628064112,14.133232564076998,31.65707161202053,9.179135341922418,26.40832293293456,High
16.144718272227998,18.995998157926273,7.74450145048097,29.869402758249706,9.095023434386668,28.88879536146655,High
46.97195891987373,5.383319432557134,44.15868032761631,2.648163217783188,20.229350800852348,52.71484874816926,Low
42.86982082125055,0.2544775990575088,26.9296882556617,3.295304137739967,18.998255621710108,51.477090747902295,Low
47.50175384298362,9.606269755131997,46.89762312499737,9.38719301977863,19.916389452970783,47.19991126896931,Low
6.586531943933283,22.610083300436973,7.720903515387917,29.713881038358,9.710821873776686,22.286180388657584,High
28.897247409999693,10.815641864964944,21.646272899165588,16.61037032656835,7.940190711937435,40.46513708701204,Moderate
48.5143495981209,2.4900873610908993,34.86198477097144,6.86024223935891,19.76669826008669,48.228144977138435,Low
43.41607621514507,9.106057172144217,40.70867793873611,6.42278163507115,26.345185379750458,47.98803064083275,Low
15.131773152524504,15.049072925094826,11.807308537467996,33.99391300311412,8.50695599978343,75.13830440903735,High
29.267887831144265,14.661313256215195,23.006774357301495,17.58687554648274,9.470989954877954,41.05400371953344,Moderate
47.90528546750667,9.70257109726057,25.981626291216507,0.3881294781180211,16.656367221833438,50.693352017760944,Low
23.833516342652224,13.777885976419366,17.36685025967837,16.1936928309195,9.586406631983575,39.67838013124715,Moderate
49.0929074863091,3.7546892846650035,35.70879501422115,3.641210568415054,28.868562145305706,51.643442914647146,Low
16.988571499644287,23.464224183598915,9.564346320669149,25.89420620552268,4.450819371264395,21.910567317412998,High
39.92694074557947,4.639313768123328,40.63325424886135,3.7734847723031164,14.276024213254656,51.557962798997195,Low
28.008265764418773,14.086812016863922,16.04922645274644,12.528962734903715,7.490966518805516,43.91229441031467,Moderate
25.73769305579364,11.765938003814938,23.712969832225724,11.524289911085583,6.568173344211116,60.55009086474851,Moderate
12.551046289989973,15.914308054273754,13.709923231692464,26.109022400858144,8.498226933313354,21.648959274416757,High
19.349438306824553,19.72651398464419,13.342004118643839,24.739489612710784,2.019024247459094,72.5988406068539,High
17.735728776395955,24.69477236045363,5.2755522228076615,22.191226001597336,7.87367719494603,77.78234312461909,High
18.767294956469946,22.028266156484058,11.426691925257215,25.072125637378534,2.799599392093973,30.55091771963327,High
28.826182752181744,10.426248708910364,21.211640962755062,16.24963517093216,14.821752549309101,61.57778407238179,Moderate
44.83260914107744,4.585230088818907,43.21640710591507,2.622743218149849,10.230520281059706,48.27376680115399,Low
11.46785383199057,19.249196191083094,9.824619331625895,25.73169246487386,5.792836081942472,33.7664140471595,High
52.37201348193696,8.442123252861432,27.478652806940598,0.4414556208745546,28.346978030134977,52.01731040755785,Low
14.256206833819567,23.73517586572262,5.371845117332602,22.288345488044676,8.42390992365503,20.698393982362937,High
39.339230974680106,2.783684816626566,38.63569875529283,0.8464875358462898,11.565489614597517,54.71401848608646,Low
9.991468988593011,15.336898371774039,10.145474351210202,29.65808096096162,2.8458497443957222,26.876651005012885,High
42.71214760946289,7.250060762991187,25.616110115908068,8.940995361061592,16.805499644680616,47.634036119558445,Low
8.74306779456558,20.523679727296575,6.813646856171145,34.37763692830226,5.0793336354824445,71.61893302259571,High
21.565813761789638,12.228464443129692,17.435465459219238,16.48140122864761,13.542190659259605,43.90314456213651,Moderate
48.96792863758591,3.717240664023432,31.849702486749294,9.680221720457387,10.98317047242855,49.752465265872004,Low
50.94485142059236,8.27518922106303,39.98248217515972,2.0117523228887944,18.4898566535307,45.37253880614196,Low
11.906209678563574,20.139037959624872,10.82897868432882,25.077681434628815,2.65745211838004,72.52817961877787,High
37.553468874760924,5.407937549855443,28.364406677602695,3.616660831950428,24.07056680363061,49.69302996360007,Low
14.095513372990379,23.57411046084909,10.909817821036992,27.274846137395365,4.181241312247409,73.45813522253634,High
20.810843412662866,11.783783395988472,21.377806523184976,15.000651918869167,8.331254605226116,56.11603199451892,Moderate
28.773650457130685,11.06781504228938,21.18134451306078,15.48773898932763,11.820089984982271,63.05763832543007,Moderate
45.4445206178907,1.8772240569225207,33.55173586643888,4.027855340464949,18.188958752546185,49.66967409163798,Low
18.382908302103022,18.703991972679866,12.069195740792273,32.42523420440215,7.54105789314455,20.939854503959946,High
12.918531876053098,17.912401436265885,10.035359357550362,25.41990908638962,8.369010951110933,73.53357230756916,High
26.222913758376414,10.758518223257601,20.682718543000334,11.847755179775167,12.999705598834314,41.73391579115831,Moderate
17.676829173751436,19.893862613235747,12.759995213636714,25.24844737562138,2.387044430292769,24.564377877722592,High
44.41759731979944,5.214490241668801,42.07785714307616,6.690535153169479,19.6254790365521,51.88174436722264,Low
23.60703202906032,10.215404850029625,18.72157428195262,17.878781017032537,11.706340948348597,61.314735671327504,Moderate
14.463025836267244,16.129391158218404,6.417045207837538,25.299429749781964,5.050153550156616,30.69615343068422,High
48.41800754280185,4.639816981668874,45.49192506951148,9.242184348426601,14.22316074863854,50.789365594070034,Low
22.39454814085502,10.249061499016022,21.613430716714742,13.434313817897497,5.512230710289082,40.91528797355373,Moderate
45.6049050333598,3.488205339694793,48.31882347650783,3.341046520865633,28.291688704434954,49.353893961280136,Low
33.564537488042156,4.017788006543243,38.71471037636721,3.4728847430569774,16.599497905805528,50.23993167464667,Low
27.91159687090068,10.687077499132341,20.300246368249503,12.229467049335211,12.378323605059231,62.853316911387836,Moderate
56.216702326875456,3.6928077021554104,45.12743280102838,8.824951050681364,14.915006243717757,47.225210441774465,Low
22.548178179647618,11.532041974667504,23.17995380599782,16.921149965863087,7.547420714930015,39.532997386465425,Moderate
12.501904377511824,15.462702127699998,12.837063251165663,34.924349316896794,3.257706767601383,27.94337191026028,High
59.89910511221716,2.9461939634619316,31.171425689893322,9.261929864146266,21.140951723844683,54.5311108528193,Low
24.002770074144802,14.241145662764243,23.64507760844559,13.568875466407201,14.973413355282975,39.28563837805697,Moderate
38.784661101028945,2.2123869644606398,38.36998665702981,0.9505653683256443,23.22530612530183,45.421504169629344,Low
15.154004956286588,17.602060505864365,8.90303254101828,28.371772671471078,8.947356922835858,71.95796043892426,High
13.574964199537687,15.097059604021288,7.493718165654726,20.061952837077435,9.980120007335753,31.482750186053547,High
9.458940791581348,18.157287726606473,6.611550325691531,29.86981031971994,9.897983039190258,68.69338477977011,High
25.434451885418927,10.131764561147737,22.95635292173467,10.960174402835634,12.90910073570479,36.75615534331166,Moderate
36.79969206680964,1.852703553833237,28.1312807774052,5.802285321991417,13.418897871351716,54.49955009332204,Low
28.993571956493643,11.025407920730375,18.166730049572163,12.099567202490118,10.637744228668131,60.568906382730944,Moderate
41.31852489313868,7.02540501534807,45.29865586594708,4.498039907044287,22.0851903197385,47.65544184803241,Low
8.669809556642099,16.43946724950277,6.675973151147563,22.889203347094043,9.479633815901483,76.30420455711018,High
38.91365146869525,5.6207279440257105,42.878125495422196,3.6218160279415157,24.72559797566843,50.76909535322751,Low
16.44502666488063,15.249551362244885,5.939154707369017,21.004660612866427,6.3570977619328755,33.33537169799054,High
23.606696643093027,14.13181671426095,15.133380448345125,16.90029113421823,14.892845573092735,35.516621758289894,Moderate
54.674416909030825,2.3693332490664867,30.29285930369927,4.824236015947289,26.3973629505401,47.71177785711203,Low
24.01367485717159,14.025360804140512,22.009409390177527,14.422697431026492,8.207857973433846,59.49481965185428,Moderate
7.725536394834274,16.205681616834013,6.622593356943244,34.26469119217092,8.27903929988109,65.95172952696839,High
10.401656687179164,16.243218011793306,13.956870076556118,25.033457712517,3.8841896449133646,34.76698445411421,High
23.565754992828726,12.21999510373363,24.97357348664711,18.949323786658212,5.674327261109027,61.465972838024705,Moderate
37.26165814534501,2.3987411275594472,25.322436744738138,0.3247077169174828,13.625005111031038,49.17055236232706,Low
21.21839111354489,14.765260361008206,15.358441523245608,13.80726969957774,5.966519395819043,64.65625722837592,Moderate
25.078500727175616,10.971183790033246,18.323405600151805,15.361419277969446,10.338942226013806,37.923295158426335,Moderate
13.874538849116897,19.424469449663754,9.796929462353745,27.38301502570016,5.170092885718893,26.74391756550475,High
36.950151041503304,2.5310153917960876,27.980261071014333,0.8579428489948948,22.24317317886458,51.46672753159905,Low
11.472996974281568,16.828221069023392,9.058239963864885,28.996988681641902,6.57051949165593,72.34452521306832,High
27.070338880338365,10.68459776442805,21.861791184392434,17.209456736708262,6.224199993963562,61.349515157609815,Moderate
26.211344506719488,14.055846736212322,24.231704357370667,12.833223153643974,6.086658967311392,38.71174120689113,Moderate
16.588366380097646,15.511973441886319,10.431246268331652,26.446572571823665,8.40135136710784,78.9347362279131,High
38.59623756384853,4.820410581120825,33.63702134308615,9.665907702233167,11.490209236372802,51.1909309527112,Low
34.18068222218472,5.906378339946378,35.594252998273085,3.2056322436092453,17.87438339306075,53.63623000919954,Low
28.61444934565788,12.240654299373839,18.309784252380528,17.61871133953739,8.66885151637489,42.64220483842308,Moderate
21.73461998114813,11.110218880335545,22.276233847992124,14.084451724480198,6.6664018775232385,62.24008792161554,Moderate
14.357321461277296,23.762068099979828,8.7896812701845,30.995348236782583,9.547043827655049,75.16265801361854,High
28.03705424016617,12.020033115401013,22.49823584361058,18.13254951121899,5.472362736897138,61.01376211443161,Moderate
29.63683272260502,10.446431257655654,20.87191700467117,14.589845069346689,6.751737411189037,37.9283562246026,Moderate
22.559536652499304,10.22362908121551,17.757687613660714,10.281432810459146,10.032317738538788,55.134440439834165,Moderate
13.200360572760058,18.28148376214507,13.868796784711304,28.91345037722627,2.490380058273967,34.09373707353686,High
20.098832877754614,10.817828736681436,17.110924716621465,18.14983364478541,6.383908782073386,64.15691350051638,Moderate
10.52018613849974,17.357130840604217,13.670250230326292,22.920446637179715,5.250238329691657,21.49139885469417,High
14.844894101530047,24.465757864702102,8.178819819855036,27.73718647557895,8.226690793437957,73.20414625456353,High
15.7937038031838,16.496471588789426,14.336870375518163,25.41431530608128,5.2532153270771005,24.63887711799142,High
49.542611650555926,2.9655991220593068,46.21179436015662,6.73008166288677,27.27154006278292,48.110417050569836,Low
29.85773665197552,12.022993330838922,19.93805827290143,11.9925237327458,10.034506940020357,41.492427328379705,Moderate
12.406830268182667,16.42118852975808,7.654818263799088,28.25887565372652,9.312860726199624,76.24137841956659,High
16.24186997228519,19.056475756483273,5.4406739459227555,29.14837152507947,9.83319256598886,33.384573265526186,High
11.537072487614726,20.160104329061443,9.07514274278343,21.636154275340093,5.07905561034395,28.692297221845482,High
58.89345334767522,9.332050877593062,49.60223659916285,3.439796363163702,20.63976636541564,54.013868568106574,Low
17.546643405657015,20.697837893089098,11.472415682101966,29.22703536750422,6.172907826817837,72.88940401001176,High
17.79986924191837,23.393157477500957,12.255900499128456,32.53135959019803,7.490475321183293,75.54441008272077,High
28.200641195433708,13.198933143832898,20.158021016654793,18.50191281849878,14.112415010249034,44.95608711514426,Moderate
23.355143460793208,10.751819451679113,16.56013816023538,13.93239431725194,10.757462843213233,42.61674905394184,Moderate
9.37618022383371,20.934491519510722,6.072811985657472,32.70923688784455,5.778147689146956,78.94707878165387,High
44.864739486185954,9.670352752561461,28.828612502098906,3.032081937596749,23.930143669537784,47.13838889495264,Low
18.27775803975116,22.495114283679296,11.201391949221275,25.576370983256624,5.32516349864459,24.25787373716263,High
20.696363159750607,13.35725409577719,17.54577318213926,17.378998719514396,13.132132856828079,40.472374278792834,Moderate
29.19934731781395,11.802433608380586,17.92649964538554,14.861644657483968,9.077508746073407,59.56240044053335,Moderate
16.287290898136135,17.11756093500237,12.851171559931979,30.537608155475628,5.516605674866151,78.1965894068397,High
53.12736611237466,2.349734049959528,31.058842378419058,5.366075092637743,22.97390085066071,50.92190180429218,Low
23.4201882497787,12.776960894891479,24.447092237258122,13.60661124183186,12.006222647194472,57.20129420835764,Moderate
27.487236352966626,10.148286227983956,16.847881150741404,15.725298736237841,12.692501801560287,63.31134765403696,Moderate
12.353751555059532,24.19743900985779,7.112182937604353,28.924654797192602,7.730714708898268,22.775193382294855,High
23.76490195344627,11.793120527525971,21.251618113680983,18.014008692471684,7.6950467378979335,62.98749148952001,Moderate
12.0864505817696,19.136661885164816,14.90192093933863,21.44826247971608,9.27444730857362,73.81865116751733,High
28.47058190871695,14.107010717577037,23.874639235710916,15.469223308068358,12.005796658578214,60.442367576104175,Moderate
42.12420964953099,6.996395696221217,42.539131640073556,5.127498997939296,14.139726060002392,49.33076102586793,Low
11.581811497848083,19.126289025154566,8.056280440671895,26.82858409006003,6.440925020724006,20.246101403926925,High
7.563558088170986,16.281006119604804,10.400065451397683,34.19773720926332,8.232966899272459,23.73176815702041,High
15.302027294979874,16.01793861233936,9.278112344921187,26.30800581092428,4.2330164728832855,72.1846217045996,High
50.29540157331739,6.908839765508228,34.77293567102906,4.047058743291702,27.42543701900234,48.071499501899524,Low
54.866500976478285,9.961576734987789,34.30108919530518,0.6160798529246925,10.162163937724264,47.53884010961068,Low
56.32119215783867,6.07089578718754,41.492256823261854,8.42538229398637,26.337559717875656,53.2308752900688,Low
29.663334338056437,10.08810001364857,21.396449437580536,16.172662871336428,10.253291322682063,39.68084060187647,Moderate
25.994616757866567,12.351060605821194,21.797015203711823,11.911249749764295,7.7271960985824215,35.362548954415274,Moderate
23.272751933314503,14.942084124201504,21.146456795311703,12.613886808010255,6.28966843851634,36.890170673345544,Moderate
37.73663056299607,3.9319520102792227,47.980200776343125,6.381399025162693,29.601038859529694,53.72948730409002,Low
19.170078271778564,15.511655736114612,10.188578017517028,25.865371082600593,3.9901052875290386,65.39168522542383,High
19.471608788431553,23.90162356407589,14.081725813367866,22.352197704817304,5.1224704288964755,23.877121691530025,High
28.20843663578689,13.155684481038993,22.470005861387303,18.302963112692474,5.79503583206138,57.790602771799364,Moderate
22.52259410487571,12.847914788915464,23.58451058856471,19.97867024913572,11.054476059672126,57.164430834116715,Moderate
28.781810458043097,10.271341853662184,22.5952633598843,18.195231220959364,14.197774579738795,43.71272907617394,Moderate
42.84552444951943,0.6364090928664234,31.271977497267507,1.6678733518367417,14.322716246218414,46.600741054867306,Low
51.730164513862235,4.896244620502448,34.00149754826815,1.1755724912093657,15.258484952642942,53.72796325079443,Low
33.2920859603251,4.299576197798217,35.94412637470321,8.918202114066128,13.94807467461085,54.09718311907776,Low
9.011661818559936,18.456267130240487,13.327098670049589,28.084015908359333,2.6466295754595723,20.19700438284594,High
17.64074426645339,23.11248662586619,7.668477635474832,31.565204191974104,2.3063567738284743,74.99322110219626,High
53.995657678419455,1.8161396775660266,47.02237901361882,5.65888605101759,26.560865715485043,45.25371488042315,Low
29.212151001062857,12.891552150629616,15.046216550340066,12.957865424935198,11.108709419666171,60.914499314430245,Moderate
40.78473453659265,2.374334683748063,45.34308359305568,3.0306576117510167,22.229897054383983,48.10147221090802,Low
38.55285506081541,3.1562734376334998,42.42560415010749,1.3031798809129091,26.214609304608253,45.99194530112879,Low
15.274618290278402,22.03344995945146,10.66444049428472,22.53842288507466,5.132710447610452,31.046780805582806,High
39.16812646470645,0.3926941424165231,35.158305774094195,8.806505774645778,16.562943610301375,54.26557115141838,Low
5.509826251390632,22.097722775838925,9.615929127921778,31.08547314669689,8.948375380492283,32.38191327216795,High
50.92414385007851,7.054608302834863,47.72066244292156,9.623653164545283,12.695715698348762,48.678322243209564,Low
6.267732637418278,19.072783502168583,11.022443778273,27.77243431452091,7.415729461830728,28.715142793252657,High
11.978934380131381,24.07413097758738,13.177406887300977,34.67220905957301,9.460420613696028,32.99746854997405,High
19.050213053869804,16.586655434671147,5.044688879991367,29.36814154495422,2.6216475934833587,26.38067145797219,High
21.522706856722976,11.51700780821501,24.464028250221006,18.574875572237353,11.03410536526025,62.74398537017255,Moderate
28.227440310394936,13.525408154176677,23.467996008147615,12.76209632665209,9.74296502490115,59.904595251574875,Moderate
19.700501660908166,23.332839663989688,5.080872915526463,21.379371915868344,4.810027049622733,65.1460080859495,High
57.0528597640627,3.2679470585777737,35.12992856438324,0.30824618699370254,17.8557129265741,50.61616159791455,Low
27.26558787224262,11.655828771110171,21.76458234462903,14.049927709162262,12.34147339660472,63.14210898382868,Moderate
25.057833001200493,13.825506750850067,22.90481270911437,14.466677244614154,5.7926617768317366,64.37682102159471,Moderate
8.82757901675052,21.33518725636599,7.908217293685223,24.10498154579659,8.688467123344278,71.39694081085857,High
24.61495798451336,10.969021212339578,21.000044685092814,14.518130784109205,5.599940062952621,40.81339216932299,Moderate
21.703316343698695,13.804938282663045,15.284712258768211,11.878975199444017,7.9234182532089985,63.891449619957854,Moderate
38.399372809808526,4.136426749186352,25.267882442383975,3.517098179588083,11.738791213845083,45.71206717541232,Low
51.66212814608211,3.9515529747230502,27.105325279427458,2.447998730017259,28.76936424731625,54.89184164366096,Low
15.50978350970866,21.884906873685757,13.18884091347035,30.70399988607178,3.22276371361514,30.814446923512588,High
48.83701168472723,2.4682386920190225,37.154341352622076,2.4781244290690685,29.86327477866957,46.40064559358937,Low
27.685001073627777,13.172594772031234,17.37936452418788,16.869609549868446,8.786766914663204,64.59007086764434,Moderate
23.422264453048665,13.651848295939779,19.848461869924897,11.646158940394379,8.514617924326664,36.865110125040594,Moderate
24.622309659078027,13.810182756539131,15.04001675934702,18.41690095961765,9.179804075762501,64.58904604845205,Moderate
12.195738423744547,15.61960942994326,8.828473350377042,28.16783946392418,8.63332451468378,34.75329123316662,High
22.56312713260946,10.291321567705262,23.082114476502365,19.205837190890865,10.759537988029502,55.13677651104644,Moderate
43.20457481218804,2.50966661340298,39.445176256277115,8.665956885955035,29.46090699028322,45.997309723438825,Low
40.661537060572186,5.402965317903073,48.80660036333431,2.5769564818917967,26.61844981643701,51.91818586125051,Low
51.26234093228929,9.995577032504386,39.51889997639148,5.918079076633259,14.012327422493055,53.14792001635896,Low
28.071637664216805,13.863343674320848,19.275609001206973,16.340763546212486,8.577200196714713,35.766198139296485,Moderate
47.10183510268095,3.169465877911193,33.868213918255314,8.3629131310246,22.274159390874946,53.73384164371048,Low
27.83722357433892,14.437546305284588,20.20573937314829,11.14693892114783,5.481863744748873,56.607155848915056,Moderate
26.3232264594425,11.017475502701556,15.48719171515748,10.700274384998608,7.640740372957504,64.60917431558062,Moderate
59.90622755537842,2.5100138326230024,28.529976588429623,4.4885136565200305,23.143953232801245,53.8909239824896,Low
24.32647824628104,11.99933231518297,23.97866931942,14.503469493303285,8.149006328649307,57.1936806506527,Moderate
6.8003607765936565,23.698884250269963,6.553575780802118,34.00892269182949,5.613083181314368,27.176962765772487,High
10.044778269009594,17.614109481981068,8.14971629790918,22.74236059461045,2.5719566197521697,27.583295439843283,High
28.814719638223174,11.453506303466096,16.49301199143541,14.878416434777778,6.753865040873453,64.1763319092171,Moderate
27.600358554624314,11.28108466082795,24.75982427596308,16.236636477853256,8.187984080440692,38.213523058152255,Moderate
30.93402248653534,0.5773215922511721,35.2682885872753,5.438779211611175,19.081931867550733,51.27732735562266,Low
42.25359639212096,0.8114917853623915,31.24360448073388,2.7814364044891082,22.021653307864312,48.99141661093952,Low
27.965536231013203,10.320789309714955,15.149797474717017,17.0815010461625,10.835804987801847,60.49275008128249,Moderate
40.86706324956865,0.402580030092321,27.185420196777095,0.3279987427689601,12.192563888068795,46.000316710671534,Low
52.65411767020857,0.7686207527616351,48.293510082912704,7.549325397850504,25.440635719447094,48.09764583185187,Low
42.642736517774935,5.225101810855884,48.15148899545664,2.6251029048316568,22.13439159564464,51.08758325129553,Low
22.356886639246014,11.55348328969586,23.95930698080457,10.065086468846095,7.24222139889418,37.094198168002805,Moderate
47.529429357693004,4.626756050653935,30.252679822808794,1.948404916553641,24.411728387412747,45.494474366793476,Low
25.704497348723443,12.474428205524175,24.468053010913287,17.10486068289564,8.213154160263212,37.448089614121336,Moderate
37.41309702030439,5.484191629935626,32.06375668796597,2.459997403067952,14.193218442234008,51.02908811424685,Low
24.60748134994372,13.62868255004519,15.12773710004056,10.892428661788337,12.374111625395466,43.139839745733084,Moderate
22.11670827004503,14.621357617459562,20.114639243275175,16.306243738653325,11.258798329986451,56.0493918032795,Moderate
55.98528437324806,7.767105569551812,35.211389535212064,0.72898451871655,15.147309168032681,51.438679275551266,Low
26.53231268806845,13.869128984461653,19.572963999545205,11.814061440021904,6.502950133692771,56.64216958227346,Moderate
11.689405633439993,17.82567277057176,7.544825499600215,34.76281010668948,8.949070354216296,27.036526846153645,High
13.419209610703263,21.035862092860725,14.939713421401017,27.48152604563964,2.3752766539670134,79.88853356425878,High
8.748854914596397,18.20922314965361,14.55079222499964,23.677046543784034,8.25746528197537,70.44672601832507,High
16.36611937530684,22.284175890737433,7.573497891652169,27.12968265136712,6.06683283685668,79.78134641177165,High
44.91524292025282,4.54764342552661,32.243199593455365,5.364103830800304,18.97085098736919,46.74278678501361,Low
30.737607493764045,5.0313247255154,49.57367198886752,1.3551687356075404,18.858742434688722,48.8962601735801,Low
27.606479395780255,14.762983745274056,16.878053168359834,12.60506449260232,6.374995541574241,35.16539449289876,Moderate
29.958638754307017,14.555917946537148,21.51493311252792,12.278930977099268,9.288365331332392,36.99462686833052,Moderate
32.46515002429282,2.528581182501112,26.751717393029736,2.299183708616326,29.142141920001027,47.40535086515947,Low
27.179213233927193,13.054592887586306,21.15979174410445,14.363056309571643,13.672263587993717,56.03497503593567,Moderate
41.91861871681102,4.596648704026612,45.47173176301179,1.6473089608106173,18.22821863520931,47.0227318174203,Low
29.897744156800897,12.949615891369074,15.032932288638849,12.333598515495066,12.287891901041544,38.212551734139126,Moderate
59.630040239899415,2.876327290436782,42.66510322485544,8.059058425334413,17.339156636339904,51.75746760347177,Low
18.184792170146594,19.855468699784154,14.842468433298002,32.71762696179655,4.0153337066700905,79.78230452808478,High
25.573119719840236,10.89416680624611,22.88363013498313,16.679103011456768,13.536044060133682,64.35162010746778,Moderate
34.76724503008061,2.111259425580374,38.55038246199315,2.2842585230842016,16.502658568005288,46.55590324385008,Low
59.59987779801439,4.850946599795401,33.318236912759474,0.9455634477438823,20.823761117140485,51.042395103321425,Low
49.11604430424841,8.265510741914643,27.686263815722704,0.1301021342587272,28.75773952189767,52.28104492367742,Low
17.199927964005454,16.167873622788413,10.043148170070383,34.95186147910944,6.448951886212596,32.020044728398695,High
59.58003191468613,2.5933489731709445,29.522297534472457,9.688146905778044,21.301445660733872,48.94258235495745,Low
36.93224389764214,3.3156469906719375,30.102191528894007,7.67233394159223,21.702433218542495,48.745361524510415,Low
18.05022410886087,17.47722125400898,12.54775391136719,33.36310596691078,2.585445699467936,67.01883700726945,High
13.196699020568916,21.433164037981864,10.26987903802344,34.53134668108015,4.747190902073299,24.58410887248133,High
22.071814718944395,14.053099331396794,24.42123313757504,14.420770734388977,6.200220137034859,39.002190955388116,Moderate
28.19979808082437,10.16018633384864,15.745735232499808,17.72199655209338,9.498894050569497,41.56621949473129,Moderate
46.28173330042789,8.436496640518238,29.678106760262544,4.819001671099774,27.1577837049248,50.02402793480127,Low
29.00591900628261,10.532481585022255,24.947596373069963,13.404477530416592,10.13726525443295,59.97938053395606,Moderate
17.39597899001926,21.729423666930614,6.745082134472403,30.427176011394945,9.167354612052977,27.512764598562324,High
34.113291171869975,8.845868882296138,42.16696529310323,6.623718599127535,28.65558249375469,46.14291285836857,Low
22.686315516191428,14.777058470395147,22.612658360984533,16.431461427204162,14.93264968145272,41.678602222396805,Moderate
10.218006989046927,24.49647471214046,9.594171683526067,25.28680979054893,8.56427597284055,23.36182853390774,High
29.899456100757234,13.653318108630284,19.81257331857554,13.89547513898938,12.33660639013065,57.31140342009848,Moderate
28.138021772601633,13.981412191475311,18.879003649386345,14.711278849969545,10.98902000690765,63.046716178555585,Moderate
13.95671264250038,16.644642774002406,13.394103129253105,30.024132004610475,6.495908698710898,65.5490397777203,High
18.815328010376064,15.128132966062312,11.950605164170305,27.731739526704303,3.3396116841801238,73.66849076953751,High
33.123257459537214,0.7115828517343281,29.50396619331548,4.654869724396994,16.393041245106012,51.00202547092581,Low
27.260807566781885,14.53455215914793,17.790176837653664,13.33212723091605,6.79190329551516,43.9822919316283,Moderate
49.48939946977106,9.575810150838173,26.318598804055434,9.232237469852286,11.420491352986533,52.94552294421705,Low
13.980230141924086,23.443891787008013,9.661765715206185,23.200827240334092,4.303966989424194,28.22637472283671,High
14.074015829195858,15.866955613163649,8.108000880133954,32.30002312242242,3.3758539681323,21.48355289498561,High
59.991530198583916,8.28469299449117,29.966114422435144,9.016312294863601,10.360640196504601,52.58794142704313,Low
21.03891354414314,10.11332660534505,20.22569922824999,10.306356922061433,9.880951562210333,42.02850823396032,Moderate
20.675012288723874,12.728656636953163,22.977045624757103,12.221891762083008,9.050841324041631,56.61163687896161,Moderate
5.844945059458658,15.127972835808691,5.906117796298648,22.72673521155706,2.7581972181127314,72.7098011208181,High
6.639509461563886,23.543885582594903,8.094454063903367,26.51671822416133,7.7452535673898435,79.23988227515534,High
28.186274411366156,14.600257534417445,16.759613186609855,13.448563814286327,11.494384225785133,59.274151201877096,Moderate
5.7162677317764485,16.019537086546567,14.615502979670215,20.69840459172803,4.983624446614116,25.12354954251637,High
22.69233178574316,10.088574547544846,16.699424910749837,18.23672594760412,8.384337242309268,35.60769268396241,Moderate
59.9009056155893,0.9236052811137851,27.44025095272479,4.245726071859556,14.08966922391647,52.451327484984,Low
31.179364195232967,8.393384923560024,33.48101652934591,8.695411688592182,18.362631995872455,50.36554671010799,Low
45.419684674794325,4.051026945275664,37.50145647977717,5.621108826232295,17.863408691285283,51.30007135446523,Low
28.094785841221682,12.29672601529372,18.01620737085333,16.586486971498026,6.768644749350079,56.7707092191594,Moderate
51.947685652659956,0.05313475668345946,48.97179682976025,6.549071231478591,17.397772512962497,49.54960317393011,Low
43.01554947713919,3.547712918359842,45.65852027375467,8.245170697999292,19.35516461915159,52.04795836132187,Low
33.866391657319475,6.826172212234024,28.267933089743934,0.4914839034517704,25.25598105751611,53.956512304019185,Low
15.54891634881229,19.12979310106518,13.930867396910077,33.24060268752413,7.337269779700089,76.5519390380857,High
45.9785179936507,9.660475051286772,33.22056544621523,9.068665773398358,26.007283769106905,49.43944960326719,Low
32.52320418344992,9.61135485407593,26.81837369446671,7.746526197930176,29.229993584742946,54.07890600412833,Low
31.059340648207172,2.5116926754840128,34.39553047519853,8.03133088936246,21.167689551404436,49.17456071093741,Low
42.82623055075649,6.345824175503037,27.039968000120957,8.525426448755004,13.821037374173656,52.20816316474916,Low
9.683224351737554,19.210694830090283,10.494164298021587,33.38531556410202,2.646973347406683,68.00364554751846,High
21.21618986363243,11.853315339566105,22.891484594483,10.991841468741828,9.450966868725446,58.13475289934102,Moderate
12.937275484248998,18.722052521238144,6.426678008267546,34.373943907792054,7.3292191666192625,74.80363009122367,High
25.63378958225615,10.514071931155268,24.664644373617357,17.481937264351615,9.562331485675083,36.946296472032245,Moderate
50.433535618949485,3.553197484738877,46.92818904746254,3.5097562392609136,25.48954838551967,50.06371673545145,Low
21.87876538941146,11.978002374279242,18.914068328565783,10.164064287269488,6.151119658320344,35.38972363968423,Moderate
19.79322220082173,15.371022453130971,11.009157399848782,33.28434365591241,3.6885298835990694,21.079450794227288,High
5.230230218733716,24.70153809304833,5.534796695364863,30.43384677314149,3.8134137219146824,73.9377289174563,High
21.832933635594216,14.167560498708276,21.04326612296898,10.158744217938478,8.922049108235335,60.31144632564664,Moderate
56.94091646849961,3.8559759251333334,44.19411544285845,2.3921108803421873,24.4064583295712,46.41059799492297,Low
40.670181493948476,7.011698615902597,30.400786009826806,1.2646424540357115,23.230486482923496,46.65877924662536,Low
5.479793081055005,23.130030038817594,8.705728450988438,34.52837207104916,3.6277281075170817,34.522997186945524,High
31.691264899527813,0.088632851134689,39.30307409305516,3.653668415506528,23.600921127485396,53.92112015691082,Low
50.72813214307398,2.792760884544104,39.56786123361704,5.615945077121943,14.720158606474241,52.62652558756141,Low
24.583991069451002,12.383098190757241,23.477930900130303,17.58183110270167,5.6788471186569875,35.39243576040546,Moderate
9.916388358305774,19.54945650811699,9.902017808375476,31.55686924280132,7.566308711855765,34.01380883016725,High
25.378282791267488,12.76375916617563,22.09735277899685,16.213551549925544,6.810640101190933,35.27629755808415,Moderate
23.380895216303905,10.31744847407353,24.526981391702748,19.157638641811175,8.58054912232398,38.82916407329774,Moderate
7.692310462897718,20.831107893853172,10.190644174311943,21.69893076903152,6.919063967216583,30.69770097733776,High
41.89628346963811,3.21495701247882,30.976659601875742,0.7850986845360985,15.73733749965588,47.968002050518386,Low
23.945716984632387,12.863332517359463,20.89431483000607,11.511716982823256,12.506573624717106,44.98197879287858,Moderate
35.45640253197435,5.525009674078891,37.611398541733884,3.8401907396495814,18.057800621000972,49.091437879176226,Low
14.96405337734065,19.785046817657093,14.961614938287026,27.05325267110095,2.1363166084237752,34.20331223412279,High
23.3290084618688,11.324963956102705,24.034554360782217,10.156237778367155,7.505048691269583,56.824763310992296,Moderate
27.56609689737992,11.053834663209221,15.686066365399634,18.69445688998958,5.437517000067553,42.92501681861466,Moderate
21.02061785137827,14.039466784672523,17.416379480773777,13.411819114083663,9.177675448432034,37.81553862728196,Moderate
28.74762523781461,14.601642883135193,22.325558607170336,19.299306628757037,13.094632669059946,58.97152499942921,Moderate
14.259389817740928,18.303143870917516,14.283168475434426,20.964592625805455,8.401513115458783,75.92299930299352,High
15.108001472247992,18.988781997971245,13.759122565014994,31.797227492737115,5.836515663452677,31.361214183633848,High
29.900863745790822,11.266793911074034,24.743807825910455,18.89574134476466,10.173422136356045,56.755114524654964,Moderate
29.87344500151115,13.16289682110143,16.033405814541787,15.236366741373146,7.14002847820015,63.87588990718858,Moderate
6.526321345433283,22.372467432246548,8.506895825380376,28.06455533192863,6.656220185637043,76.38966730712067,High
27.387758812075145,14.709016798004885,23.294043549555067,13.576943625530063,14.891855285275904,37.94348166515378,Moderate
27.25665763690009,11.404070156044565,22.52781642960855,16.878043336329313,5.195425839700584,42.5701186774736,Moderate
56.32416040581159,4.309852205132962,39.150460622195524,2.4665644684477783,27.05077481711934,53.62084085840232,Low
36.29716779286757,1.9159294573482577,44.3808634724764,9.084101072685694,10.57993488671896,51.258583970701174,Low
50.666559061502724,5.024272871663764,30.10641169840991,0.5404762734972657,18.457529369335575,49.90609688311739,Low
33.0233400413228,6.522916485919397,30.05734872895509,6.640122280676023,13.126628767856772,48.65025304038823,Low
23.539108246830672,11.337227071977058,18.80738059880389,17.005321155919972,9.073232465539038,40.37923031267886,Moderate
18.078138016918913,20.044093282900555,9.423502270323386,20.633652425631826,2.527178539634482,69.11869111149504,High
10.398828492430018,21.264264931507213,6.864204457585586,23.587946796976965,2.417892451552884,65.9998338762001,High
11.029551921955857,16.783602246888066,7.62118767101751,22.41044958066335,7.468147637926718,34.209386585709,High
18.474424585321078,16.34018941454704,8.329858226974597,29.81315549283413,3.567499669061177,70.75978435839045,High
35.21685747658462,4.344033190066098,27.665590473414948,0.6699109439584761,15.825874944110105,46.04075956418247,Low
15.853513554296597,19.21103295353692,14.388448533899291,29.57156719703036,8.13747201201276,65.64390270657574,High
26.66615456819535,14.207253366534067,17.957864723472696,10.437839206698749,13.016367795731624,55.32481322035895,Moderate
11.853643731269283,23.7704544496999,8.226836946503848,32.567505228813175,4.023964035393882,20.929909355535194,High
35.98627352787435,9.08228488700323,33.371957253424625,0.49781001523043766,22.6535406968272,48.1265631435522,Low
20.65464352147646,11.253310173557335,17.51652815608306,16.145291332640568,9.14313507805642,44.81727217381659,Moderate
9.749707070386396,20.43951717639855,8.573557852615721,28.39198057178572,5.7617762731639095,73.95581698422527,High
7.694824854627779,18.885334407561274,6.963239125039385,32.898513355747426,5.4215226537768695,23.963614428125002,High
15.507086538307792,22.92601508237553,12.890636259812462,33.02591169306163,5.848585221505733,70.8091863073919,High
26.401314153909222,10.059164179398861,23.06868043422842,16.158361058516505,6.619574984394077,35.49053572587794,Moderate
14.429678609205546,20.038371913275185,12.431391899077365,33.29719025866624,3.549512674874011,21.28721798879363,High
5.483222335472506,19.807108116222615,12.755419439682782,33.30113110317641,2.1841161343267634,67.63822237295241,High
59.435585340822705,2.6023659798522933,39.135398493813454,8.868315394689592,27.10816324208576,52.18006210107648,Low
21.48687894702063,14.095160104181865,20.23067957407728,17.89707673968847,5.97475687901181,63.88107919011472,Moderate
21.22345751157326,13.592241631277613,15.975482941290997,10.808726038475003,12.256224779846956,35.54410127750178,Moderate
31.247185771511763,7.6230262450096,49.372606820255875,3.9037644604695387,21.659969594366313,54.41904972838329,Low
27.09528063576598,13.840407035217686,17.897153981248582,11.606993264827036,9.286761158120758,62.22727278044627,Moderate
19.374394476192155,22.875693929714892,10.918572386530677,34.1804733722169,9.475283391251264,77.75397486256811,High
28.45931785659249,13.797964413689872,21.1587513120484,10.635880424657865,9.582804029423283,56.10021242991477,Moderate
19.84070939690713,23.446326717542824,8.005978951778559,26.008923906682142,5.446496368689609,74.20329562762106,High
16.612952614188487,24.50800784474451,11.012372460612102,20.52802184285352,2.569294730783211,28.479303325220457,High
59.98241177311999,1.7935601028924097,31.669863735845773,3.7344459114543547,26.263642945689224,51.72084390606063,Low
30.761590669810346,7.803655030068817,32.497439824863406,8.559251895912979,28.493022108103617,54.10221701410312,Low
20.119382999541823,12.322872835201267,17.661478042644088,10.184015546801806,10.602095440377962,39.813558321078524,Moderate
20.372326049159376,14.580002712979216,23.49333754614577,17.712366666178497,5.84332714869535,60.081573065601475,Moderate
24.378258116344046,12.671095489834267,15.617497041677776,13.971230256051191,12.362413869255281,37.48536002012836,Moderate
16.765152757123943,24.96061877172123,10.982180918314103,23.49014803519014,3.8071157542191,27.595771666740355,High
44.4456705453765,1.1539464217891737,49.16765350046151,9.143404426664835,22.670705872323403,52.17867851131264,Low
27.995125039620916,13.75325129251334,20.439049674923837,15.888374693418312,7.231929597201837,57.91658770500937,Moderate
30.39283369765001,3.9245818622948003,48.891236681662235,9.147493287276603,21.46999169870432,53.546075627333714,Low
10.150357860467127,20.268029578768456,7.0241966926064325,25.35227359763033,4.33457651014379,67.99550290158683,High
59.40097725856431,8.886590802653986,32.58463859072833,9.419055872604202,25.36842142234484,54.90801355945938,Low
48.1928717897877,7.3990412076693035,27.701113984410178,0.9041897779166075,23.28148242399668,46.59629933252764,Low
55.26099883129264,9.084345518793754,45.48739213465131,3.3269017969267,20.020947555888363,53.21123626117725,Low
23.475642811617412,11.93629520127217,23.968792951421875,13.752648757355859,8.347955409736588,62.963457754796494,Moderate
56.780151332309245,0.546344200009723,29.04236383184967,0.5234717843131309,22.53567634103689,49.11782027485775,Low
56.856205130615976,7.038570916343312,32.80160111630052,1.3839758596812457,14.4298709771928,52.424575642135565,Low
12.428845607832258,16.129182718335986,6.951936457189088,23.948069733385214,6.071217134324506,76.57043468582734,High
38.96176720766319,2.714920025427113,32.228758361353776,5.162478232000605,18.865068829499243,46.58132645719365,Low
49.00589132282684,3.523749466096544,38.72182003856499,2.48976899161365,18.412604737576387,49.74325570550291,Low
8.172834025533701,18.73488670345432,9.72175140173945,20.180320514456135,5.483433976103193,79.28587097564194,High
15.910820397543372,18.112243995851838,13.050891633958567,33.26860082662712,2.511682269764213,30.21556182958352,High
11.221019622946933,24.31551484884375,6.344661001915139,31.516004770560883,5.81332249012663,74.9628202925939,High
20.49031246365681,12.715414445528914,22.50105497350146,13.481574401440863,6.339175886964244,37.95936967671541,Moderate
38.30632944441611,2.7039328638452553,46.887216259897414,3.7127092050539376,11.95414550773517,53.742965602221744,Low
34.68457792098571,4.763357333010988,41.06987676265773,4.346781483164702,12.25008266476183,48.04110007342837,Low
45.46788085737751,9.906791570657658,27.2144584909161,4.60102626557688,13.777403735257089,51.27375504435362,Low
23.822307080175047,11.529157645592065,19.531740289687328,13.640110553484528,9.021183380273833,42.38827437351179,Moderate
11.1762116572493,20.312236379738057,10.353973554365282,29.8040473870353,2.900725848229336,74.56751305523105,High
50.14719586778399,4.075430310324308,41.23447050591556,5.027834418466806,17.473005927459685,53.65429405082686,Low
5.092407624540119,24.569041767877465,7.744498880922315,27.13135780615532,4.171750904787539,20.30896437133021,High
18.303789316209794,19.445954292225462,13.118728380197416,34.547350067795065,4.884987594427405,77.08412010255425,High
11.317995348395726,15.675586513173451,11.340014571317232,27.23027236793279,8.280518385193787,74.24427590354036,High
21.78731236595227,10.144242001450108,17.080335971310525,14.0783930667511,11.422216758104462,38.236627810358,Moderate
15.831173638243076,16.29358973377631,10.489523197015302,34.165467595051894,9.643369988788958,73.96625055328491,High
11.94501528471586,20.799897234039108,6.319473287040076,33.94694691076693,2.17397944511875,34.85848737284444,High
13.208752265719818,15.517299090491713,5.576760736176524,23.99057934927005,7.141291267203017,20.477063856793094,High
23.190440313536627,12.149459301153794,20.104271961272193,12.886520483129658,13.982210304604813,57.6245630298489,Moderate
49.68485513043214,6.118310201032214,37.95038372271299,1.9813074182357704,20.431990259822435,45.14830162431708,Low
23.76086712835602,11.22412409231162,22.0980608890399,14.65108956235931,5.319203417745435,35.683517148505665,Moderate
13.40578481279155,24.64961446898889,13.331245381598327,21.15753340447638,5.534275671938422,30.853768923807102,High
30.60213593333179,2.9805220863944317,48.64374255564825,7.563560547436343,26.543162968552465,50.71869689371732,Low
12.296401090582616,17.771585536876543,13.368298435941616,20.48146092900364,9.711039437067704,70.54063911941597,High
44.68274890929422,0.5183579911972902,35.75866330930501,2.0823180860821444,21.59072738299962,48.56983692140113,Low
13.764548406956388,15.810371687645645,14.62181693231614,32.31681857638519,8.574313434182786,65.37738173692374,High
37.27411510904189,7.61037790250783,41.557843468268004,5.87369868575577,19.14047904385251,52.550939672981464,Low
7.2820730645328755,24.309773459429216,10.163688405358549,28.4479953506862,8.294104869923006,34.361413907660705,High
11.641505540553954,17.723264302396824,14.535462474208913,22.05570396158246,8.922163782553174,30.86931557988096,High
29.379920667268657,10.982932937909801,21.10522555773686,17.248646153403776,12.331215250802694,42.141215274023054,Moderate
17.28912464120787,17.15150952607005,13.778079751238439,27.57237087395726,6.58011523385653,67.90351707273804,High
28.482942659752183,13.328487740369601,15.36439486103394,12.801848012742173,14.864221115808906,56.01572143644661,Moderate
22.214519404267094,12.018440887283319,23.403040415781398,14.273110417874868,9.912285021145077,36.427848501395644,Moderate
26.20946087375755,13.174570220688217,16.548976854895848,10.189711464907518,7.998020337291106,40.99175635210578,Moderate
9.231868106499245,21.19036229558642,10.173206616042384,24.927120646256977,4.309914579725238,23.491102210862415,High
49.27695598605575,9.264637979561849,32.72294307109415,6.693483507627961,24.83612950492344,51.784635490771606,Low
55.63155280108737,2.646350269253573,35.79517737769443,0.9949622618063814,11.001290541865886,52.982211815880135,Low
7.396259465666519,18.933178519534113,11.139441830760658,32.886110241348455,9.1182152147866,24.687944313925442,High
44.62293594748541,7.126213330985128,43.44819422497001,0.4846423247582232,10.764055675147821,50.94916020918872,Low
33.40672776598887,0.7764933467160506,25.346553397821502,5.591366564629684,26.060910493517596,54.53072768622137,Low
50.49744084868938,0.533479969888977,28.14108731030785,1.1627368029288065,16.373945145707946,53.61773839789355,Low
26.103617693219068,14.094816840137382,22.491485236809293,14.226078792741067,14.586574145163349,64.81328291138443,Moderate
26.736333548384607,12.52439081011167,18.92110669135357,10.316274506846499,12.848535330372412,60.77399267133091,Moderate
46.6267954239605,4.313017063410146,40.788609466904006,5.770204016905583,10.462213369355844,45.65045957737141,Low
27.77901494487037,13.504546909773445,22.126765646091936,10.638286895906578,8.539938504762663,43.1708494691965,Moderate
24.605934367705224,13.785165284706009,19.59199383395387,18.696731323025073,12.38265923412267,55.51270332463153,Moderate
29.38710816417027,11.992256521230946,21.66825343811151,16.01127992296241,6.431205144603933,62.54682520868141,Moderate
43.8467242325937,9.343041141674902,37.14714015474033,8.226479271938894,23.467829580596703,46.1109720884599,Low
45.628739318161266,4.6806905423429015,33.168472264215836,4.3829860803316585,16.433249427894943,49.34980197888045,Low
51.977162916307506,7.86205652261058,38.12623350613462,0.6068306895068232,15.499583839472804,47.46617422690674,Low
15.1894562741614,22.87967445014446,13.891404940900825,24.56262044816635,5.5434827109518015,74.84521541592714,High
24.26056324364573,12.596246187924432,21.125198353568692,14.143186502523466,13.204539379236886,40.751125669393616,Moderate
14.217839791700436,16.763749746000734,5.448177963391356,24.52134245094709,6.33804358619012,75.03059253881521,High
15.016454335194199,22.950389779823773,7.625152771439705,22.31259731078616,5.546107499418015,70.3762753280448,High
8.903219109534477,15.764027729762322,14.28088295814125,34.99849526453437,5.997816143877203,24.634228105483356,High
7.407920576729799,18.308401050984973,14.335049651103096,30.994662072447078,4.801614016565077,69.58421971096243,High
57.445377032043,9.93255015422964,34.43407941991627,3.6663770009645646,20.061366452640563,50.74953493229641,Low
38.35771017095876,0.5433203482290383,44.58468049989596,5.963935996924615,24.28306292784348,47.083836790088256,Low
25.038193703285458,14.33896227375862,16.91799557456592,18.709023716339246,10.680325887747232,37.13922870499718,Moderate
12.614404352468675,15.735327316729231,6.95274768505616,33.638314153894385,6.4923941331048916,73.92164186313869,High
27.658255469624436,12.179745752175611,19.3722863166115,12.54490907696631,12.01245909484688,63.942280427402466,Moderate
7.714528448036129,21.644404611626307,10.180480147025788,25.638744436001616,4.709850083275919,69.5503742903338,High
47.83429005558519,3.6140377906718637,45.659757790013884,0.012844255268014138,12.890304478139004,53.945388522405906,Low
19.4430445960774,20.484220541718408,13.886237830710863,20.863006171341933,6.731926826363591,73.36257464592212,High
28.10930855628409,12.045034492467003,15.095810150989236,19.544751330941914,10.978552760668148,38.7614731001049,Moderate
24.82094867232348,13.421196133012902,16.451637083612727,11.490924207703134,7.516967991561616,43.40077159687724,Moderate
38.8892436136797,7.0662986987870955,38.820371892958725,3.650475666926015,27.73179192337893,47.676667597694426,Low
39.46220687244038,9.31554914309481,34.383033644325344,0.257424097472162,19.296996074081044,48.06006105208943,Low
10.817903447406804,15.627555513350552,12.950377358331256,28.00649684268854,2.4759639566256046,23.838308209412933,High
30.29312542257551,8.825598767723474,47.278502294837736,6.225493962131138,11.762531390011155,45.082362415919604,Low
12.098523685817137,21.14674901279644,8.42225042389984,26.530548078106445,4.108232368850044,65.89252780716544,High
13.586772113712078,23.952484159890375,6.81796881262102,34.07166974972246,3.085882460666144,28.518729289923566,High
19.97348197811745,19.766550437158244,8.059228818815132,32.28613252906419,6.831183266271002,65.69500836701876,High
33.842872390986,9.32554878419312,47.16488603755996,6.056992404598756,27.800378022975295,50.88688974336016,Low
12.416049820239909,21.28082529382801,5.425803698011991,23.87536422677612,4.682533680466532,20.24542578226739,High
31.018379357573966,7.837598424841072,46.44837284993322,7.476518245649778,23.178855878694854,54.530161760404425,Low
49.91013496087945,3.8051770986989455,36.87750851729301,1.9892977979503834,12.328910481694228,48.90717442254624,Low
35.46353747066098,8.03002071957837,27.06430395088193,2.1456482009284983,25.1013640826325,49.42589023324459,Low
22.294006266965226,11.66665866557643,22.259372139997893,15.780921207932252,14.768164091845602,40.41641507833053,Moderate
59.78894388357901,8.69969159647685,37.09506349651618,9.246586095822467,24.098222654626724,49.35436128902035,Low
22.447344772349805,13.341446930688496,18.095089587622315,17.793066511884312,5.193551758308522,39.65966748186137,Moderate
19.562922633151352,16.98747687525853,8.56532125619184,33.08979134656295,4.911544621769772,77.16008807711084,High
39.09385067835986,3.978657030174272,41.88077093905093,1.4745300926617955,13.237912201047168,50.80418165780147,Low
15.059629852827063,21.02862630096446,14.138092881740526,21.66596072333729,8.469780747593806,26.67383404023204,High
7.734133762485673,21.939264429376294,8.875496383368581,30.00905247335788,4.993605937977159,77.064391168321,High
20.477519410783966,10.669364845563726,24.1475222460295,12.133701571552944,7.322506464023695,37.330500985246154,Moderate
22.898954920513713,11.001835473715744,15.31386006396865,17.901671372452203,14.887534171952607,59.3876222065163,Moderate
16.730641245604318,15.78787695933365,12.628396370692055,25.90952068971715,3.0382527337745984,20.326977638949945,High
17.66526009270067,22.509241723732305,13.183221436090667,34.18687774585943,9.062211651369154,74.14986093222583,High
44.768335693441045,6.619689447938686,44.54449564821816,6.041739381725918,27.472676452694003,49.33074505144565,Low
41.30833288274722,0.7560504061675077,40.53326560389268,9.384476404104076,21.815074427061298,46.95174615040006,Low
19.99758935714607,22.625815268701597,9.012581828544986,31.57634546340498,3.496726525836822,28.29964568447396,High
13.298741389199451,23.649443894628355,8.737047371998688,30.0036483790044,6.14203877567781,30.11916416986646,High
35.45784391485813,7.587762537573251,28.71266954109202,1.796512179553419,21.31114966452774,52.53503901107308,Low
20.251541298231132,14.656528228184438,20.663560374207094,16.8088726000043,13.28657959241027,62.48110241159935,Moderate
54.740428977754476,3.7111293843012785,39.39163132493549,9.457764972463472,18.09821628539688,52.670125299807694,Low
34.104558927568846,3.0978785920909924,33.19607094714546,9.115768872630525,29.554256256509998,51.986569800812404,Low
50.40684727293874,7.587153211639207,39.27134840696904,2.685000761974954,29.520278511975885,46.782330989115835,Low
48.1852390335264,7.661159327955862,37.95193745100862,8.049668338816854,23.483842332300014,51.12489507097084,Low
40.5037577750019,4.335827926326143,25.99806331409378,8.8974899029538,17.56392699056438,54.893332868282755,Low
32.43138647722944,9.327105081327613,27.489492838500723,6.713044235642798,20.416311722881645,48.23976106561539,Low
7.7884977862524405,20.520089097144623,13.376679566326077,26.84989703492606,8.799274349892961,23.59491778739287,High
6.907641539966772,21.560671121310385,8.974004871331347,21.429640450834285,5.287027830904842,78.89534704355117,High
24.819082714698254,10.996132213279875,23.21254163778765,11.045253810200995,6.050664812484188,39.48955437478237,Moderate
12.722963486682648,15.50140022102736,7.605393716134675,24.292819565753994,4.881443906024695,33.17208036300916,High
27.498764545979597,13.043361727999068,16.32111401363667,11.579942306466682,11.953537064807058,43.40888976711485,Moderate
39.75990992289793,5.4543186940690545,49.79906868096609,8.31941541688052,21.036574670683372,48.16717122025216,Low
27.645566325310305,14.214587917304772,16.90186526910193,12.470878848032115,11.498659624090001,62.96548554046498,Moderate
8.781784461552352,19.49570551617263,8.519842432473263,34.24048474672047,5.214100383558634,28.662189984920353,High
44.947670467903606,1.7093640242084829,30.97494200528878,3.5933899051578724,27.49010590076154,45.93431866842499,Low
29.30306912986888,11.35967280604821,16.228681322774015,11.861300661083845,7.794732039569109,61.18596961501102,Moderate
19.09278347838609,17.992696475301933,11.081888084283914,21.087720752899525,8.506295651933575,75.51794704354127,High
22.87265830991748,10.401684674996824,16.0995596176218,16.208025217731528,5.88785275694134,64.80322072727826,Moderate
20.394675630743354,10.834770028522227,22.78284366178458,14.794822778116979,8.002591101321777,62.30075166603329,Moderate
10.022295978787916,24.47475936659302,7.927898147779113,30.29216336055474,8.211790173862946,22.168653346945625,High
18.43633068131725,18.18834923003218,6.5615474919750625,32.72015475164627,4.951258748906738,67.04433357255338,High
36.547616635951925,1.5482861259771985,37.0874521276701,5.567092565528538,24.45223449668899,46.31323249764318,Low
12.513418909048598,21.772843244653046,6.017084245425931,31.42402353876502,2.878408895923177,26.23387706158863,High
12.579544286163937,15.426261065341945,11.157967424936041,21.8238768409868,8.365574095259039,32.31546845446137,High
10.543173388674656,15.781549236551168,13.380481935945857,31.748755105826096,3.973583445794781,74.06696441174459,High
9.871004603042245,22.571245725808012,14.957013945753053,33.28220852798215,5.285228779333325,27.113529467279076,High
18.09463244688633,21.27870746163719,13.333750634374857,33.60917150099145,2.2513758191115647,72.2857106991142,High
20.675281872258772,11.32386832313638,18.02419556112798,18.473157411908993,8.223206784211754,56.74410543216415,Moderate
19.687712594182926,24.276640744282304,12.345532904416565,22.64554693474687,6.58592529802875,73.38803912445178,High
26.882280421776912,12.974041578899458,18.935144201304496,15.11530944476014,5.189989455721936,38.253904235612396,Moderate
23.096702000901594,11.138719699170275,24.71171769028848,17.710565709064653,12.784787690598826,62.630193978156676,Moderate
38.22165662061618,2.6532613755546697,33.546226047931455,8.119677423908017,19.247228944954784,51.22315356454264,Low
53.590350432466565,7.365352283347926,26.872396050049595,3.3560924424090133,16.759399584809575,54.961452421241916,Low
46.65602434798387,7.660647765353026,39.462312705733254,2.9721411384509597,28.722511430802694,53.747019843267125,Low
21.67831521364809,14.195342877088414,15.584913777745692,13.966103420554003,9.928482809843965,58.23849630745845,Moderate
18.162317643254035,23.69705094398634,5.306493284497773,23.543052905460087,2.67935228722921,24.136317340671244,High
23.304473539983608,12.14301319890256,20.890601141659637,12.45754771327783,14.039557602771737,55.4781106370248,Moderate
20.373186635750645,11.41004168386528,19.31184407192181,14.76091389884336,13.1710392371783,41.79872873947175,Moderate
20.445188514115998,10.847332925972648,15.696414908113187,17.857707197298584,5.506481048648849,35.12657828484162,Moderate
6.133838490539774,24.103043842702093,10.481993935879656,28.91151942627946,3.5395884257415977,77.03033866935178,High
26.19149659314733,11.587496437972845,23.557290841417405,11.497681273412365,13.40571551713177,42.127180029585496,Moderate
24.047915943205343,11.86884627406351,16.621816819291293,12.323042180582782,14.934340493695611,41.14031198448651,Moderate
36.81808881789455,8.809730056396575,39.20671540671921,3.368477014471527,16.969559515913105,49.15703578284929,Low
18.397777743862306,19.108039869745674,11.696879199722467,27.95035107798914,7.40486326487625,71.45847263254797,High
8.203565729443739,16.799741138990303,9.181208918748741,27.502629486540705,4.1090842610830505,74.8943275221442,High
59.190316642573364,3.0126526076000038,34.12056175519497,1.2137192454861967,17.19086289040007,52.067905043968146,Low
31.182804341055178,3.5295850345235658,40.88308366770802,1.9152132205014816,11.045527445444115,47.536694591216964,Low
25.671635592832644,10.76320765463085,21.68715573069168,15.136003786371193,9.384670805648188,40.50430387947121,Moderate
31.94560783448905,1.2038757878908901,47.31172734880029,1.6883360665257008,27.86918108334232,47.387146839350635,Low
5.458450568896495,16.162813215611862,10.279679925988612,27.2735130932454,7.4107870521652,70.32568950790616,High
8.500574471955025,15.95068749224856,7.310729292953355,23.911522368219238,8.103657280101007,24.2601585772214,High
49.91413582865415,7.481839120488464,33.70129888693301,3.6361144919006385,13.342686297386145,53.39566706475422,Low
29.110655292738706,11.175844347808432,15.498493946350417,10.714510874870573,13.604554160959871,41.82479066236862,Moderate
47.43714664267837,3.118638579168832,37.69394595471422,3.5552979715200763,21.789416061864937,49.77890660945749,Low
49.65725941917065,7.327334747861651,47.820020010196544,4.10023786741743,17.85901529982706,45.18157965607079,Low
20.84390746570191,14.834943157179616,24.56407087109917,17.538382591853768,8.704139530294075,40.74161999609583,Moderate
24.861646884536487,12.908875298888843,21.260563384293242,18.426403122148677,7.835800303890701,37.74173857511467,Moderate
18.216215083308384,24.987190720598427,14.881250136981269,33.49445208908638,5.750035226693148,75.76163611921388,High
37.640118661381536,6.570304982341073,45.57508936117337,8.972984957497385,17.98218599114852,53.579574553975085,Low
28.224421246489268,12.414174507008466,22.120351387532843,19.5150421203516,6.624861588887573,62.46770444619429,Moderate
23.10704218717917,11.311740750333879,15.68835851516606,12.540276925830403,6.812914471885899,44.89074465473705,Moderate
6.73466717097299,15.958362185067955,10.195200462345984,29.180947641828233,2.9760875353627334,68.40721889672982,High
51.74300314586284,9.803687409421851,49.24547161584462,4.486325916177342,26.922383711102235,47.54626866652895,Low
13.878443199176473,19.035057177767953,10.514858965324551,34.921977586148195,6.5981431553764285,72.93537735964141,High
28.07186568117229,12.002772989909161,22.06566340248727,13.199029935057274,9.084649666554055,57.49681064339325,Moderate
26.65772421060789,13.5827427495731,24.32018151324728,19.974911608761765,6.29730752725548,60.81384895336511,Moderate
12.222825212510077,17.9604448324287,9.004647265151704,34.878473217935976,9.639026898273503,24.855821786588276,High
58.87945244033775,7.022587660316643,46.87834046552881,2.6943944630365504,22.102032444743013,45.535446508926746,Low
27.970839554491036,12.862765968205494,22.403129843309827,17.612642812249874,11.766114481630837,60.8179126477771,Moderate
21.624505278446648,11.755381193716191,21.833195755127026,14.795906991730398,6.838960225250139,57.10877840607352,Moderate
28.012141878430363,11.429034630394755,22.7510742850597,12.658205407226248,12.32515969932714,43.611302430447815,Moderate
16.006661343857306,18.936716793635227,13.762862554309867,29.706706286645073,8.606489063272864,28.21528089315963,High
29.210343865453382,10.673779557033424,22.695442174635943,19.24502429847862,5.0772514125336965,44.17045590154476,Moderate
31.18030622005529,3.1277798921035407,33.836829801518014,3.0476091279732573,21.96364891084005,54.255443258622236,Low
40.196248913041984,4.32018927594506,40.42985567792417,2.64967061555443,12.149064328837731,51.08504612970786,Low
23.051695020453305,13.522893138865996,21.159310722250925,13.003111569225627,8.703478712854224,59.90478407208067,Moderate
25.533427748141683,11.023464147914906,16.788787388826425,13.87185712611146,8.130238029558274,40.032704481005844,Moderate
23.93595895273598,11.408409168240842,22.075313013009392,14.24030445597287,6.643583757024367,62.98182989574843,Moderate
5.456548036059633,20.11796804312993,11.688564227760601,21.06405683035167,3.7494383959868784,79.47999596347236,High
59.27621264730161,2.7163318127436966,47.75490310361741,2.472060737388768,14.432946292351183,48.99299256025786,Low
11.723430749893168,18.44917071313978,11.105137223762348,30.802415744780113,7.916579418098414,79.74340102226579,High
20.529558004513245,14.160185713382221,22.740213057670225,16.490361759185216,8.90514972778638,37.66228286317468,Moderate
22.388598796332253,12.264357922925662,19.564873566602834,11.325441051250758,7.485296241169651,56.335582658634834,Moderate
12.15736587710585,23.18078169362,12.613896949214114,34.276268827667536,5.952921458830069,69.76239338547637,High
22.906662615993774,14.25965374561947,18.87121338990543,19.431882907502764,7.400622769874162,35.99763004038134,Moderate
42.262025132942895,4.194479939573136,30.9370826292346,3.4022299445125705,10.087191599131609,47.808832730675995,Low
14.231831778080323,22.080181394308234,6.837787709612333,24.986772997912013,7.806186403825904,71.770982586021,High
6.1673697264802065,17.320342626285175,12.548998400721015,28.046281990146007,9.129139425979437,77.1677512922568,High
47.40517107681997,9.733826191648213,37.60332104796096,4.1499775837075425,11.770446304294568,53.83368298030912,Low
24.66606265926182,10.845335305823065,18.362259729920993,10.79517184524626,13.280181855409314,35.726823155898146,Moderate
40.66479031324072,2.659284506321188,41.20075795138035,0.7958814737204245,22.281814759514035,54.794205136776,Low
41.287787565927474,0.5764758219902488,33.35481785432775,0.6360143637779736,12.349517977529858,49.7598169034922,Low
28.80215624485568,12.017153093912777,24.51002012409016,11.862216094611153,13.069774029964304,55.095856401443946,Moderate
24.947234981028956,14.580375243464085,22.232311509547124,18.406791111545807,5.738835004195925,44.47917078934497,Moderate
9.464118571811778,17.108385428363505,8.35430651331066,21.45746475565493,4.944566624919659,31.21164855150038,High
27.84623283769988,13.230351296357291,22.773176228143875,10.818925282000048,13.468129619628856,60.98990090631027,Moderate
25.173819588480452,10.774791164738103,22.53173471749625,11.990444247193565,11.834420272750332,56.84945337211732,Moderate
49.29864655327059,4.22034260127639,40.10898299286928,4.657255776674976,12.652079814936222,53.877535094139866,Low
29.836918584171766,13.075660924066755,18.329403604221913,14.541255758520418,7.572647861210466,44.7107245862782,Moderate
50.49776290978788,2.002820178676259,49.09212971717623,4.864423871418745,25.532136795927812,50.63198092448161,Low
13.134254758470064,15.609254267686849,7.9121814255113785,20.300128477559475,6.451516592578976,77.79252901823743,High
20.44721929151968,11.656491702303365,16.61616648104778,14.598572477454558,6.003668046901672,57.114703200497466,Moderate
14.064306353694974,23.22116234310009,7.30711969649758,31.598795558257493,8.627468704263329,32.36676217144251,High
27.408125915100232,11.225043309537181,21.5318360208044,12.057117594170725,5.609833171739412,35.580463370185036,Moderate
22.952282495554638,10.205023443473912,21.600660016335,19.004499861736733,7.7307429336854705,41.70263686827592,Moderate
59.39910988076552,3.809912736683999,49.90561232611597,2.0046904776635897,18.186898417647853,49.54055322609549,Low
53.963497073209965,2.874616648972501,27.12415724723666,4.837968965827963,16.30016550379548,53.02288816363688,Low
24.390099911996096,14.271083708568385,19.09746886857385,16.04374136892273,13.070136356658837,59.90111476636456,Moderate
38.76433945605655,9.368224620330919,41.809596082292586,8.561536219946603,26.02704116540497,54.09304146406049,Low
26.10973646795881,11.62824243253169,17.816037491030492,12.12923882371711,5.5777919206310935,56.67422947746251,Moderate
40.80409222414557,1.7070836331248018,33.812026173583774,8.123173327141188,14.497735604510636,46.74996828750584,Low
20.240376966664087,12.526053095159755,22.063602088376154,18.71182595420003,12.212412749928593,40.49251271377894,Moderate
7.656398697830627,22.70508904694916,14.983851496257438,29.538416765289973,9.381708875932505,69.8587974075,High
21.33101538598614,13.106308779627746,15.82655061789821,15.898824509170309,7.98206481337507,64.59928120583501,Moderate
12.75444825838045,19.705821406020195,6.292742129686707,29.363453360491857,7.337447670673938,75.46898471619969,High
8.139107567830962,20.151095593383737,6.53056544823138,22.439604295581415,7.849486263151277,76.37275414394385,High
29.072406837773926,13.37380416858257,19.270158164574553,12.591931491876652,9.554081139812869,55.84669814275289,Moderate
27.55461713098246,14.26025841922504,16.72504946984893,17.86142981869265,9.297113796623892,38.916947755108396,Moderate
33.525787403313146,9.938483888996982,35.06848711867077,2.6522852250267457,29.243718189836002,50.050578002704086,Low
33.31422339394184,9.650153694544718,33.408084856758336,4.975660833887259,20.10056092297534,48.34743531799362,Low
49.12672414065639,6.5678010472429404,40.14992418177564,2.059881841884732,24.593568272944825,49.167490606240534,Low
43.64219566901578,5.809503798881793,40.18311041982665,2.8622430723999437,26.45776136587004,46.92801902666459,Low
29.062964019071607,14.709914427866309,16.853040835239344,17.052926226945353,12.13914741702506,58.02755370617953,Moderate
41.26748857919832,4.724933550065136,30.22077338736475,7.621875111940821,27.471111524541776,54.25529321646895,Low
23.48591150376583,10.815699381139416,17.472510898837815,10.406001019205997,7.591100177458335,41.65404792638254,Moderate
52.3813463779627,6.234059581594401,49.91315771996548,9.487904976919182,15.407664706213126,54.74031224972064,Low
49.55883778507801,0.180065556004545,38.60862219085803,4.009703266883518,10.316761418897485,46.18655703196252,Low
25.20599816802981,11.969806376702126,21.838472081316876,19.466560308858448,6.900491282893566,55.66416404481435,Moderate
17.900994810859345,22.86966988137793,14.180857202209175,34.8551378569162,9.27448108647868,78.69066994046261,High
24.40706442409736,13.695514287329463,24.16830575713447,14.585584822906519,13.655094386061467,35.63923164191939,Moderate
29.566118541638588,10.677553012474196,17.955432111559677,15.667529151128026,6.3456085067286345,58.014249117985585,Moderate
35.390493266107256,1.909265850716435,44.30380069039595,1.8907765377834884,25.827054473046687,48.49485182308101,Low
35.857289633941335,6.678046832264065,25.523352945668332,3.7870335558115933,11.938346541339897,52.99578644102003,Low
27.704116367112732,10.427708336127816,19.616114176657774,15.427447194574935,5.646464196249729,39.47891344844463,Moderate
35.169596136048895,4.966954228179466,30.805617272533578,2.519982216440717,16.955401952088756,51.09568533898464,Low
6.00578910423858,23.13942740857086,13.73939286199914,29.337532696737902,3.906777216696401,69.04156445892292,High
27.68756976531375,13.614101505573487,18.927591345546926,16.229758757868908,11.972109337056676,64.09525559362329,Moderate
13.927515023270619,23.93202111048121,7.637311580403687,20.481953009711855,8.16517750730895,71.9655763773634,High
24.641956224216308,14.77441519383775,24.088747762369326,15.103590811946471,12.60926017735082,63.630269481496235,Moderate
48.173244580706616,2.157406791764541,36.522458455164546,3.467187612359112,10.71224300545683,53.82048186007699,Low
9.042115099423851,24.991623003272927,14.264654399756672,28.827439688111674,6.130293597431927,66.9360310834808,High
21.60373465105193,13.494711959842856,18.449349359438195,16.39577559848518,10.059683134787601,38.3591384510669,Moderate
27.73506848800946,13.617611783745762,18.417430348796387,11.037679661646207,8.425178883414874,43.367107205834614,Moderate
10.225558975914549,17.606343150283855,13.580684448663156,30.8981277705482,3.847453760091165,24.87437738636934,High
17.28846916857217,21.53711146133795,5.792555311349474,28.65607020894938,3.2189790020624045,32.11712098339919,High
26.67749984520981,12.64619168288555,16.632199659500714,12.18382130256324,10.838622812910351,37.44452210256662,Moderate
10.800039268627843,21.950167418345533,13.180848383596409,20.85486749780275,3.715231333045007,31.35408475305949,High
20.701619362109906,12.75888469156114,21.757098858039413,15.715159210235763,12.030161225374231,60.959415957307044,Moderate
29.47960916751395,10.001432371964551,22.705470447678607,18.78826138655198,10.51966927728892,37.177991151164214,Moderate
28.449494735661027,12.682885088917171,18.98487689139335,12.085933200125579,13.806830470511752,56.51341258691533,Moderate
12.54533319417801,19.958256551566834,12.023418292926358,23.9960042838518,8.709626132700132,73.76664372094565,High
49.23442898655892,2.0918546540792784,30.839184026715273,0.5474498225959512,16.77939852345643,47.0246754209575,Low
21.362773048693168,13.583549537025794,18.78501260873138,10.797570417210284,11.567032229331868,37.567416013415496,Moderate
6.381752902599096,20.458638036012104,11.522510548976943,23.60669877025422,7.662846003270345,32.28655483182865,High
17.207623777543528,24.568730069894706,6.610371907038014,22.431952087201186,4.4966940054637305,67.8065062679701,High
11.994438892173807,24.29788965156154,6.471341801445925,25.05378888312739,2.7869393335855177,76.61721330927018,High
12.382999671791229,17.310149862662218,8.283798390803966,34.34325437690792,6.017451679440348,22.102146078113392,High
8.014635328223639,21.348560599317544,12.854826858323044,28.513899381917753,9.498176843754155,25.71844998364397,High
7.489984483873462,23.23932323559199,11.222082096378275,27.714578102164914,2.382633961806822,67.12866109594017,High
46.70288679041789,0.19327630917601035,34.82804495517698,0.1612464637221489,21.70971876630071,47.97847348360022,Low
21.94556161189272,11.821623025577008,17.529190767638642,19.219681255083287,11.402853675745632,63.94667624314013,Moderate
18.566260771504933,22.754947969499334,10.236920342952775,20.01363149963271,3.2220204870820455,20.724215302830526,High
25.96192970697487,14.566131140671725,22.65404439254221,13.611054794490721,8.450329664650626,56.210157167486486,Moderate
52.80869469366405,4.0240625929931175,49.64001834882001,3.0264034063681455,10.720747549983749,47.440634510429255,Low
9.485132933660289,24.874680726302646,12.256985087083141,34.66769968617551,8.078848934718831,31.398998167542402,High
7.496270723670852,19.494009471420668,6.410577559817291,32.51762675570305,5.218641660532632,69.26221517884352,High
28.789489025953955,11.768032510388998,24.274036757291032,12.72003055931189,5.858029622260242,57.838461483461366,Moderate
25.909550659404736,12.540368651591054,18.86715327272164,13.244654912738898,13.385661414378813,43.494222694548895,Moderate
24.437353625586045,13.047232035878361,17.891012538584306,14.469050918035075,9.588518176461296,35.2396138512427,Moderate
27.74266744187714,14.748798973564273,23.641883625548356,16.729704039298934,5.34214586207677,44.24034492430255,Moderate
38.57720367717481,4.176669958169947,29.062776632436407,3.032195467185912,22.919030622240903,47.87937748171415,Low
38.42889568776691,8.635475225145452,33.870796388579066,3.836090403551584,20.27751669556467,54.371124939214724,Low
48.18758813252933,0.6616518883444045,28.665363928996058,3.062392452284004,17.66202867181169,48.2884528820899,Low
21.12711682748909,13.033838959852773,24.980480217275737,14.247136766767197,14.330301542669718,39.83354303058899,Moderate
29.3619154111521,11.549865711834245,24.13371297158207,14.156272385375932,7.779273120429142,36.50153644183875,Moderate
10.718469675257747,18.9522456391361,10.56484366403514,31.547672434092014,4.51758465981811,73.23734684423638,High
22.325802726112805,13.96401767383122,18.29187806647848,14.593334956111573,8.017178718552357,42.93766807029754,Moderate
37.55397176720858,9.811925291641158,38.8887392471405,5.031335547483198,16.177217984729264,54.16978749018503,Low
41.426725698930646,1.3443512940812186,39.427927059697666,2.117981498815027,18.487780361450206,51.78903020859707,Low
59.09743193443809,2.9939558837168123,47.266461386546055,7.925397676213367,13.135258951985893,53.73559602272613,Low
6.621031244690916,22.853308651227692,8.995726987149038,26.98925050846651,2.5045529010661562,71.23177660518631,High
20.11497972397298,13.51154828325599,24.15857741845791,16.465546369144512,14.315614423685071,59.7353964689889,Moderate
15.429747527016671,22.580110894721656,11.28452841733861,30.573423224302008,9.497471831235814,65.49796112847515,High
11.762019203464043,23.896325034837318,13.58637115736892,26.066776059413908,9.97343791323021,33.85754643555536,High
26.488483286945147,12.765184267292806,17.18997709054562,12.550017580269198,14.98015815824459,35.24656055706893,Moderate
24.769477661895348,12.899469153746406,16.621418788898954,13.370326265517612,5.205812262835874,57.95992625143967,Moderate
5.54738444713063,20.41554140586356,11.051244313557643,25.903038164292756,6.218867984673185,34.478622633673,High
50.818453334013,0.49979028659678737,26.704665494136567,3.5501526613624668,12.861627908346279,54.59043996871408,Low
17.44316242717965,15.686200967646243,10.615083531284245,32.486706084129864,6.209081697920788,71.20419294477631,High
21.106208202322883,13.247766247031,18.0695450192662,17.47691009128637,11.396881263794283,38.111924443543764,Moderate
51.54369228679484,0.6701653775120997,48.19364332688518,9.954836107332198,20.646205267598212,50.982377598518966,Low
49.08874061937745,9.581180089194337,33.968562763572216,5.49622301106035,17.309029693065472,46.69723439747873,Low
46.113196254556435,3.6870717086479523,42.93662476529781,8.649949762077764,18.255166405547868,53.26949025084111,Low
24.932921760875566,11.07389699657392,20.663892295770253,14.516737280751714,8.44240138718951,60.24285983374751,Moderate
52.12525078377021,9.38315728651316,27.503874937669174,1.2305212359032491,14.000178422254951,48.63627748771157,Low
32.080839026254964,7.29173487549448,29.611476276497086,8.30202884345762,12.26199478847645,51.06316947374532,Low
8.787255863106747,21.961425938329356,14.862697758262694,33.45164682145914,9.401296721833205,78.06833216357592,High
23.74419176902297,12.062410996346381,18.359666440469844,17.08922797389867,5.357014288571634,63.822124118173136,Moderate
56.77676995469933,0.8346408498938329,28.582036467566027,2.650472874092833,13.434199779473763,45.94210363612494,Low
30.698158072074776,7.889851599207933,45.97866520176881,8.276102613491533,14.536742046509904,50.13069422863438,Low
39.761990944778034,8.29394664858847,26.039473996164844,1.5341288238908801,21.25660474429206,51.22515868412716,Low
24.621149227017526,11.105318775425923,19.19055050589089,19.122484700064405,7.306197692536054,37.3762121756042,Moderate
19.09844537134305,17.661548204524316,7.758155246349933,31.612126562958146,7.801994876351449,29.40742173819675,High
39.73001259346127,7.9773226334821405,31.116376365117826,3.9718688631712884,12.08742916165658,54.698207852410405,Low
26.329886141924185,10.449096767305367,22.388091151611363,15.677327799810193,9.766743288487246,64.69925573565943,Moderate
14.099930426228289,22.212724726031006,10.685087697345313,28.494282036875212,8.49730355209509,27.238135564967905,High
5.825346554008817,17.67830076935956,12.73558472028252,20.29673534120355,9.950322137949504,69.43832741310031,High
37.36047329043963,3.356104542698427,32.29777933744518,9.537036264917079,19.010730781341522,49.85372371204551,Low
13.436276081494638,18.329118437718094,11.767246207299092,29.47815126510337,7.049469470118751,26.054977422500308,High
20.29426066500689,11.478859506912963,15.922586747241564,12.43482476605821,6.6121529875969305,59.12992060192887,Moderate
5.333630735734573,21.886845154747697,5.665683644010801,28.54016238574458,8.05053522822509,71.97657089424453,High
17.643876648784094,21.630037441148808,8.0488226807932,34.088337755722634,3.68696027558577,72.89589979368519,High
22.19951517734296,12.005825801635135,19.31828995965236,18.959122759653095,14.593977324252483,59.56894554982428,Moderate
47.26422533627637,1.4213712379345766,29.620959948675623,6.736098319966951,13.170723169998471,51.337790395432506,Low
33.93734633047163,5.0011275207662695,44.94511703352681,6.685466951139853,19.783930359612313,49.74372639974619,Low
29.450219175352387,10.189806804814564,15.99529783806847,13.58925047882119,10.849349875446256,35.94275977898936,Moderate
11.563617026642435,18.901535293624114,12.92473750653776,28.68996210005472,3.8133091354576205,78.51566275674466,High
23.81970658416616,12.249479279940466,23.582466984564917,17.263133719191686,8.016418464500372,63.2767940720354,Moderate
12.15440672411981,18.471698980348044,8.007888429039745,30.54963540263791,4.809511726824874,22.518331355461335,High
7.387313691202654,18.890422998145215,5.030011049332989,24.054085423420915,4.456391074854659,24.833635254110426,High
24.55757702861456,10.816458409987796,22.15555495795095,12.208324123060951,11.328622768136292,59.60066238957951,Moderate
24.370891201393707,10.433866410294975,21.376532838818978,15.35514901677154,8.420601443886735,37.48707155966468,Moderate
25.999442914044707,10.553683122552101,24.201834030133362,11.424426338324356,7.91552291919624,37.923333112833824,Moderate
24.28716175847863,13.307706252412403,19.653128259078088,15.356302853048245,12.440865361631209,37.7399060047259,Moderate
28.987405450859782,14.786178057420136,17.197469166281053,19.140676944709874,12.376926068316395,43.81324889464952,Moderate
9.89131969670132,19.076924853567178,8.90096396532025,30.42257271648534,9.554204668297633,78.96885380143398,High
33.824659869959476,8.069654908839937,30.86886054312428,6.361056346436186,21.124727880515454,49.3369693310696,Low
39.79383924731975,4.663097561401701,36.50888432837067,2.078238414588358,26.926360255617475,53.797205330602154,Low
7.692794008144645,17.833630197108064,8.657331144642267,27.111970875689686,5.874508788131882,68.59764917764308,High
22.234273167496692,11.572722472694615,24.01188767898186,12.064388844771479,10.824553324893943,43.30583325114451,Moderate
13.639296059732471,16.468428728149952,14.978094555829484,24.855452045124757,9.770043039143147,24.14791638672779,High
25.217888171373442,10.448986330364301,18.42568024611479,15.82034347224959,13.989394479174482,38.59231140621723,Moderate
5.314180290977719,21.066598675202233,7.598410583263676,34.43357025196722,4.87965440053956,71.26580183080361,High
45.935085840030965,7.837382510752365,26.23236231911041,4.852556041472411,19.356048240746784,49.15916532932716,Low
49.550004761276554,3.9103286912739863,37.615932199435875,3.385540274370513,24.68974080644807,46.86746284597327,Low
9.378228156403333,19.455869673065212,5.2899167881754465,33.746696545793654,8.551686085475193,24.72255463275239,High
51.0290739437736,3.8948189490242036,32.0150203309479,5.62144753827585,14.934948413347618,48.63189196090849,Low
53.70091308921184,6.083195000077717,48.94927666206135,5.176298283979673,17.96298987045813,45.36893288910768,Low
22.062281374301556,12.23174832191313,18.505101600967603,13.78804115319572,9.659551978057364,38.63246178562177,Moderate
41.58307913402323,0.4373907230894736,41.66304941732587,5.821448028147421,25.272209592283172,48.8024116641339,Low
10.868054467121855,21.538201661137457,11.240421478444826,25.943134644487138,4.509837990117337,29.458704239301646,High
45.079112793155765,0.4814283597835345,38.911615933720554,9.113418162164088,19.037380893045558,48.306008099700016,Low
15.260229444375465,20.55063232513789,14.520981614428067,29.274731463518215,2.4949728392356914,71.72468529864766,High
45.08037069686584,3.577982653254418,35.050680422206014,4.873748079212449,28.421389725991627,50.192800823952716,Low
17.40500745548532,18.88772613623107,9.500474366914624,33.788662557535034,9.748670748886019,23.40002347043455,High
20.74624121419103,13.399374070848133,24.271291194325038,19.17024252377837,13.418573632643213,42.899482697670386,Moderate
10.627089695623907,23.340084084915148,11.989574070047862,21.28716917660332,6.449613296936554,69.98440708708826,High
28.544926133956693,10.672337764102776,21.575270346971067,12.4891088317991,11.815833201075193,57.910033634002815,Moderate
30.325129544408952,2.178925542549901,28.56391387582789,3.145876334140665,14.830124537121225,50.905896577385846,Low
5.65527862985888,18.78827186345339,6.66733611115863,27.72672405317837,3.9397167274705263,31.742138540792077,High
27.086847188100954,11.260485325569878,19.30798052863775,15.586969639802648,11.743388212275086,61.49044467268214,Moderate
23.576770913057743,10.69652933336379,20.606850818894642,17.549010792811565,5.7973846735791215,57.628142745529416,Moderate
51.888185350141924,1.0547369995663058,28.274343574854353,7.59520148716944,29.012127431597456,52.16173876956431,Low
23.46643746640529,12.499900880356876,20.63111754403353,14.382745825467943,7.746654115799202,36.95698539303039,Moderate
27.852158751252233,13.303676838123659,16.711916795905253,14.968160805399847,6.308214262651818,35.80032569765937,Moderate
34.45988183259339,5.771225860383208,29.477373483204538,9.094436640366311,10.380868185485836,46.28813073762988,Low
47.888096354461595,4.183338641022801,38.31177269709744,2.842882890954593,24.2041969663253,45.024545864438444,Low
21.200129555257806,10.385112432868338,15.372806371089565,15.45830009654249,13.76489283945232,58.0842108882868,Moderate
5.399413706753368,22.974839674050585,13.704422156413772,25.440678513024253,9.702720693418659,72.72319879958391,High
22.18092128406466,11.559694410784187,16.726032292411297,19.01388615535573,14.472374752363327,61.75323526807166,Moderate
26.385727377056323,12.496417005815266,18.125587034702626,17.412511707164867,8.408793803072381,62.257588754532755,Moderate
6.0430303938502465,23.45785632436303,7.110861363269558,23.93365317246769,6.029352517704613,21.682363262988023,High
22.473758195327402,13.124185968480157,21.656465961444752,18.392361481137627,6.328261044422153,63.52729965278547,Moderate
23.665172035546203,14.1791663045492,23.11339479201512,13.233697552343532,11.688038478046222,39.51164003687596,Moderate
17.458000234336446,24.32176994917409,13.914836322826435,26.350683785608283,5.979987995870221,22.697053613623424,High
35.720631619909994,5.059579077349317,29.80040211850092,3.2700676849610213,12.486906348848215,50.56798384373172,Low
28.680980942840463,12.819730641344389,16.97452324826008,11.282089519883108,10.860666926611255,36.22085421651233,Moderate
40.75397185632818,9.849896561408752,44.21453327283005,5.5171237201996695,17.394756217453775,45.56840570712389,Low
21.623692245263932,10.41738052348554,17.29184910927785,18.56482449878153,5.2587210589263105,39.64135187198732,Moderate
22.717686976737976,10.306604914175338,19.302856262487573,15.964204946239672,12.440426818000011,57.46459869637505,Moderate
11.389486991922096,16.87284245011483,13.771513380318488,20.142799683142716,3.5999878409502157,76.06020473391186,High
19.87569610483343,21.506117041312976,13.610968097847516,29.195226083149073,4.806285729972723,24.951061892434883,High
13.307402290677329,24.005488645732306,13.1021608791671,26.805496885949488,6.4547641002847795,23.001080012238976,High
56.816777491528725,7.077213502675274,36.518340006041846,9.992072989434408,14.197856846099944,48.3908761326268,Low
17.362260303453294,17.386413831016707,5.746009823169304,34.75555966750176,3.3967946465495373,73.51016290270962,High
29.725895367515573,13.859660561199366,18.559404753997516,14.624668731004189,7.005785491950014,40.78700647692242,Moderate
43.86017410932398,9.514298103618323,37.3239242913965,8.505801973065994,11.755458282468812,52.16127640476738,Low
22.012531609049077,12.368009007473422,16.54161656353958,12.788002626576395,10.578448250391125,56.84130023081185,Moderate
23.527450125170922,11.96472469483277,21.30927646498461,16.41066353806788,7.235437556032824,60.127232010735526,Moderate
11.774521285194629,20.759755058580083,10.031324426464714,23.15410300439546,8.927878140668884,67.21499916712231,High
14.166561096647044,19.313358093075127,8.115421784382463,22.604172439110663,4.567241575762065,27.646395430182007,High
12.616611993451652,21.520127459310302,6.818302086999523,34.52858972342219,6.430432681273771,22.011724411604565,High
15.938593443292305,17.118490744338335,5.985080962218938,29.204789670752596,2.89588446122026,32.45962367448814,High
17.057442458302198,17.078580423470225,11.803702190502685,23.417846031762984,2.3064843940634425,29.923408712814165,High
20.49612736661932,13.639511915562963,16.03937762588926,17.790115220328467,13.851655322559361,41.24335526551206,Moderate
31.72676280049933,2.8924477197265452,32.884093581652934,4.360704802193126,12.606814471381437,52.80944818950487,Low
41.160542573783495,4.305293384622075,41.139304535685696,7.50160832954601,29.184708706476442,51.464017366658,Low
15.14857842500853,23.398348580891987,9.317259941976413,33.16803119120312,4.037916880381937,33.252283646119736,High
17.45767753619502,16.676078235044663,10.795282042568424,23.051332336646727,3.52658763023556,24.348904638194618,High
21.660644444019404,12.875776645639666,18.052290446498354,16.69257883707367,13.63816294468439,55.4593003222909,Moderate
57.22699421778279,7.9326135043825445,32.398300735915406,1.2663712551837436,26.023430065906496,52.030316999741316,Low
28.820854788715685,14.503973501314347,17.956339850968405,17.1932255380472,11.49489914105909,36.72656535832399,Moderate
11.417660068756643,22.00388974181735,6.1273554347396555,24.874879924638783,7.642108361399926,76.72108889256579,High
17.60249443240101,16.031795853823827,7.933221331209502,26.05670755927723,9.241252804929857,77.35060800237142,High
27.908889431859524,11.027116282976314,21.21951349810469,13.445837946596324,13.696291927489053,59.142768475898826,Moderate
21.178072130676842,11.054451524504955,21.470700185389827,19.890883398561062,14.380167265892704,61.815350002084706,Moderate
26.19088565273801,11.856428782167272,18.358498680900045,19.532633367208685,11.036280423494908,40.81508309624073,Moderate
39.84578260827935,1.630191138148862,42.00626720825935,9.31912732597456,20.228728126031747,50.49155690790239,Low
49.766564106979715,6.486389567688155,48.86665892197672,2.5709608939511175,16.834237586833765,53.69340107907355,Low
41.27664855437308,1.6440552907887873,31.69993167210945,1.0294614470028618,29.720558563928595,45.102338564087574,Low
22.90320603933566,13.728044642499217,16.54876603794209,11.411859845797183,14.564600570759188,41.954756041890775,Moderate
9.47278061132997,23.021408005167267,5.521815452597383,22.80585771435035,3.0637010359617216,77.37674242969057,High
27.029492911786697,14.746638892727297,22.664830893227844,17.55661251917944,12.719760792342107,38.55449463580479,Moderate
8.44267871680841,21.794323904770867,11.576200033130391,25.701020393266667,9.788186434470155,77.76408261849674,High
42.12956304312876,7.624469586748685,36.725623492947086,7.306790115283902,18.131356158109817,45.44556631617653,Low
9.883082061204778,16.833330468959275,7.6983500044910045,33.33817457698412,2.7979467778304707,22.47203220883742,High
48.716875088749156,9.680763814507335,33.85161405887735,1.4112611829932187,24.963235980573923,47.08837020451984,Low
19.123405539859377,17.13287564764495,10.980558477826198,26.72168669346071,6.230578835511849,24.62585684002076,High
17.051442629778432,22.42082560904078,10.125756847708269,30.0801154910419,8.701677971153018,73.09523239632772,High
57.74080854835688,0.3318935456242622,42.05479223137747,1.1633172713326123,11.379800174209189,48.878985289517296,Low
52.12301306164457,0.6723418009056115,41.57149469086664,2.1932040121138208,20.34802579649932,45.056521048411845,Low
26.546758805722277,11.855765231400873,18.11020147215884,19.249247147140167,10.722876939442573,43.81466764879556,Moderate
31.756527877319375,7.572829782755007,35.27818195648448,3.635144573692667,28.771711915570105,45.908381810614145,Low
40.098128345817614,1.2555021476265338,41.578656224380225,3.7895590981250757,16.459574667276158,46.65749015388455,Low
23.391655910423246,14.295090771853841,17.253287263287753,17.91673360577675,5.626762682348034,37.71484217499859,Moderate
15.726825173455529,15.189355332267718,10.376820085536167,23.373816123544632,6.270444773118974,33.611222506664944,High
47.509683355526164,5.772790292331313,37.204441882770354,3.7183678456641944,29.88575971522118,50.286298375366194,Low
11.378494512479909,20.20581069542184,5.001654965011446,31.50812470138206,9.023771973168754,34.043508517952795,High
58.86517645423626,6.2066047982458405,41.886401133410644,8.114659391516817,29.91208403607012,46.61712778330108,Low
21.62872228164348,10.342052424899146,16.190265779430714,10.473438645494399,12.235369352959651,37.873536617419965,Moderate
14.948988105659893,18.34936780911277,5.539402884064568,29.595245984995014,2.532370944318582,77.70821163429623,High
45.36279174897843,1.7488143717595939,36.10258892266546,0.5450927741371958,19.727832561777877,50.131415015132774,Low
26.26364344476658,10.327406909151096,16.308304285735524,14.245526528734912,5.487528772861023,35.723105747727914,Moderate
8.794087533867348,24.086052707563923,14.965402721123013,32.41264989711672,8.02757580988148,74.73661143405057,High
12.949524615690503,17.549843590596353,7.207047037563238,28.448308178790583,3.41144429551293,69.97996629216794,High
23.36928193191725,10.908737913445469,24.912958069003977,12.180592847732466,5.443780075612743,39.707602216677024,Moderate
16.34006947538394,17.104334012793995,8.360006340033886,28.920963233947187,9.524950423443588,30.226927833839433,High
21.241797548295192,12.641166163574791,16.723359454681407,12.430631915125119,14.727470304215423,37.26330839737074,Moderate
25.972439683220845,10.482300518948849,18.733291924250302,13.588424411457954,9.35657797406505,55.5452255887828,Moderate
27.37765513109239,14.052136845324092,16.005315507862193,16.288098017941078,13.957427681987562,57.57114663004145,Moderate
20.34722868093652,11.396501946067282,17.16813725837723,11.434792697456082,14.139026192809402,64.64882994163852,Moderate
36.23658765438082,1.2786680122241756,25.15117607959946,2.2971628368323174,17.301673465688015,50.1438324651102,Low
50.778778566784936,8.044140596774733,33.69555868582615,5.5742474467014205,29.411466652547208,53.96028365324993,Low
56.29952285484602,2.7199860534435603,48.16463458045953,4.129111895892132,28.163791913930055,51.03307878388943,Low
21.346589266241853,12.532312923518363,20.173801834534505,13.973559541060574,6.718664344939247,39.28751408341354,Moderate
25.278742078895625,11.570093818611825,23.643386825389694,18.002566793044508,14.131265747570346,43.54925656511071,Moderate
5.460478618978278,20.38065991255217,11.71118288131538,26.51604563954865,9.757428386878246,71.02529105848653,High
29.24428752157473,10.15036113740973,15.120970874914011,10.291975220194807,9.457916510280064,44.673191722305916,Moderate
39.041336224924265,2.253812680067658,27.76508997182902,1.1324345163981986,18.375179809653098,52.77161196205595,Low
25.867526197461203,12.839106902502355,18.736109450736823,12.591910211076884,5.6150874116828176,58.61645327755019,Moderate
24.00694431592782,14.614124822991858,17.031564881899904,18.470663781653133,6.84473210266524,40.43543914649442,Moderate
20.38811981026847,12.1289093803209,20.607278981926903,10.960527195895542,14.363780288581262,37.520986595623,Moderate
13.193541896713253,24.703646461740853,9.618343116711966,21.025832185018224,7.83785960455913,76.79350974906203,High
50.49886129819515,8.587642793494721,45.04600421132015,2.527658599511641,20.022394016506965,52.76640074372623,Low
51.7715852516508,8.930902051954149,48.53685593765164,6.831755632398181,15.75868188186438,47.73502865829707,Low
11.18654861782034,23.597972442471587,12.235937619811402,22.98459077862495,9.87718949786843,22.919002548919952,High
26.151753496606467,11.738674278818078,24.61751491837908,10.96110065698684,12.320912402227293,63.563740982148026,Moderate
22.486141190217396,11.106145308876583,16.393972674663438,10.825050847368827,6.6952845140937285,35.71807545445469,Moderate
7.566871278574279,16.22339543029605,7.057829193827045,25.15835376383009,3.257424215245898,31.625403644505326,High
48.99454126782067,5.634083644838541,28.391536679009445,7.039366670345154,29.08895389705977,54.531775382631395,Low
27.830674701590162,13.974647587183654,15.9379833495905,13.178309464179115,5.755349207486694,55.246636882980106,Moderate
9.34365494095112,15.438759758804984,9.055507696354102,31.875257223338735,9.631769980434733,33.685623372747905,High
20.442442690178083,13.925490044755126,20.06143249558298,13.852582801062605,12.648827071864204,62.9691156574263,Moderate
23.107919125346466,14.76661080233178,16.32586096404959,16.290303313512474,10.162736227790912,39.63829731816632,Moderate
20.693516710185968,12.808316684714896,17.73902471068944,11.069818076320562,9.924517048620647,63.61362718956567,Moderate
23.257598539278973,13.904128564135672,17.228005374084802,12.313016869475948,13.161537238825284,39.737833623078224,Moderate
56.30296910285249,2.418932941128892,27.434172344780528,2.3228965409645266,12.543623784337738,48.53548854204337,Low
7.796375687027604,15.398024195205839,13.093290182980983,27.659237575319345,2.6282856341797496,24.942441863789664,High
20.386633861781,13.855734920543057,20.1075361712634,18.37953554499066,11.450246416097402,43.634431335103336,Moderate
48.23715278380334,8.473879305713737,31.452691079335366,6.066893231978858,15.764239368962121,48.395731412081695,Low
20.17495547486169,14.218956722332504,18.869395410337546,15.73576087752016,14.186435597857033,37.70004996465014,Moderate
7.387152833627901,23.066226302358515,8.45236307806754,21.933036706437825,5.8020198891234145,66.89313475866791,High
53.68854428383662,0.23352096328185912,48.918010847233745,4.652775312759233,15.072849486827511,49.482265821082244,Low
33.3015577358303,4.177609792750997,47.506602780051765,9.994606810596732,23.09882209134643,52.18531318122246,Low
14.490325939585626,24.658941987618164,12.997288349586134,31.865903907133685,4.391477108634664,29.227848959884398,High
21.570836476289095,13.72947369441576,17.835654825146793,17.956984091451993,7.14791598222671,55.52184991966363,Moderate
23.411223127143145,14.263893383157807,21.269748784023065,15.58139098792019,14.311492196038197,40.11486769208834,Moderate
40.05591724937703,3.570293439700122,29.980492145926913,7.097850502239726,16.845311855794925,49.297453810756664,Low
52.09206045196922,3.2663924942591094,31.190791076785967,4.0451952445823505,16.018381463308376,49.21191379825391,Low
59.082369670058625,0.31149092793391064,31.521231149052223,9.871000859241166,21.561500983696632,51.05071485180767,Low
21.685820034976196,11.842993475930795,22.14837197936709,12.644499507590984,5.683811221074314,40.76922138599643,Moderate
6.308476367583378,18.009489886550817,12.323432206490065,34.337434239319286,7.660424481690639,65.71582975550373,High
32.871436665604854,3.714672626243768,28.20874816536737,1.6859904843403684,16.74475501671684,46.5158791190232,Low
59.77450506475125,2.9146091349379386,25.437455349684715,0.563332777992398,18.75554543779138,49.81699838012341,Low
32.54376048137409,6.587176387270222,44.87775706316812,0.007168587065797816,21.46298495962491,53.720297348428666,Low
23.20251730370181,12.224688490039703,24.373815465654324,17.895643131509637,10.073944190551197,36.50448550773216,Moderate
7.7750344566209755,15.1480330396358,6.88075512585967,24.311643196921278,3.293899778207922,77.74819646910983,High
9.082422747434439,19.164159557659158,11.798994265246488,22.63158227951138,6.280676879038435,77.86258360040597,High
52.63628622254047,6.369023174547433,28.173610343874316,8.569501298693881,29.13671335086126,49.91811322322456,Low
26.941075322306688,10.444676223777341,24.533860725310007,15.415525473761614,12.684012226237336,35.88312721218578,Moderate
20.34784980858734,11.21640536431106,18.882401173282915,10.329352978298457,14.726108349007594,59.20537690068876,Moderate
30.591316132630926,2.0707580921085524,45.02346803853575,3.216863687013094,10.683511780821748,48.8729117367533,Low
22.24190698839399,10.121129312063996,19.54959664366209,12.590020717944915,5.416630004299621,55.07252428015144,Moderate
16.41644704472673,22.103090114296478,12.09462303872916,33.80554395408767,8.1071307289021,68.22241311650038,High
46.23799736028331,6.851343098744841,47.83074215698176,5.0144147369791074,10.11541322585936,45.307865688607464,Low
43.158462575687714,9.07838513883534,32.18777998459397,4.962951255006397,27.528418872089855,47.73871819705371,Low
22.5971110406633,12.858595502125212,22.891997567985847,12.31103024643998,7.576703131645975,37.17665876065938,Moderate
8.818317391185783,17.98005216631477,13.677025167507349,34.920931538437294,3.623049083055127,65.46508788996587,High
27.8877423637543,11.175691540098851,15.389894198182283,15.10104940653566,7.950373979812792,60.43489457708634,Moderate
33.19794759401316,7.0487101004338175,41.58276773760005,9.348220404438013,22.748907574358043,53.78697583826076,Low
30.34060934302257,4.4404374920220295,42.30126382599362,6.154289150329266,22.85666781631476,47.517884533468845,Low
41.88518074827766,3.5492466087701002,30.629025605398297,4.20896528759226,10.112626254961075,48.434305880194934,Low
58.49883551850676,9.447362587830796,35.728737298958045,7.382955104783076,14.090086773855916,53.191645000962296,Low
32.65801289038852,0.2370775364451838,28.66520750900008,9.502112058654301,20.248571027533124,54.93372788160175,Low
16.757278412489125,24.44102754771217,7.754261860026169,24.321548146567594,3.716868027838265,21.009694601323144,High
35.6113124567257,4.042897472548691,49.394470463723316,0.727362617771965,13.761171329581511,47.43301927982967,Low
28.62800034128727,13.716391294585971,23.542246391707046,18.76017669650776,8.144977693797887,40.0646111876708,Moderate
39.66237496749535,1.0536492225085647,32.822988700720565,7.941345617322724,18.50004828246395,53.94302893318648,Low
26.90851175466049,10.638011541575707,20.96340765110103,14.69990088818587,8.614441543250022,36.57688672073147,Moderate
22.42320231370725,11.822181223853699,16.856146907063962,18.980197412134785,13.8730210575551,37.67344712158853,Moderate
52.0698934271757,1.354595367946908,40.407268708853614,0.5713271934332997,15.026153742843135,51.94355888995271,Low
21.391548345182237,14.563146556882389,24.59654195720974,12.723534131334612,13.608639621688686,36.011251881816584,Moderate
26.152691603435876,14.899856448045252,18.3718769483539,11.117530037196628,5.090245547671831,59.24338139796276,Moderate
21.497255641461905,13.469695639914088,21.570740902692123,15.624753354498523,5.498688423066409,62.89712009210549,Moderate
25.84820036653363,14.127703457536771,22.667751995259884,15.572863270001672,6.7643616542022915,39.32642480604036,Moderate
10.474761022709613,20.57287787047053,7.445361730488899,22.618057078925325,9.89200162249128,71.32826149962106,High
20.611135761283442,10.68775128746474,16.184206940182683,19.836750063478135,8.03612965827033,41.63458323016093,Moderate
56.37354922686494,5.875858711094018,30.995498805164758,4.841844983225968,25.098804003166578,51.18037524676957,Low
5.704945749542741,18.867016615568254,11.71074600307007,27.932203757520462,2.809292189014468,23.01666601782603,High
8.513828852137431,16.954096606536098,11.175266130221466,21.380903820885536,5.296010775985691,70.98056192641897,High
18.196726481689694,19.088023144958775,11.679478609527235,33.11719559684083,3.796374157149753,74.49206601006458,High
34.80214904863719,8.861817721293452,37.004587881547195,1.0466063390789626,11.098097818215486,52.18237994981284,Low
7.826921189771987,15.506438602757239,11.069379945705304,23.1564949533984,5.497292102163582,24.673839060101557,High
54.20504217801792,6.884050184921369,26.101646539259534,5.649526076524732,11.803914004004888,53.932361472099466,Low
24.276274716873885,14.61917218211682,16.860900615940604,11.357140770010053,7.86552828601061,55.349818735161534,Moderate
54.47840816905852,1.1635848516449587,48.99364303654923,6.979904714977925,29.457887787753897,53.893047238282186,Low
29.253428107701133,12.323701547561237,18.083234218197312,19.696260191661956,6.353675205030024,42.437673473735444,Moderate
18.381591524265524,20.167704090773597,6.477408080541565,20.839660314686032,3.1358977641875265,24.91545656383459,High
20.350316529406168,10.784152278483026,15.704449381793605,14.20235463191974,14.050891105198504,38.87566338299832,Moderate
42.43872371181071,3.571211593005028,34.8054448358385,1.9362380979546079,24.649092582674594,53.55314464362938,Low
36.85928416510388,8.459214396777321,30.34986696745784,9.673281113534697,26.085223087569002,52.379531202529385,Low
27.050444718255346,14.48467310254458,17.76186289925559,17.428037456552985,12.734632635180768,63.0765960157478,Moderate
51.39734361668985,9.644766539008117,33.5329661487513,7.758650652027868,18.866406415453973,46.61416987687574,Low
20.657677698345758,10.825700490415283,22.97178058261311,13.046346887142926,7.192670403138518,62.46566673803393,Moderate
16.990101833711297,16.14550883689029,12.77240703317156,22.64272962012261,9.918095609536543,23.493875125506747,High
20.517029998406702,14.154515017307892,16.053045177478474,18.757212980691676,7.94726696727677,57.810279262702025,Moderate
55.25800700375426,4.261212379522307,39.39481177805774,7.091807037944047,22.685053069030747,47.75040258940734,Low
28.61040934526298,10.148541526733762,15.815110360339432,17.175467682883337,12.417769112935055,59.166700832063704,Moderate
21.40341972718046,13.994511574102185,23.69456940658049,18.176105309172435,11.979091020750138,59.712366872916476,Moderate
21.3000695523277,13.653386850147182,21.616048816209098,14.25646332972319,6.526975456356484,35.749440126984965,Moderate
14.679583078448763,20.57426946212703,10.25833205311437,23.746491396343757,5.457656039017355,29.55225764140363,High
7.475924232652899,17.1086959945966,8.398831625426503,30.60497307441104,9.018409007303923,22.04527564849862,High
7.671300021437666,23.252763412727408,11.245350868679315,31.918513459329738,4.545765794988466,20.550940393169434,High
23.778182838449048,10.568279845330672,24.37440528987443,10.745518848702321,10.896846880684839,43.23840515171194,Moderate
28.86416387806375,11.502395018432312,16.028862453220512,16.515497829534784,14.690782002607547,56.85901711556267,Moderate
22.88341427794686,14.098692704631237,16.7406738366337,11.690533301674007,5.66380607279351,38.577167649424275,Moderate
7.216188631612967,16.137829973804827,13.203998386385193,24.965775403811595,3.695756983915077,30.540367899139753,High
32.42757849153757,1.7349605035502202,39.49482109582388,7.493153551424344,28.961065637057807,48.09569352238231,Low
56.1029662170279,3.9761237855287055,33.3610631779526,2.05187142904807,29.062492250159302,49.063230318455794,Low
26.656648349426618,11.281268070971677,23.29252491520458,18.692829230238885,13.710812558681244,64.21845499547786,Moderate
33.55008572770162,5.739498660690105,35.00891567099576,8.788811459128521,21.761724917093954,54.67812136991523,Low
24.9369085496935,11.903315021549826,23.924924600033087,13.62351618709468,8.80264878613321,40.82869361192043,Moderate
17.46194427476418,16.04606858056549,11.249124165770844,24.45618295642472,3.978665611481664,67.65463444799632,High
9.271723021966132,22.527857572371325,11.142691727779214,25.00709445102149,8.856179000073714,75.91849408795889,High
26.17903565566434,10.036992640961898,22.923520627061556,14.398952020255827,11.366445258895432,36.10748507830509,Moderate
30.729478992943616,1.8533017952871444,44.16318290554068,6.507243843338003,25.85406811561503,48.326729865303236,Low
15.909649933049973,21.161446301343645,8.281500610494358,22.70119064245117,2.6745007217797756,30.133535288355045,High
17.412316197993462,18.959323592943477,12.792205889256557,24.29474428334555,2.8814590705018936,66.25006666041809,High
36.60549605849434,5.442539661136977,25.400703911378077,1.621833724078774,15.37114281241282,51.78878232390596,Low
27.153606400498028,12.555145326543476,19.039564999930292,14.520127466939773,13.996990070308282,35.95536207636237,Moderate
53.239605935435456,9.69723632797977,27.20992417866896,1.0699126117462332,25.793472275855116,46.147862786606126,Low
15.018388237079545,24.97638134400963,8.079295373582092,25.320323502232224,4.712766825917251,30.172733815862124,High
46.073240522242756,8.4144755308476,34.499476974134865,3.7230709857304776,19.618832161686072,48.916665428788086,Low
18.23452687119279,22.70596799331734,11.36031537043153,23.230799108979173,2.127245410465867,77.95366100201005,High
14.897834572243227,15.230684859378586,12.473410607195898,21.789162054034996,5.336503501709092,30.533286229500508,High
12.283245515166795,17.875223371440846,7.212620208949092,31.175850669871323,5.745947230608423,72.50672669699475,High
9.327215633505919,22.431969532378215,13.640087171760214,31.466246220358926,3.064541226970687,22.344274020451635,High
15.271598840133354,23.020870461767448,11.20625258930853,29.495049641746462,4.679194664799605,65.553482591731,High
17.882482568776584,17.295165617309106,6.7249568432643265,23.15310240578518,2.8129512847342104,70.36159495360755,High
52.22305853262613,6.313075530919887,36.05083552327809,5.008766058895992,10.278980373838229,45.41972726243506,Low
27.943663984222347,13.435868463047512,17.428295441933408,19.482532853533016,9.78268629460785,37.155432851045454,Moderate
52.93117986665208,4.579289944340279,49.65441993209237,0.5651569079675733,26.565471296319767,54.40863547894698,Low
21.711416497460643,14.27774745217764,17.448885294769802,13.53926195044382,14.82853246762062,37.1212539872194,Moderate
15.596984215157148,24.387307665032203,8.767274147899787,34.279083405387645,3.963501513537083,71.55693584126578,High
24.289951106401645,10.057605060130218,17.663624626840186,10.356326882397298,6.050280647801323,44.83241436472399,Moderate
19.626834279362583,16.886670830177874,5.386596476551339,29.573859502135203,9.382844384781553,31.409369936322058,High
26.822006059331947,12.573722469778447,19.47162110638847,13.941561801339457,7.72231942019064,59.59587005879444,Moderate
8.158116228263783,15.481376752340509,13.451695231534469,21.96468194654631,7.194345040383089,31.186120289439813,High
11.86827353273168,15.861291670146525,12.162632617932116,34.924339156540846,4.3033835128439595,32.74663229543336,High
49.17359813446501,8.644332468683642,42.032052763310844,6.6373436069393845,18.647927203701798,45.07759648337424,Low
52.52613203374492,6.458223862864843,29.247176830476434,4.406031140591748,27.167467595221247,50.02639804975535,Low
20.448856854967232,11.358748933602628,21.70162577539282,12.662231939797156,12.568447961299842,63.49136636161122,Moderate
17.516579846360088,15.571671473102437,6.2698162331813005,34.405130395203564,3.0226485347889174,71.93945076012838,High
57.00055925544315,5.088905555910559,43.54068218629722,2.2867075138460335,28.616153446895236,54.29116352691326,Low
29.26481100711403,12.340904898824224,18.145207676682034,10.614875009682192,10.427446433562887,55.34742145922327,Moderate
23.949487136772632,11.57662677690073,23.892777088335997,16.349468296029645,9.734583524197689,44.919266183081106,Moderate
13.936912099594077,20.073670343891415,7.954080133989385,24.537333028292394,4.029089796409156,33.75771717596505,High
11.947619000336367,15.180500635578031,14.450789770967905,22.4803696611393,3.9871142944498397,65.26188362337749,High
14.138890223409396,19.50668812531187,7.817522629109044,24.9304610572375,4.725577924615976,29.648195045336394,High
7.55230627296646,19.471315003893654,14.457431990549885,23.251795803658013,4.688026540332782,76.18452908258533,High
22.283104256251782,14.243043784195983,16.00666386519343,11.772352741402925,8.145219529177828,55.42361931952782,Moderate
21.4135913088615,10.14115526474534,15.22366222965766,11.797066658855869,14.534644756724873,56.07905717222976,Moderate
56.06714953436155,6.775316138836846,30.338571362258534,2.678735828174408,12.927461331779355,45.24970900434131,Low
40.3700184997159,5.201698923107512,32.804743414228234,8.543995133256802,28.144863345541573,47.54021149095563,Low
25.36811883602784,10.974020398965104,20.28292105128309,11.871372085978214,9.82860036332846,55.40019640739006,Moderate
44.85530730333811,5.612227882825249,32.2359880404872,1.2711049086702397,15.365520409071134,46.40770457771213,Low
51.12239304297671,7.945155444907487,43.00393652327351,2.401515960220142,13.410607787875506,46.1786010867977,Low
13.035317916196261,16.329045073713655,12.663722370132332,27.614988789572767,6.290506476491476,26.07058645772637,High
5.4328454977022105,15.639430637031648,12.327627037744126,24.53519132472647,8.008002693426144,65.85629151856972,High
56.70791351672749,3.753299079196019,39.097323026385055,7.146960890066222,13.624360872272344,48.2184663520132,Low
41.10476100766333,9.954375161913099,36.35459156841765,7.405095212183186,18.23495335180486,48.181752095087035,Low
22.213685594919536,10.15490476638931,20.20765982138972,14.304380065114806,12.92255488178181,39.874404737597885,Moderate
30.919575066174183,6.5413273702787365,25.154595566022415,5.336169313092109,19.219391844250794,49.03522766507229,Low
22.458875864733777,10.668856336783946,17.827644352170793,15.161231573169516,9.322658747979181,62.16884175597277,Moderate
5.230291802907775,18.18863359778979,12.621872353994483,34.66310078084635,7.772227768707692,69.52870310801723,High
56.86569685488601,6.057792494526904,42.10785622313362,8.885992804371524,14.185755230602396,46.53113445772198,Low
50.17806354675379,2.116358985698612,28.3444536248492,1.3420242632635027,14.750322411881204,47.23897233305685,Low
59.7016155031279,6.019234310151315,47.081840035655595,8.515371718979257,13.6691576951773,51.80109698433277,Low
24.134889133975047,13.917111507860529,23.045418010122958,17.388435092545265,8.609536333111718,63.39624495861561,Moderate
26.246355586881762,14.543904716055867,24.831934097481103,18.23195996940212,7.719040444014938,38.46577987875779,Moderate
12.96731933645113,17.973783933803162,9.433535331055264,22.25396208268074,3.346717625725552,24.137604696030714,High
52.94429402708987,0.19155485551252904,41.14819732557598,8.378413809055186,26.71141419929121,51.53488932058248,Low
29.3840603160929,11.101436801443514,19.24220921952741,15.99848633210081,7.016148620298715,38.7433615369674,Moderate
31.86875394390188,9.286305621153941,41.085723737933264,1.3972056697895407,29.323560496690735,49.10493114541342,Low
39.70830657448624,8.588167711681546,42.94190394483749,1.1260922934922069,19.526765869887324,52.55338929503972,Low
44.95103318218439,3.9783662550215695,38.676133640389445,9.041136604795051,28.87130434313954,50.066912010062985,Low
31.29521207391035,4.1317251720771955,43.30548015780556,1.9371705077629786,18.556469132765,45.812791048408876,Low
25.30174769767123,13.166756686443854,20.035350465581338,19.554449103904204,12.539561582968135,64.33501876702435,Moderate
27.648373971027524,10.853914793910723,19.63932453774684,12.82498550172852,6.152258213095968,56.554522921564576,Moderate
17.233823069993793,18.88445310049414,5.343157345016979,26.05437692766682,2.212392340747847,78.8299065504967,High
20.499039209108982,11.894411897756175,15.180166476201297,15.72099326050257,12.439037629159088,37.63572950918601,Moderate
27.179305248344978,13.681313838888201,17.482425321811103,10.995224081740766,11.425731922627426,58.09680564351456,Moderate
44.74847625350497,7.511780478084181,36.06443364832039,2.4746298123314636,26.43155383521676,46.265444587134084,Low
8.792584399485651,19.186681903808456,9.404037984420949,24.27347776331748,5.706240183809447,77.62453929953661,High
39.701146863465624,5.708774168394762,32.89171202910165,1.766823141763052,25.44995692192628,53.364731916659714,Low
21.486888723949804,10.692269268285028,17.419529095075973,14.101138832051573,12.01968603243478,41.79675131140635,Moderate
17.714099048469034,15.063778252676164,5.622540560658129,29.101124773345177,6.830967636973704,78.30263562651952,High
15.773252427362346,22.438143170059078,8.799263729886022,34.1048165588298,5.449970912057506,78.5969759697731,High
48.88195914405787,2.7576756825135695,29.036445851606004,5.92493479176405,10.060417427123225,47.51513039676401,Low
23.221321428163076,10.751991363066402,18.97779217313648,10.666269609442999,5.811907157990216,55.8658735817935,Moderate
12.506111741350463,23.851274032904456,9.245721183560761,26.164411743783905,7.775469905092377,76.16950710902819,High
21.231554739887905,10.887230737343717,20.315039845028434,19.312776061382756,14.75959581856928,39.25308150301153,Moderate
33.0426248534765,1.009781068177611,36.459086985657656,7.286151567927769,23.43489680954967,45.694799848835316,Low
21.901258976890812,10.537731309773612,15.372226850893952,11.946850063001866,11.953897509239717,37.01446481645794,Moderate
16.16042428228733,23.08935620723011,6.399123428976083,22.309806366526335,9.33840047829966,25.766439564202543,High
7.333450897103216,15.795071620173955,13.436387896042639,23.23228085809792,9.238168617958348,66.89022014042443,High
13.013714316154736,15.231501811932711,7.814684706180401,33.09938997800472,6.821603235799602,74.5420438056654,High
19.24174348809312,16.30505076594109,7.180803599597512,23.1682102025285,9.819041389075682,34.23542976427397,High
57.67498143531887,1.9010764978372763,40.87266647882907,5.268171660504134,19.53240912621081,45.96951392626715,Low
52.12071232163399,5.96081955238306,31.32093501725723,2.8254086366244358,22.681101120219665,47.569859378537814,Low
5.720942659591158,19.024062665732266,8.919670405156005,20.34645684959943,3.0793303089090642,72.14625689484596,High
20.639578968191394,12.17129880093432,21.335287171752647,18.207008362860634,6.851158355648922,37.11572806489302,Moderate
21.387599653855133,11.184575594833547,16.43152622849026,19.003394834405373,10.22588871028741,57.981972981509294,Moderate
18.365718903892326,20.01825181943808,9.813614771130888,24.752732903011154,3.8733093252113093,33.72712615443181,High
12.066284855386213,21.236916833036098,14.790831930335255,21.970137887525595,8.394298209973165,30.71039321880358,High
18.254122467635753,20.12182413112448,14.483733214978106,25.647269951656366,7.255603394584173,20.942611049306873,High
24.558894241342408,14.857862418671349,19.513898988339974,18.685441674915626,13.95455778234951,61.09981492814472,Moderate
14.681968193180237,21.834790069924235,13.455611905103043,28.407749639186797,6.581881599924121,66.96389839242289,High
46.36850367947805,4.86000493797603,38.085034273050205,4.698043214486816,19.067412112083147,53.67705459766688,Low
55.803671915676134,0.09978776658449373,28.226781173272038,9.639160120731884,20.437689238549567,45.89967278860961,Low
22.321488801432498,12.491789671472189,19.78719899591182,19.514139143572706,5.019373091368669,38.5121963066757,Moderate
10.194418430425944,22.710460974673538,6.935477590749709,24.970394775869888,5.812181925076071,79.99457980947768,High
9.933282420698752,17.989707891855634,9.338331651859725,22.67379582482844,8.390777311699026,66.53304817595773,High
5.329910798885955,18.515269655433837,10.91646196724495,24.446666704515806,5.577432327411553,29.397562524515827,High
8.143968246922817,23.202932707755696,12.348330842078829,29.903364118316276,3.2967456161044906,79.6794117674113,High
31.359120293161336,3.6191999083786497,38.86717561970918,9.80005463196817,10.656509976384802,54.27422836482762,Low
23.72752720067173,14.761369798143436,20.428252167417185,11.93355685843391,8.334025322014133,64.95052752479248,Moderate
19.139323717188386,17.57692829880186,10.488988793497203,34.16912294992448,7.422886834621914,74.61130995614188,High
26.294785139623464,14.928304787284022,19.79463944584328,19.6817640402948,6.382629840557855,57.35642331999687,Moderate
17.745010927286437,17.64488559109865,8.63493421054757,30.42039375581208,3.4351541848949,75.49970180265336,High
22.214897250201425,12.458870319243111,17.808189702310102,17.649392396719133,9.266580408461776,57.97300599225639,Moderate
28.45899645961525,13.632799540947625,19.66638363953086,16.588180982080534,5.996900365740379,42.929936513925114,Moderate
6.25242606222276,23.98841632190808,14.831151047561281,22.054001182122665,7.8241410008072885,22.081742160204044,High
8.638205872046154,17.048248526792147,11.513667075560129,22.415642247963643,2.7969766282506274,68.38873015955238,High
34.45029602886267,0.3893801668766561,35.27783542487121,4.1577480098965145,18.033062515287604,50.30088496914424,Low
38.51327717396173,8.221798868164234,45.911054811746745,2.511920046044672,20.743386432080577,49.32117175615895,Low
23.797445345489567,10.13808028631135,17.334932783097507,19.929081920521135,5.129617671578247,44.83215986653746,Moderate
19.99093819849024,18.140502242172555,10.241084647667442,30.031226029936896,7.696709124945592,66.00194094583021,High
28.86050840190076,10.91356536781642,24.316033226072754,11.126327204114817,13.100052033899383,40.809138982462784,Moderate
45.35032326346998,0.04363269650309087,45.059900763840815,6.657652402653673,10.695983997367001,47.198829897073495,Low
9.87746230238833,23.171593868479576,13.103767513604529,23.86309956548161,4.358101824875321,32.702536696265085,High
27.372487887567367,12.863086226571673,23.933565746596507,17.625761980935597,14.00105091840394,64.09040941314237,Moderate
29.348348021752354,13.969976554346413,22.132156464432498,17.221839193592608,12.174771676920795,44.840181501963606,Moderate
9.903908636323669,23.964222988085027,5.839123484939936,21.563361292829853,5.786098201479025,67.55777918067733,High
10.327037826031846,19.045544326659993,6.818164782992278,29.06834130826795,6.530474436525037,32.88268579504006,High
6.835120698819993,19.45673829049656,6.291206798232194,28.40859056326723,7.36921001912701,20.080505869677612,High
8.811563395356266,19.91859423143936,6.896191611979166,20.445363926277277,6.920872555592369,27.01896826909521,High
25.70977652498199,12.545541661957179,19.223253244796034,17.183904896036147,6.276119049919451,42.76139403691522,Moderate
26.269318309298576,11.192637196587302,23.359210861871574,11.969930558389406,9.400834445374267,62.2674056522932,Moderate
7.4746187090759495,15.641911258882097,6.043948401376229,28.603059487439072,3.5336541676939017,24.25164234112588,High
23.69755389280102,13.581539910406121,16.44852110225427,14.614056338385168,5.034644090975313,63.738197762800525,Moderate
26.570008866315483,13.685421790794932,24.729547330228147,11.997004160662833,12.895929381397178,58.95646821196713,Moderate
31.446361165816683,7.051391455705634,37.64814500365985,3.83534512433977,29.092753040129367,45.321197560678144,Low
26.943854525115412,11.742837533403645,18.322091739787588,15.685144133908892,10.381889446086655,38.62292998316486,Moderate
9.866112617221699,18.434334600985444,7.318307061698115,21.64709935921948,8.9473931520046,27.17643015154183,High
11.68007709754353,22.04217079752259,12.796558847360973,32.38843522714362,8.121575245803895,68.26417378095923,High
56.143817705631534,1.5210428322227287,33.52396428588896,7.023987210805986,15.609264484093048,46.71693993128491,Low
33.64159254478219,3.6255979655909454,36.1471654964952,3.811468820347356,25.02546233875492,51.567227064567305,Low
48.10345780144134,6.590454101322324,36.86087285367935,8.611135200614257,22.94140332517748,50.4602459332075,Low
21.781325969967,10.61623168089756,20.06992970385584,17.61252752593233,9.26044103464262,58.61094443007336,Moderate
23.61664902536095,12.107327242246546,19.775960188263912,19.894521101400834,11.406531658201125,56.63641841327924,Moderate
36.3931411207525,2.4535231416621106,42.52743968410675,0.4606916967546759,28.55868402474043,46.10586343963955,Low
29.654395601267744,11.099985763352711,18.179629279153936,11.266906089051925,13.736318031862716,57.008707356916574,Moderate
29.517732844096326,11.727371018445297,21.150148583670827,17.05742746197504,6.893644476753854,41.28182604510355,Moderate
13.900142506327452,22.41607747393279,7.489778043493556,29.899982994867756,2.7756449717290597,31.221165524485635,High
6.02392099287896,21.884260523209342,8.413977750393254,23.325028874035624,9.473225473252661,28.89873523103939,High
50.40422315280901,4.276013337033373,44.01000168218707,8.90220670554556,19.92150957001062,49.15661001500449,Low
27.176586061377073,12.192341705610788,22.864434039217993,14.81251282371572,14.058261821868003,44.77895987786127,Moderate
8.774024704057712,15.4343002435972,13.52736534124032,31.56995548040205,4.858634075376566,21.97666344648471,High
19.595825232260374,23.622659444055156,12.067274197406128,24.591004543025754,4.589051977927169,20.435885628589435,High
35.87948587257436,4.1176554158450855,26.003471477134163,4.9031248940982834,14.689680135663398,52.75190769293906,Low
5.832808929659269,15.054162983424696,5.645707980008438,23.91840900368246,4.988922341945821,79.33755555462557,High
24.86779350801544,11.718292898313676,22.76505417466671,11.70896348212149,7.825059012744449,62.72804492861741,Moderate
23.807582907181832,14.82429959384285,23.815002222616194,16.46911407540208,14.40605860424078,44.2317602845633,Moderate
12.65509639626209,20.657051419106942,7.777283577774021,26.982658249229566,8.10567257571275,23.792552468396075,High
8.037383978784915,19.11857928415636,12.444376890341633,27.623800766321544,8.529583919205711,25.75646135756125,High
56.598126457214,4.709602524347335,42.06677881156898,6.33849818735324,22.092254270104434,52.08579125064999,Low
7.730352227568651,18.28717169490369,13.488306980840752,26.322444251640576,9.308337195478533,28.79700010860033,High
23.425235073667626,11.046740579839259,18.99214874386411,18.18027323252778,13.699509439164192,41.2429040078327,Moderate
25.696606989719246,14.078466886222328,16.55516547905226,15.452007351535634,9.890929028935034,41.05529274891272,Moderate
51.84649045835579,7.4882633696330645,39.14362376533223,8.360789007952809,25.665801848777328,53.33916600461037,Low
9.413848487738992,20.94648666422495,13.468202360767561,23.615715874697063,9.144191875035514,24.560197752748444,High
26.82476379049318,12.283019097975327,22.106700939415646,19.579160868403928,8.958835655888493,40.310031297429624,Moderate
27.682226713364816,10.388727219493344,20.521956513689375,18.89609027315647,13.179808499290154,42.55143050116141,Moderate
13.215683589423907,16.260717748802584,14.311720613381269,23.777176597709136,2.6795159313438797,65.51458310096795,High
9.334433710163589,18.299649593835557,5.714280321562512,29.4856045424063,7.027469741402967,28.016063469082766,High
10.012559866316922,22.361133440613727,8.480803282555797,22.931624310110646,6.154137345095343,28.975841962517137,High
28.569688353289663,12.473056564617721,17.27020825553512,15.035484729762578,12.090775702600757,40.80176369796534,Moderate
16.126639829673987,20.84105502943808,14.433501903394431,28.266711110669757,3.2293225213290855,67.90482670075704,High
54.29623337563905,2.6558283295860607,29.892816002491227,5.450834128598902,20.06438414365924,50.38079542874054,Low
21.640217446287632,11.584025665828287,23.845697455765414,16.157623676730182,12.031568892322255,42.92902278329636,Moderate
17.25951075307171,16.74223161921821,5.543817551813884,24.600652309927654,7.717498796809876,75.95466686162746,High
45.38065533049526,8.398016066644267,27.94931209070154,1.271026137707404,24.04328657296625,48.3230991073996,Low
7.7836103674389445,22.58753179631885,11.84805869022415,24.408029928855523,9.172447895838285,27.083990701984682,High
43.359157650079965,7.608513309307817,39.412222578496646,5.273108956423933,23.906378992487692,52.44303717337366,Low
19.039600911626806,21.459171021933336,11.73495034687026,27.541856813142786,6.441182838613394,29.830082077058325,High
30.165663513708072,2.048812741507126,39.85604568271493,1.6885928936703531,24.654468308266132,51.35593482008187,Low
48.587680123795224,7.832979829560477,29.36962469708415,1.7845067409837478,22.0988162639551,45.98437549000991,Low
11.822100315239897,21.409921969382193,7.936045353979972,22.470416386024905,2.4375840149025416,23.45904565002552,High
19.287964578619913,21.857192215857967,12.532004760410384,25.285930107694412,2.625997493973572,76.67849659900901,High
34.50145994081953,4.928195845328246,46.86859124141415,6.594232468499163,27.69143974116525,49.317168850266114,Low
45.081611702774374,1.4080294889267608,49.85825756714287,8.618438232948298,11.078651656817424,50.26642263525198,Low
5.903834668201363,17.337846120490052,13.337291623350698,23.617030310768023,5.2086878725997865,70.49070687819767,High
49.76350100132152,8.32830376788271,27.203360774417288,3.768106277742125,16.811518748422372,54.48656157706565,Low
23.247202282231424,14.892066971614685,20.613444478808773,19.215191923374213,5.783245561080159,36.36695074489036,Moderate
32.02051804406315,3.0779583168074565,33.30431305154332,5.598905318457854,28.079633931785708,51.07623575883939,Low
9.702805412152422,17.931588320185476,5.5095837676845605,22.530004076321905,3.026656404784714,78.23907223428344,High
27.253508719004223,12.776191149529993,17.129405264800834,17.829014494560987,14.739043855556112,44.35905585319816,Moderate
46.52572111827418,6.067317247174364,40.259075195453924,4.81994917732867,29.235249566909374,52.224613103389544,Low
53.297905583752254,4.289443334301443,35.51841406421542,9.055821375731322,23.909769183553006,53.74251876684336,Low
11.73705875682627,18.363045728429686,5.952904222083385,27.742872000428783,3.6306595803045854,75.9096406554447,High
17.89864862637787,16.91725223952638,11.14475653777776,24.015215094062224,6.802014565292545,26.95023557059525,High
8.537034259037998,22.719737357159325,14.090451297513958,26.110665995798698,9.582260065766897,31.037812094013745,High
18.42933284471608,20.127805294276744,6.165606147708509,32.96339538857478,2.3499015955033897,66.18269777407995,High
27.449262251954835,13.062708867105478,24.066555704372696,19.00894208235323,12.001559896457247,64.50550371943757,Moderate
58.50712061462407,2.9004553196243688,45.39363451565302,3.4562016890078953,12.158491099299876,47.57177136024427,Low
9.09165550888066,19.67917323162709,6.8283222832374,27.50165557186734,4.094140526783839,27.556475048561616,High
20.773202446721875,12.065283116067516,20.942728105993524,10.50600084904678,8.96719116550785,64.33472791947558,Moderate
10.944064411131963,15.912953179068783,9.215556205157256,32.529496322745395,8.481410846515228,71.50669100742329,High
21.436027256547113,14.558039284787444,17.006739021010027,13.287937599934203,6.162681512662652,41.1312197374156,Moderate
11.069207495426609,21.982272949292792,6.21403850225688,22.933219795658335,6.080564311719623,33.47538528379793,High
49.25914501329798,4.893925374065887,49.562064515031196,7.143875620372924,24.856430031697315,54.174258528045016,Low
23.525271266784216,14.675438400204623,15.44008515386751,18.780579527918338,11.24330389931066,38.47671741468911,Moderate
23.861869441194642,13.62683224074722,24.648941234778153,10.483624655952617,6.463829051427314,60.55518666702596,Moderate
20.004231285601524,11.820839314413563,21.27434150374396,18.861200114631643,7.856556343891146,64.12895980306234,Moderate
18.35744230979274,15.18396092661533,10.967269645343475,28.13590475375107,8.06826456194375,21.922624980476435,High
31.258536702949087,4.666931208844084,40.9325539134506,9.440947859303645,19.514081563781126,48.397145438360845,Low
51.81507209298924,1.5647671600360058,29.036192150823027,4.893227474751214,25.234854129390317,53.716168463288504,Low
6.461013640599047,19.33156597681352,13.284373961073392,34.33380699491768,8.726615836692561,31.110424180040102,High
14.06139298372247,16.994069810961175,12.884370441276939,20.209458019321954,9.579258144257953,20.3053855712736,High
16.279493385297222,21.711849002004673,7.845463498049209,26.717093204694976,5.768200305559768,67.08665002767015,High
32.545131422555755,5.537114853580112,46.857683353427014,2.688615449790066,15.401169322031114,51.93741298698328,Low
13.971550414934462,23.708973191206802,10.814356294645544,20.429190919126956,7.7256164339394475,72.92716101505096,High
31.73528029690189,0.926254830513672,36.226962853371894,0.09165550183816484,21.52811102907267,47.72547647893029,Low
23.09655274380461,12.761616843277498,20.03302604297238,13.904034836971933,7.332326841189461,35.528246444841365,Moderate
10.775053292003879,15.472363718632625,8.651429614012455,21.59770451123658,8.565489292095824,75.05012112912065,High
44.953265967871715,4.57699605159294,29.221461584259874,8.589805471222201,14.274733759638213,51.79393488112426,Low
54.17977649325474,0.827368356181899,27.809925679400322,7.795316818239329,12.912574770509028,50.092115852460424,Low
20.219705708025074,12.196581539288264,20.033007755916284,14.987171362080051,8.091038248919642,55.1365783642608,Moderate
18.4474105122532,17.92059632501678,7.778671686022363,23.1805875067518,4.8870092109994285,25.50965672188195,High
11.641177390076283,24.524290447723615,8.266616159646158,34.086996005221074,9.304473711069134,78.29026634683923,High
15.091891614353134,16.845954261288338,5.426949696566482,21.530838368497886,9.621957531324322,66.7666912906545,High
11.37517770743806,21.10616318864696,10.91200760642035,20.365975600118738,4.792976020018412,30.723846896316864,High
23.614751253399387,11.38646948453238,23.534027221808785,15.800644539843894,7.692764835107516,62.58986440443483,Moderate
22.631502596023292,10.58170111622053,22.89024441954237,17.638577581141384,10.166748819435306,43.90105473442704,Moderate
15.098052691121998,22.913008369492825,7.891781270523328,22.600907523344315,8.971695946422345,65.93176851289955,High
15.370147242338646,21.460429629302595,5.28717993542521,28.268749536095786,7.219849583853761,29.980733478990523,High
51.40048757653658,6.327118787486009,27.998823543274245,4.120177389516564,23.48439264894794,50.55082601437651,Low
32.40701236984927,7.132068832826177,43.134290005871435,2.463482472423019,19.952991090104362,47.04593614291776,Low
48.499509435622144,6.314189212183764,36.87770912329589,8.124136576239005,16.15310174712673,53.522142067229794,Low
11.236665229575705,24.551052029634583,10.346480314381527,22.260858590534664,8.07894755083952,34.21542922838095,High
43.636231943033195,9.440420938253979,38.836794405246245,6.225753978327817,28.55582958750631,52.69485387315587,Low
59.63356560644662,4.068048009517236,36.48359138984891,5.345545447560392,28.875777784159162,51.39553826377311,Low
10.449967157284066,21.452017600316147,13.870779544778049,25.387718509899862,8.353827204683299,65.33660941843387,High
14.979967132089866,22.499062222781426,7.483448270301357,34.08050665534077,2.525928227513762,74.06575540367727,High
18.01000149722391,22.632557237361535,9.224545702892062,27.330156969918328,2.173609152755314,32.24619432137847,High
33.19779090923972,6.3594032682671084,26.700932852291743,9.138145226249442,24.712853200227304,51.27138394061117,Low
24.999079566958077,10.917137078062282,17.04961018877559,16.136773766768954,11.465826490943323,58.98836614839756,Moderate
11.328500051902767,20.28431178392709,9.019920174533123,28.463155554514074,5.9030558423737185,72.6602597617299,High
14.64293846697704,22.797828819673583,11.03769105238166,20.612987621878233,8.281952419724954,71.68058440763856,High
15.170756240589844,17.99694531685612,14.908462741660127,31.15226264094978,9.270706757839243,32.25747775198916,High
12.77609447793414,19.91609378069031,8.00632184604467,30.300646969690796,7.399688551960476,72.77027855709247,High
28.13065949255669,13.813784104057891,20.962079625658703,15.799059382823495,13.42361274566352,60.01702984176349,Moderate
27.15477128687679,12.558315986789783,23.309413964613068,12.3586271297102,8.717611212228292,41.740261791261325,Moderate
28.08098980493512,12.022582044117314,22.099551052298295,15.323847130744477,12.102769513489125,39.31702978656419,Moderate
26.765833704198766,14.59806746376615,23.366390174069664,16.326859674325075,5.093559679074268,63.7906200455225,Moderate
28.49242364298339,10.224967318099711,16.545393980291493,18.441400020651997,14.08953875845786,36.139381831279856,Moderate
16.332057400622006,19.280924878621658,10.005803396724524,32.621162731056714,9.87462837339533,32.54525532091901,High
35.54563366576581,0.8172534574677826,30.038209450157822,9.361630415509964,12.773050582266075,54.85207325911094,Low
14.035012369117405,21.1827845828254,10.359167851849358,34.4472771890845,8.89719461931983,23.614573023576778,High
17.89272470174113,23.91864511652427,5.283594587845421,29.92816208261999,2.3518256724068767,77.40202499563796,High
46.94523399787849,0.3601881829142639,47.941181947610836,9.095866950537774,21.485870794171472,53.14066905951267,Low
26.48087112108456,13.98406059340127,18.79213414707241,11.837093854493919,12.085429518604974,43.770272712616375,Moderate
31.262795689090858,3.129073942136482,37.12544968810103,6.231724245321873,18.457368181181742,48.68262789871913,Low
51.92602425610933,0.23594964645529126,48.01728501946549,2.9119645499662417,19.91434020156551,47.42325730246321,Low
28.03959116090946,10.846079500697456,22.796418224163887,17.033130814677765,13.599422372418859,43.23453053759321,Moderate
24.28761507703504,12.040625671039685,20.6476839919134,14.740315823689203,12.473250286361957,56.67892691805013,Moderate
16.959227186922156,20.320204754162223,14.968561469506898,24.447080049721002,7.88716557305595,22.427819953629534,High
48.01783000081852,5.0985400955045765,29.602533084023925,0.3836155478797465,21.204829275661048,53.58356055159096,Low
46.614067221371286,3.4041155611425964,41.90489365891348,7.16325343476028,28.89894841643009,54.50284050170485,Low
25.86919356590086,14.524899168931821,24.365694249033396,19.891499106666725,11.230075856245326,36.46848169073426,Moderate
7.359119281040468,20.572212337096225,9.920263266230645,31.72189469157891,4.845931861679491,25.691285177923227,High
6.0587973417190835,19.233060985474687,8.874131369216833,30.95722127678472,5.091575097191476,22.243459032377388,High
8.625995898480868,15.27736002539431,14.061974844156607,34.87948736530441,6.124774368458486,25.729446037358912,High
11.627728542669868,18.424143522941215,9.007104336715338,24.913342175250765,4.7192973682920805,68.27335303387974,High
24.926096788528266,14.83831137904242,24.00013523472071,11.1876741294062,5.711844242551737,39.34984179170463,Moderate
20.914926973409123,13.75595894778657,17.644077140559506,10.202713726827584,11.60162416803049,42.633080771801296,Moderate
16.812608660074936,20.850849749199202,11.352840499792038,22.779106404912703,3.9516938805724227,66.4041160585358,High
15.501296188463945,20.919896825502068,13.167791054245336,20.288135024578402,8.597327204140912,76.77763932349092,High
9.057793337913035,24.78616213124221,14.894420080161959,33.53976048446827,6.707546384148637,67.9190634503225,High
29.51807601789166,14.973146439957766,16.925514553546993,17.795811667746076,13.242317484117583,61.744410713668685,Moderate
25.831199948890085,14.514200642263294,19.2894499781033,19.68572015049198,12.049571225749915,61.08904861030038,Moderate
23.021767314126574,11.489746301177512,18.405507114390915,13.900470651638448,5.360410752652008,37.725311690402066,Moderate
17.764396681937487,16.204586164788086,10.516779027412593,28.194999232009998,5.658679093429416,31.60248551488698,High
17.911163279064596,17.998225449974612,6.307031019859833,25.05816308680709,6.364600718866008,78.00243308151968,High
27.95545276418689,10.69927251258909,21.310593315181713,19.612945211409166,10.359568619868131,41.92909151568081,Moderate
39.75570192674085,8.791857726012477,37.777345536809946,3.254182806826078,27.531962376700374,49.814353459576054,Low
7.134513867488652,15.47189651065883,6.067124433178039,23.225529300571154,7.390279085159542,74.26669557630892,High
51.203316506563375,5.767023988577563,46.676504559473685,2.499017216368898,10.451393931468854,50.45488148056962,Low
56.146104184571286,5.056341534219588,44.9499508804806,5.417603199410154,11.86574769443937,47.65180875130323,Low
47.560630931902566,2.414964852568678,33.02492614102245,1.7571524583682585,13.976570605729599,50.059833291570634,Low
37.220781354975145,6.564096035006569,30.911872805967363,6.145410182213155,18.136185827136988,45.63033652499762,Low
32.13770183295776,1.7252387694636206,49.108830850899665,2.335804342223592,18.294716050599874,46.32582180181179,Low
27.164869356023686,10.843153822725812,17.06838934681937,11.465984135628561,7.473432065588836,62.90659526045611,Moderate
50.02780156690754,8.028109348245005,35.22956468646221,4.971672807176857,26.303604639397783,46.82663048857014,Low
18.1267503936661,18.527467418130804,14.957771210709272,28.713574142006138,9.02427604642206,71.13812317027887,High
54.25192044349383,3.495063720868188,49.71052484908702,2.3568253457588497,11.979372468174137,48.44786928654536,Low
16.118429300915636,17.59596006527291,11.894018616370676,33.92926207984163,3.762180537318886,69.35730156964189,High
28.368248944029983,13.63466148315736,15.802177988673522,16.363072726203157,8.242721549306129,57.349291930291436,Moderate
54.383987017725076,4.404413503124241,35.24182173231298,5.952768411040545,13.59318578059824,47.66656192132504,Low
6.083978552810368,19.676412942038358,10.539687888070619,33.32866603755016,7.62686168378288,66.21616903293368,High
23.23896027771051,14.78274677237414,24.534019462519872,10.386902545002384,7.447391777070842,58.32654500905051,Moderate
23.487172148570153,13.700264983378926,18.41788105481226,18.996926202776063,14.142620061760377,60.48938678518675,Moderate
22.660793102997182,11.8597747886885,18.614348151265027,16.774255192128898,13.026396960775404,57.82042354789671,Moderate
25.666013469501912,12.834939162196752,20.726541054256785,17.989768900390587,6.013948838330134,64.46867397495964,Moderate
26.389456218553924,14.931317322763862,19.76222475539235,13.904149853655566,7.662536853343656,39.54906602882397,Moderate
5.742642032962511,20.301037770893913,6.779541302088004,26.906367337434393,6.1118494817365505,31.083559840362753,High
17.258603637664585,23.18213619519869,12.767167606088844,25.366219895627843,7.407956032964901,65.07155384267188,High
25.57524376194266,11.125609685335712,17.288154759989702,14.573366800158084,9.303947918775851,43.106657734835125,Moderate
28.291957791369153,14.242883536979,16.392784731442603,12.346518693030749,7.881749127780067,63.39629387568992,Moderate
29.501234554573657,10.873191903431772,23.166223661523052,14.524870749607702,5.4000442222362715,42.62686170454609,Moderate
32.635994974345,3.8782608991693124,49.592789580228796,5.448816860293935,22.218930514053064,54.47284323089768,Low
16.864705145826683,23.51190375938316,10.93103649837191,32.39194187478995,3.311465942265847,29.296682660635437,High
48.77579747142709,0.10131184027743378,40.78646981457551,7.097370848010202,22.93242267315111,49.87598438049561,Low
25.07285755290635,11.287244939212954,22.409559150623704,10.320945121929263,11.269883995909716,55.45229630920215,Moderate
29.91798070045766,11.476531042205158,19.271956027974696,19.88378083835911,12.948883298012479,57.37131602383323,Moderate
25.4166715884907,14.225493272871002,15.700982988592887,19.355681707661002,11.528575155997888,61.682594372081745,Moderate
23.87261812273189,12.46183863792665,21.063915557763067,18.68655386449222,12.052816039710263,39.93798895715746,Moderate
6.935650443132398,15.682316700040566,8.788153936097986,34.58457035940337,9.531461448597799,30.592404846857903,High
59.26830602579744,1.2548629679915069,37.35927027614395,5.298756255182061,10.479508947530633,47.367980345961186,Low
11.179084208181244,19.253843386142613,7.2190259362403495,20.833362437128443,9.655970254475157,68.75325438338194,High
41.959890833169396,7.752440518349493,42.08573537893176,2.5666168989591442,17.867056774955238,52.721525048074646,Low
9.88985686090281,21.36049083197179,11.49069086960794,29.538711658136073,5.649690024714937,24.953459005037523,High
6.99587349374142,22.108297798993977,8.617871578533634,27.94625107277671,7.787722889814951,24.136046796317103,High
25.429424057977258,13.708749024786377,16.130882889308282,13.692544741501411,6.1734270640368925,56.737988571352396,Moderate
32.83328882267785,6.924928266692253,26.27875514050994,9.355230227588573,17.93778786178079,50.032283453861176,Low
13.234071712424583,22.568046151455093,13.277453799467988,24.837206090900693,8.708397959696388,24.864454379696074,High
58.87341884826334,8.19063513861656,33.56827313569768,4.663745945045486,12.405419262572137,45.318567625282604,Low
16.170806596476872,24.802647501025476,5.602404968571704,26.384831528109032,7.085122314462237,32.21755222242744,High
40.46604799628986,0.013536257154681541,37.821868557631696,8.570290283305779,27.782387114548857,54.725144821597425,Low
26.397020621591025,12.333229003756877,22.420708576995807,16.837700120881422,12.127123282065126,37.04073058401807,Moderate
8.624152663630849,21.82732333421832,13.623431328997214,32.962998792529845,7.3161378922549565,76.44109297915253,High
17.999310584597403,23.368530331210586,13.127926108516373,30.376453245258197,4.602958692723408,66.41222849225704,High
41.676050362024895,3.6459372819754,48.724516676175035,3.290737794607279,10.074393216361184,47.69270424305208,Low
48.35558684167138,9.633944342135504,35.28259930165578,4.179840855069136,19.957383610286385,46.77043294528397,Low
54.19683443584349,5.717459831437487,46.74124212030428,3.5064269145714686,22.600691550848765,45.523487668096024,Low
26.642589771401376,14.869619394435974,19.372558392026104,16.06249086794015,8.39461488682953,38.235776040395116,Moderate
20.24496731751619,14.027867264073766,21.926186916460534,11.381553899525347,9.721423371403862,64.59726838038961,Moderate
22.851562887416847,10.988032906954293,16.56196478733825,17.668303420073933,8.097305998855273,55.4663590046159,Moderate
12.858432547553056,21.35226254981459,13.91321174442565,33.994342489483834,2.338414888580581,70.45092055585013,High
31.031655633456552,5.233909113743664,36.69203031212193,4.27541855359712,10.819564444997809,47.248968057304076,Low
26.08330255146991,14.916837801824727,23.37505957686937,10.447522191936034,6.542007712093212,41.48497597547204,Moderate
20.91349227170581,14.763009308715809,19.04316813614687,10.2318740158655,12.789226558113924,38.29815808856361,Moderate
20.780186990007365,11.23574391828183,22.686638305086042,15.74122093774022,12.607759133385498,56.72451839876465,Moderate
23.231412062598263,10.92669284440168,24.90356757725624,16.76262892834247,14.654620750442053,60.89038940608341,Moderate
59.097295564859834,0.6265320345535452,34.797764073597726,8.178220735661906,18.96341694042637,52.29033742829494,Low
33.20941916480875,8.81690611843508,27.167664189891006,7.70437802792337,25.958863785066,54.76971054626261,Low
34.42357580118852,6.024494419665878,25.177295319359274,7.288705094885958,15.395921157847283,47.72446441108832,Low
26.25797839621231,14.410538785941267,22.39270493851771,12.386791068743811,9.746115286750564,43.904222037791655,Moderate
24.136168493493948,11.176024965488656,23.785807126255765,18.17109395192114,5.290346626756125,40.587234082125526,Moderate
20.648098256538624,11.054084589768422,22.517533578912992,15.606524586409774,6.894054798071051,39.63511480358551,Moderate
55.86127952967941,9.444485826943033,31.47260686982849,0.4006908634826667,21.286021293396605,46.493845467712276,Low
22.329145608890336,13.13193897906269,23.84002885139897,19.120634940837636,8.610370068090408,44.03745770608941,Moderate
21.367747881213333,14.6076342819877,22.30305276981053,17.97621514684534,12.217550032259911,37.07888354104997,Moderate
48.09456328399165,3.453419522448878,30.101609713665013,3.9971955097442757,20.390037095299622,50.23672399998985,Low
28.170803874416933,12.766990976433764,21.813183040463635,10.13569569904016,10.641125154652398,57.47145070030293,Moderate
29.562716008076872,10.143698484860613,18.619779493522852,18.335234421809975,5.555729088487014,56.310145544336144,Moderate
24.292170518402646,12.345629539467547,15.151662146109015,19.974583288395984,11.377627200472377,57.22529782498886,Moderate
15.197139287674446,18.317703387778568,12.835731351079906,27.623610630311003,5.12023713254218,26.876187845831875,High
56.31601622439325,7.851895431484084,27.978516799901204,5.631643884539549,29.641547572712618,47.099318316734845,Low
59.097361383218114,3.419052781054903,36.50822626606913,6.392628831813628,13.423694876702505,47.96255753316784,Low
25.23372147470971,13.45798557051005,16.091697017542888,12.529528513335707,13.055923295278184,41.842096705883705,Moderate
21.898819862258676,11.60086145310679,15.130736196054473,17.125084212988675,10.6235132885898,44.08692766302906,Moderate
38.83397278625753,7.418963269587151,33.195954971250856,3.793655982041866,20.281613912385463,46.06388405414077,Low
12.455748413571687,15.069709507894528,8.841751793998345,20.034249131037033,3.7521447023066212,66.62832852559426,High
13.297368423216383,16.936923159321445,6.70082368018082,20.01662035111528,6.682912344710648,24.633122631340186,High
11.301655358817913,20.243060279927505,7.75243309967696,23.843311942667583,7.339008857605256,33.41166771317209,High
9.812142605044187,15.358034517139352,14.983457942749997,24.536170943765743,9.295023324645864,79.1103071314585,High
28.237298801341698,12.838805611488635,15.572264074114685,14.96185934388836,14.59662561382447,44.30006719833166,Moderate
35.25908827072979,2.4966895274023013,26.21915797032851,5.134344971258201,17.72886701861635,46.15556698836339,Low
16.756394539963615,15.65469314507078,7.799880644213117,29.9001513393107,3.3181924556382505,23.305543532728475,High
30.138960690138084,2.286767796036088,32.22421312302646,5.203236261913857,29.85607956372029,45.55217626750406,Low
57.270975619969235,2.6951186229227266,34.27434281480423,5.791298040350491,26.111616528824673,54.81377104326195,Low
25.554413024408262,12.734030647572425,24.98941570568453,16.42332620557851,14.175632152907706,60.16800594690624,Moderate
15.402228416277495,16.22405811905469,8.991007572252393,24.67250339913684,2.064925219469524,25.461422878160256,High
32.012294321652824,6.566310737078761,49.531439434781916,2.2675861740051593,28.402276266452574,50.009693018588685,Low
35.55398786515859,6.72702994208898,34.840888006936055,0.3879945472888746,28.271560228053897,50.330305614882555,Low
17.179951138984126,18.63618038866011,5.7875314777344204,32.416897286165806,3.119090621949674,70.55838737325617,High
8.274164894478341,19.160171589005934,9.330172797739914,28.73698595976316,8.999186672862383,31.322411579774815,High
34.57248039991252,0.4005911905069448,46.0087044397127,6.233144337590575,10.370491534919118,51.23625947297264,Low
57.91785643931749,1.6067958471184518,45.861456321402414,6.928011986299087,14.385905650096614,53.330569412642134,Low
21.548112405968258,11.389471989203749,21.841643870577805,12.076820829644568,11.419592119716313,63.328430928668375,Moderate
17.598513987676313,24.26190883320967,11.258334709604586,32.1587439246631,8.671890735448445,69.72972990281411,High
41.13116288953808,2.022541805245349,31.44079996908823,4.707849970127072,27.278066325882264,46.44898659307346,Low
16.711502645757804,20.54961264959902,8.33553674173738,27.50113850744418,7.054637852140143,75.701933519907,High
23.612617290703948,11.616600518743205,19.44387531612142,16.504999845139405,7.990119932921097,41.8275692473352,Moderate
5.103503759422484,19.11699995188109,14.706017582814578,27.604007098957908,2.342820542913479,29.45625631780018,High
12.038029810291334,16.059905484499588,8.484633326727655,28.634552564362195,5.19649010583188,24.623934626981466,High
29.537693962128273,11.619359750102833,22.576640779850603,17.973290857389358,5.979083202994983,60.37837823149307,Moderate
13.829191203735231,21.783396287213073,12.531589280770554,29.819478728807496,5.802476640409161,79.80385364078508,High
34.03244030816923,0.16947664889580993,39.884159253921815,3.0276760761742505,14.745087273142746,54.82044622786384,Low
13.3845255657142,24.35817525436555,8.57310270055644,32.50436665197968,6.350925066421676,72.1460707810754,High
22.348586929986006,11.281213146281239,24.870087503089593,11.155918603912887,10.969997131006654,55.43396694156052,Moderate
27.267000841845228,12.434871258008407,22.75548450794289,18.70719676655944,10.322786150050923,60.93105955112165,Moderate
25.828715720285512,14.044546480448881,24.85095286339739,13.503923342469259,10.245930879586428,58.91332836466193,Moderate
53.690955214274375,5.1800806640462485,28.863020749762974,7.381507548416897,14.160491254664977,46.14639943585707,Low
13.388508084933415,18.967683209719183,10.060192355366055,20.395469545307026,2.3504079756630496,24.894428984815654,High
5.171789061456359,16.641723246307528,6.622828695337835,21.11946324853848,6.379446286969728,32.78701760283491,High
11.86848645614722,21.594331201677495,13.052912829710658,33.79576896855137,8.859417055865558,79.34312989051422,High
50.65207189283208,0.516687216579611,43.202910933404155,4.294478970787026,17.52083582218313,45.37782968064595,Low
5.339124266737445,23.29695565238779,10.245046897205789,20.402452262376556,7.123605644360015,77.30424687530304,High
16.72292328086983,24.56725149309411,14.814353877135952,27.73183173795366,4.387845833291948,65.34875652926227,High
12.434888694708047,21.158925802966024,11.995412049020915,28.24484780718594,4.508272036622697,69.59442186947815,High
8.24247305464163,17.43762500206054,13.390366115940365,23.854397461873475,5.658573786480606,76.65263429542438,High
26.543493461623232,11.26874360197446,15.14831842454581,11.15216561250052,13.219024390612871,61.934258420162735,Moderate
24.190583986630955,10.962608204688008,15.063771690348348,16.376753574768152,6.9597266123326005,37.44507497344425,Moderate
20.802285627177056,12.095581086344195,15.50924107626701,15.433059265666545,13.893329647441108,59.45965270404406,Moderate
52.48955495228774,1.025679625835898,34.680578530255175,9.324439783773508,23.570946828363212,49.880601562696626,Low
16.645277109015225,17.668149000964917,9.652136770323601,22.532981262063846,4.151590240598241,77.6592653605077,High
37.30446889728898,0.7103488904400213,27.849147177981028,7.869757993812009,20.58871481082553,52.093238527759674,Low
30.363254257046624,5.679742973160805,29.093223946979272,2.6347344569384825,28.607023542661356,48.950763253881924,Low
51.16725517547066,6.212924490496102,29.912174173905278,5.0426346079303155,15.069142593460326,53.749770586241176,Low
30.20856391593572,8.81927758304644,32.3956024374134,1.5126428446267592,27.347092782307158,51.00739774450393,Low
51.99339067245843,9.390684794502915,37.87917570966472,4.801349396383731,15.697053532212273,47.440945724926024,Low
7.321428152854994,22.235031386421753,6.3886289515949715,31.496453808850923,2.6442165901762493,66.70325964211607,High
55.67089404318857,6.936180574737953,26.393521339686043,9.007601624507323,26.635706003703184,45.91896092077106,Low
29.008548299771277,12.34788524212848,19.133742958750194,12.299573843069854,8.539741220496651,60.399482272213845,Moderate
6.1211068578282894,21.257488265723094,6.3482168934391305,27.790767515278084,3.193105740459772,23.23208908775939,High
11.631004372487615,23.590129932645453,5.9704742153111585,31.080139772468804,6.905191683012795,20.42467201077845,High
10.35624151570854,19.776637193761967,10.548847962561473,34.65014790489426,8.846782254643756,28.083107621019547,High
29.410270826575747,11.032044338459476,19.170018706096876,19.554358457936615,6.375642581125396,36.74545883503497,Moderate
38.208799988449975,4.392106012497173,46.738341795374495,3.831644685591258,25.83813076844474,45.24809330042566,Low
21.965102888079187,10.956553090158941,22.003219686336088,19.54067844980137,14.645916097676018,37.45827132633217,Moderate
13.807795038330232,16.033621920317362,10.115030223878058,29.401546338043637,9.644399542704331,74.66018237349367,High
11.659932838666796,21.435050211219885,10.474579330288549,28.83671867683741,3.2401055341224287,23.92849603400111,High
35.565765471093634,5.5687844317209585,34.20625268487833,4.340488684781807,23.79928714252725,47.79442422235894,Low
27.84363945441166,10.29883303820673,24.445149232882095,19.981591533168718,9.978967025828712,43.11156261587506,Moderate
23.473337657310633,10.572103400780113,23.4971651802122,14.177836713132276,9.694685150098856,61.18042812081756,Moderate
45.04548884061599,6.0065106654835585,39.543416185529665,6.527281237772241,24.84402018242265,49.802367134710266,Low
50.88866327634419,2.763191084658536,34.49343512054122,8.361186155450426,24.3911682653087,54.45189761127007,Low
42.28002018945129,2.223613047481703,39.94520033503785,4.23358027350786,24.736336636594004,49.40144206537937,Low
37.490040265775576,6.740199190587926,29.54544132093347,2.4124433603802786,19.962593483679605,51.76056005013253,Low
23.97877779475495,13.771773962742744,18.121387916632713,11.746322034960194,8.262362241419414,56.33226747984353,Moderate
21.34846362518724,10.14658804389393,17.75127409379333,14.761934635565556,5.78028664285568,41.0557027389393,Moderate
44.396268609117264,0.7558361385406698,38.95427959726102,8.99612489372315,14.40219660038327,46.670417813381526,Low
13.84545912015666,18.88720141196196,12.05354344067211,29.36119942985526,9.492431512951818,78.7360853032848,High
40.13985470554607,3.618530932051387,43.35914191230546,5.626554229027424,29.520403150489884,48.7473102253576,Low
48.77674129311028,4.036010023615912,41.667141297312824,1.5061095306851913,15.136631491341173,52.123940284729215,Low
45.792079828083395,4.839893681797472,31.967357898213145,0.39291945150692453,26.100353864692558,51.0210183012735,Low
46.99213920890692,9.47090667108519,48.92837081349491,6.604697213644312,21.42679056906154,51.57494229984942,Low
27.328449367879415,14.972414412260669,17.02082462740204,12.284329827529785,12.630179876226391,57.81825679099685,Moderate
15.94636244203481,16.923566233684998,7.341586640859388,24.708536079023702,4.081735294965944,34.69194463463573,High
32.31174837402993,4.181447881627997,32.03211408882585,4.7535906768086855,24.984343301817965,49.843429022721246,Low
11.920181049779663,21.886496766939295,12.256555579869733,23.222929136688403,7.080302799145217,32.59200644876251,High
44.41520841773487,8.361177032072488,36.79065912988154,4.301759084443132,24.389404626267623,46.387758841126306,Low
52.447790711509754,3.1334791758514315,46.467453031114346,7.254681684501628,13.222000465128446,46.72789651882463,Low
17.5338158377728,21.967232732206092,5.745069007360662,32.39130739346043,7.51160310910725,28.738037167977595,High
53.07914680924019,7.570481146986254,45.809776042547696,7.35953560515178,27.037759649407665,48.07462173033526,Low
37.081513900393915,3.230273457540939,28.486255905129006,6.49863921702575,28.982249137764942,45.10963653131543,Low
12.172798630135691,16.08340005770939,10.000757917986679,22.419193871346458,8.652021753941572,30.53979792357758,High
46.4009223814221,4.925690707532976,35.97826652012127,7.054966519346238,14.4224652577803,53.11021689292227,Low
58.10873469093188,2.0444837246427303,28.246425335447025,7.533129318792571,21.253775115814587,51.08687527882801,Low
29.70417479386864,14.942783024217825,15.948326138192089,16.796003918250836,6.717655901154789,56.881841691679455,Moderate
29.627369113972566,11.505229328489452,20.856412126384168,16.274888766401332,5.801433553335443,43.47611374215649,Moderate
29.97366181549704,10.090333175479321,17.99165083064147,12.945122554377669,9.745185335141398,58.82034830411271,Moderate
19.978852863442327,23.89383310172609,6.234093499832854,26.08371504323317,5.046606374804237,66.0541435383155,High
22.69209919114398,13.28116716146816,24.798909710653433,16.653280525803787,14.56868816197255,35.83951661499784,Moderate
25.22001450152054,12.738941674602177,22.992387569371214,14.307568483609884,8.136255681058495,59.02150476194929,Moderate
54.051842492093755,0.6871367772396098,34.73021546558597,2.9757071644081545,24.635521900753446,46.422862186109356,Low
58.485618709729266,6.404760421758439,32.8149506227075,7.068035962105052,11.397238413693234,54.009634960387636,Low
28.840856965764615,14.151628402973506,21.7551731986525,17.814488897190145,5.293662994680477,43.47564796278495,Moderate
48.54467202954358,4.51294113029255,49.70310189886588,5.703125078265039,18.35939087173054,47.62484454716477,Low
6.996111949382514,22.477115252535143,5.120693472584063,31.37670923060295,5.846446354149069,27.971236766486143,High
7.653673963898654,23.10883331919069,14.63233785066177,22.038659334647424,5.456521119238904,72.84609921423706,High
34.060622468330564,0.5129384898121558,37.474198605519824,3.1484115540873536,26.37475980909304,45.37784221812246,Low
21.50019361789862,13.97171671992719,17.781539168361345,15.757810148254004,13.580305453872766,42.569947594896554,Moderate
38.8077553279348,5.123637775457906,48.512598821985065,6.382244150406114,23.920628139782274,49.51336725154097,Low
37.57310833032062,3.8764880545564706,37.76426021821259,6.995278704025719,23.73511440563818,50.24688412093477,Low
14.996287936481691,16.5299495415229,6.5676978771732415,27.75866322755126,5.659928196267432,70.35733442422779,High
23.009865092617837,13.295299252479758,16.169454714930804,17.148467752101705,14.954469975949847,64.62278060152462,Moderate
20.45371422273823,10.116740803916052,17.409098362307184,13.610764505437862,5.845287756435065,61.74236561628199,Moderate
7.273478847855913,24.607699938900268,10.74726498324436,25.034306820928244,5.4556131774975745,66.11718929909563,High
8.921762731510206,18.72473939758496,8.365545874692886,22.289940416528378,7.272823547875848,74.96303274339743,High
29.493363085249243,12.25569949750525,23.934820383198385,15.071918880181313,11.302497075356163,36.13554543843494,Moderate
9.991416267545935,22.911592768422004,5.33093131744873,34.00698136954774,4.096117536479866,68.52925859904836,High
26.906152001508268,13.05097415824315,15.061401626646978,18.83183490352733,12.579840385050815,42.63997049319543,Moderate
45.42703315240835,9.812970904972467,28.907924267721523,1.2890258507349894,14.552650716387847,53.92795939589886,Low
25.804292523434125,14.119386818129021,20.038120907763872,15.763878502046987,12.738347275154524,56.122013667656425,Moderate
24.909250939863306,10.317616987529876,24.56166784497385,15.57754400344793,14.441835361856814,57.0247856414138,Moderate
17.70262337150651,21.668969533502626,12.288663524779125,25.843864965459037,6.248539062932781,66.53742010256771,High
26.97387561569215,14.741632915180812,17.569485115808476,12.992528056089299,10.145259152192104,37.77922010769359,Moderate
20.02007045838974,11.680607679173244,18.65345930178327,11.200699108880295,7.9490511601444345,40.611101087684006,Moderate
45.32241907732697,4.2748968792061515,25.027802354904686,2.8467473884646366,14.672180640724736,51.818330320328585,Low
12.505576548639915,18.35682905741255,12.22570981371435,29.700901764046435,4.659819812330479,32.877564491598264,High
5.231676613332128,18.813474821801943,14.439042800150816,28.259454414129518,4.238468238432892,22.33092250311724,High
36.370173320348286,1.3924537111759516,29.835883573912064,5.018695310245037,14.424756396133674,48.32656599820891,Low
6.017350579567831,15.06155078774775,10.695189511562742,23.77091017130151,6.735704549697681,24.99613651814212,High
37.703297031615236,1.4727556355209093,25.85942145879313,6.126843446746072,19.213699469642677,52.564776788404124,Low
26.569041059597566,14.757649182091502,19.92082574220892,16.91558366825543,8.06286993526335,40.499884158659526,Moderate
27.185332929700365,13.757731537190532,24.18991384096615,13.623934520138112,12.351611223467554,60.59841095583992,Moderate
11.409003722378424,18.812862647459685,8.86875789721034,27.08013841358954,2.643425668513104,33.823439064415254,High
25.400015631153853,13.483911367823374,15.820262248556,14.410266235155673,9.783599622764964,61.83730693510539,Moderate
32.135659453806866,6.729666223944324,37.79268617786752,2.0934839938409877,21.614742795947038,54.97513745661896,Low
6.983186847774144,19.668773060424563,13.747902553800294,33.58293004035829,4.813531850614032,20.386804149283762,High
14.818813353090757,20.111574042382784,10.652433190877492,30.345835784699883,7.835840730148008,23.66680958643892,High
47.29549426542761,0.42422298206891695,45.295167958772154,3.100340240124501,16.26738812860716,45.2027997376742,Low
17.01734572879558,17.403289441964173,13.723488997776679,25.520251425070256,5.018023928135533,76.3300523463085,High
22.42422095006074,11.676871424397625,19.29601414167647,17.79591096007544,9.00628532840485,42.736793464792505,Moderate
20.323685340055203,14.613386598491818,20.213539751868225,17.51741879505943,10.71956904154119,38.71416911993232,Moderate
5.327668318735164,20.1646707658354,13.970373779165506,33.812579193853935,5.237332631488927,32.201383409784754,High
9.177459658675563,16.24938155350543,9.432108005398813,32.84226502406509,6.257053525614246,71.6511904429682,High
21.08795846380955,14.931348736477826,23.978003696966024,12.427797821420796,10.177130804854173,37.68797096166978,Moderate
55.9416712876516,9.978208556819782,29.51962876405949,8.416154597578153,22.7031397772787,45.307831022376405,Low
22.509728154798545,13.716929043679798,16.810320423760015,12.112024913490494,6.134536862707098,38.96608799334345,Moderate
38.7498773612791,6.886316293078756,32.62257810962659,3.549951158139418,15.783565077128863,47.644928733474785,Low
14.137674619095778,22.247049468219718,9.57410929077045,22.031676744216927,3.4422416437057297,27.760207810446133,High
40.11009529293859,9.009608956904678,42.95035445317504,2.7821718706882215,17.560621244663903,52.878647195855436,Low
14.500310609890226,22.895738346742,8.71530085853581,24.086376334301384,4.821489582904847,27.631501989345228,High
32.1625300799602,1.0326500887504841,49.43595460510031,1.645253723928124,22.906912465012155,49.76795223900383,Low
21.22112621365994,12.584992916063088,24.479695655444974,19.746858584883917,9.303494979304274,35.78683656941898,Moderate
32.81702147368255,5.276774662216949,30.43969849829111,0.7514295317758657,12.089647906156692,50.4500841572394,Low
9.55949875643736,22.975853524908175,11.760029357395343,26.68549686643358,3.167360762368925,23.058603261440524,High
15.582261685299155,21.3080826831101,12.94883504785519,30.32801223044242,4.377973973959562,22.144994932345497,High
20.166394642019505,12.247664229926535,18.746338696028666,17.34162102036381,8.717056112985897,37.608084271927765,Moderate
31.188564760450713,5.356565993475786,44.50120217600109,0.23432955367388209,17.62201027223628,46.13762462480652,Low
53.422847582053194,7.062461625552622,36.32208401038779,2.3707039117417805,15.155104312562193,51.89564411051965,Low
41.494155847484926,6.945954272532854,43.724078771509966,3.5982490063656645,16.453674141556405,53.58751259190892,Low
15.386824804311397,20.346466617616034,7.107104063783839,26.414514235795927,8.685999088112984,21.089880307341613,High
19.216159916929588,16.03787216849466,7.106772990265592,25.23756647047038,5.67213802198502,79.282208140718,High
8.818837691155439,19.547568501392604,13.174645420881586,32.458510121246675,8.843083993063395,24.358934660446796,High
54.79372398323225,3.1121749506339356,33.953492913228615,8.73361117841438,20.767683737928664,46.956662956253425,Low
26.527234395556732,14.427923947142945,15.322936500674912,19.81638431287293,14.445803949581169,57.62315850165535,Moderate
11.986071413398436,16.688693394213615,5.5663859009067185,27.84510413635001,7.5103911017674845,69.68397540741817,High
42.88970438216805,5.498685627762052,28.747731331178493,7.57469050723103,26.603544859991747,54.17021711880557,Low
37.12912631977199,4.503509789054126,48.9407911568147,1.3605623443164294,18.045893561526373,54.013999412292335,Low
22.983536306528833,11.174641316453759,18.121887367723005,16.00957310672004,7.276683005494301,57.54881956411184,Moderate
35.443063052693915,0.00011634755366141114,28.081186453313787,0.3778450659567967,25.610436055140436,52.89868107379743,Low
49.760808948568354,6.125734683448192,35.35352670539166,0.3752865753180312,27.048777712837463,46.06883375087031,Low
16.848646256982867,20.50253344046687,5.771352775748073,26.464996837286446,8.181275721161999,20.484310489197025,High
34.17816217990162,9.174858431319903,46.53614215053311,0.014283430791767193,29.15670608897006,46.54075732473083,Low
29.451175288873362,10.676498187564174,15.0682501076692,12.342999642237212,10.551805996436435,43.23797615435034,Moderate
14.205782936654677,17.634644494000494,8.393636692797987,34.7102422292674,7.553864656138906,78.46119469956486,High
21.920097765235944,11.28053530230228,20.03044116364563,12.835460245258147,10.701797019872284,35.776479153532904,Moderate
32.35369144026798,8.742225246851758,48.5220042389801,5.242547205377367,15.413492119305786,47.81260020380475,Low
59.59545746378939,8.80156737921485,40.107824556008,4.41853708091064,18.24187219265078,45.47967558579476,Low
51.8852468595719,8.706884554574394,45.566436712010685,8.386217961980568,26.316417020505906,54.467911722816204,Low
29.61790747626224,12.577342845080041,24.675496917353414,11.220098738507605,6.0418960382376845,38.907503477090934,Moderate
45.48901044903586,0.8709276679577149,36.92097194332811,3.761904687696221,13.57257753508599,54.080348763357215,Low
20.38991404704995,13.544784018814239,19.86594175487029,15.700935695883249,12.6587981578378,60.67164546295871,Moderate
24.542290577072016,13.134859544030517,18.685808900654212,12.392000411693306,9.723921739257378,44.67647092732808,Moderate
22.53356062448107,12.516090253726082,21.263661538514906,12.442253335993781,11.865071850502412,44.88389878639863,Moderate
23.773484566398125,10.109913533672042,15.415352709561322,11.532522158436535,8.494733011391725,63.436683754194405,Moderate
44.42918669658371,6.595059816513271,41.835493222785814,8.634914504628183,29.99010379417033,45.21024807219602,Low
20.67757282778602,10.33243401507436,23.45362156580513,15.305941458002692,11.962183975250301,57.52833783165161,Moderate
48.72713987741976,6.359547071637285,45.060044611283104,4.078942367801904,12.02056492982517,45.153662507347235,Low
26.410423182678944,14.741343248940852,21.388078682643783,17.476046678843783,7.564381059984581,43.200593657462534,Moderate
8.917694810878697,20.423800353167337,14.17175261247369,34.5516073928998,9.79049637963585,68.33259769753009,High
41.77480669220054,4.7425502097695365,32.27192135578956,1.9148961490811944,15.928814495587943,51.74199374942861,Low
10.558695465281122,22.12234112335033,13.284564003692832,30.582166173511215,7.670349159212463,24.411067387595665,High
11.76538416789558,19.22429865942297,12.501480351701648,20.22654214309541,2.0328606793281896,25.856786230414855,High
29.577446331172503,14.014242114848642,18.453343161468275,19.148208935862073,5.860261538868702,58.56166965314443,Moderate
21.51682848366677,12.465077308504688,15.964820197351685,13.561711724418746,11.399449351048,37.92445460997396,Moderate
9.27688860591267,17.213347826175116,11.705038275075772,20.865661008342666,4.538783190558691,65.2985215310091,High
31.356560103185682,6.265925110932102,38.76329201490564,5.084790353080261,16.38633760042748,51.469467083373054,Low
11.651924549559162,21.088723039560378,12.632858188447372,26.506768568989592,4.335565792018403,24.580895001130756,High
32.73860030358401,4.540016211961149,38.86829508205886,9.406901877232318,17.59919904519505,46.53974129743829,Low
16.932481157899897,17.447810609731746,10.605929344039001,20.170085873515845,6.4598978202105775,27.810087716029408,High
8.669684577956955,17.525484407250932,7.231132147611086,20.666605957914204,8.638512294929868,30.339121828965343,High
17.904096177923183,15.768602425135601,10.931582953129842,25.06486465155927,5.712087819699566,77.01477505963813,High
15.601533095009081,24.46049896268879,6.730475936149055,30.504092445985474,6.542004569302992,71.0073195811069,High
49.905053073241675,8.583416767991208,38.53436052268596,3.372124904062858,11.170732001601003,46.671958545472684,Low
31.68909827045512,4.888978317924514,35.395464200460275,0.41082364955555284,29.136293411817554,45.2023623263995,Low
22.312642996491128,14.683530216911127,20.73679820290977,13.61551926536133,11.522968835966276,40.887945291802296,Moderate
24.98148437234567,12.281442992760002,22.21050251601563,10.514756840671366,13.644163121349361,58.87581667436833,Moderate
38.83346676208757,0.938572848233562,34.44598034317967,4.638098246743763,28.42915472433061,51.99027414042095,Low
10.020319288045943,16.265819571850145,7.5231939586449315,21.416560021884592,5.249295588078672,79.4046672578553,High
52.74715427112274,0.09054161580370979,27.487366721824117,2.4474507963692727,26.224611168027156,50.32330602587103,Low
8.148060647766613,20.625521161977446,12.389262296454191,20.04062212554837,7.086945223096635,75.74296745701044,High
43.7940127130796,6.226895409497974,48.64287771102561,4.47272968157122,14.528592101752999,49.08843661725068,Low
26.511524506354796,14.887276341674806,19.868431658345614,12.105636532625727,7.460587465751248,63.98693053802161,Moderate
57.88587432743478,2.9980052756523587,33.02136356874609,4.1510717685493255,26.904511163214796,45.375560697401895,Low
46.55720516323457,8.082352100092221,28.844592637830406,5.856543354287992,22.964183548971118,50.757193053312044,Low
50.202972999747516,9.291395200154627,46.09532159145765,1.27408071695429,24.30473706965266,52.858004651879746,Low
24.028657391501042,14.052936722054865,21.541878556029346,12.175040667404463,8.751077033183158,35.06128647313681,Moderate
25.267250164737888,14.692064727223794,23.157960756711386,16.548489327759803,10.201661840242924,61.87601428920733,Moderate
10.134895648236714,23.139256778828678,6.70406325823455,24.731346992482358,9.857186771412948,20.39457490404874,High
32.789719194693966,0.2576959876435114,42.939034566213394,2.606663825621017,11.83700674458402,53.70891790467806,Low
33.21516034019328,7.130460506343187,28.432500817889256,6.393748005427755,15.783863039317394,48.64027469214567,Low
42.268588332428095,2.747315255195195,43.051651605094634,7.235345733310886,27.338820856610248,49.77877077122731,Low
13.512465931971532,18.814703434143958,12.643148178063472,30.499128428844017,9.199484238511776,21.455294472386008,High
56.63112548274899,9.559188289553193,27.42414177413562,7.668488978177731,29.71716880821875,53.38657154492457,Low
14.11757393634949,22.01424854590515,8.087277303655078,34.3443137800136,5.029830920749762,66.63681847362935,High
37.478766874466245,3.1676167706752665,41.59561187131813,1.785197892725987,22.087614381656163,47.22603636541238,Low
28.739236793859106,13.368674637453257,22.74468195963752,13.110517690956009,14.035435925352138,44.081320565606305,Moderate
11.39929597912844,20.873437513061113,11.537023964697037,21.91175181472621,9.837053027550477,30.674762154606398,High
20.724985940050544,14.487315751237233,17.042409552481615,17.08729818606455,14.379791213136663,61.28083476571435,Moderate
49.506032771944604,9.633603204460378,47.67463796095609,8.407850719391146,21.09819667650818,50.990126371146125,Low
44.16644775485848,3.8042000750756233,26.12492053088561,0.21149823349416286,27.684903478579084,47.270012993384206,Low
22.045103705559548,11.312637854546457,23.77030860509493,11.590442470992416,10.894208062071002,56.85963224058132,Moderate
23.023690337759383,12.510288234511592,15.444566144266847,19.48052542920872,12.94585141020626,43.2853857592705,Moderate
17.649087350971186,21.618048703067124,5.373287771454943,28.718740919122624,5.192088633211993,27.01302234167152,High
43.020580985216256,2.3381283309306413,45.63599739371572,2.788719262609649,18.80296894448265,52.21853160533112,Low
15.153359248832365,24.891814394789105,5.534886238963686,31.253079510624843,9.772385576966688,27.55882726612138,High
25.98201895793859,12.234051271237005,24.172980474956127,13.5811621650427,14.280539198077607,62.53388114919836,Moderate
58.52142919229749,2.469787990719998,45.135808232499656,1.7238636210516622,23.745660088262554,48.329120962314036,Low
9.858060008761107,22.110528015282192,8.472899354191645,28.09325327865687,7.014614766684538,70.44367016935078,High
38.16921979558107,1.6732130400106038,33.79124680854763,4.751708660226282,22.87104245974835,46.92041993559004,Low
18.319721741427692,23.744140002627034,5.4153002918138435,25.585130009287447,2.6764648358051195,20.936958797239797,High
20.1408641216287,13.19999451798374,24.07719023250521,14.625236314105903,12.816779213014415,35.8467615524269,Moderate
49.226242344096434,8.039585075525203,30.17044732833491,3.0166224163114883,10.190779080510898,51.2584666605061,Low
8.978868952262694,17.8678925962935,11.272594609937638,22.711110415653188,2.040353310716771,71.71648752446103,High
27.651696096585134,11.01514832616557,18.881709095177396,16.699958735292785,5.58640700826449,41.07971167598163,Moderate
25.563714964454114,13.14528587260913,22.595556035068327,14.874665740503456,7.9442310029708105,41.624299734213515,Moderate
30.70915758139009,1.9516651721865041,41.25467916114133,5.807968298534757,24.35874047245139,51.47159561126958,Low
5.598549059169324,17.38599516136941,14.998084811737648,21.898000173588347,5.764396193327635,29.98471330950703,High
36.7280792838168,9.62810357074026,30.843519800918607,3.5070978799208428,21.15620251470869,50.70387325367531,Low
51.601096096382236,4.455416387418909,31.02913035769405,9.89279945106385,25.45747872763706,52.941627088376094,Low
26.192602137877216,13.806568872696225,23.189071135374597,11.202142090275458,8.569001340797053,58.10016355821849,Moderate
7.273928051908017,19.98105216918247,6.729522782403187,22.446912911815215,4.719297059472476,67.93038887129204,High
20.34493828868594,11.593273770336756,16.885221111084668,19.62552780661325,6.028868077485053,36.50736993031168,Moderate
11.051269648134422,21.350671590369195,13.435195577082181,25.004338354073926,5.974387264766872,74.07825075702637,High
32.86605941504005,6.672123371941811,43.13315976839695,0.5515659060178546,27.819907492885296,49.95459192902945,Low
55.05907486767714,9.791049380151545,34.71815869691367,4.889509264384521,17.2637824743245,46.25612703520302,Low
26.21726615308882,14.593778384341746,22.788972975820574,18.182588010354493,6.552214277991833,37.12623189619313,Moderate
13.957748442167668,21.413008112568217,10.382171706131649,27.148153156659408,2.5960253142161855,33.28193595130755,High
21.03446116692935,10.705709007378719,15.788555623779695,17.267491322834765,13.21451102959748,56.47954738773971,Moderate
57.397216576694134,6.522242595454725,36.93540473700884,5.494118320609646,21.778720451250955,45.88632974749581,Low
24.99083301064525,13.41666322847299,19.877587626277283,11.32918495401353,6.5669333385251445,62.191965605136545,Moderate
14.600046176179044,20.75252408584729,14.88398110223529,29.291730567849548,2.0597694843489522,20.422782430390157,High
5.204885575710912,21.81652980294747,7.271235554389075,33.569964381707194,2.015296093255654,70.8733519164515,High
24.745464264481736,12.620449837772288,22.720210128316996,13.418901170620376,6.24239473863474,40.71639723270148,Moderate
40.22410620759054,8.900970351838083,48.64927224613999,9.90642737172179,25.763195762714126,45.51206349190329,Low
39.86254830862525,4.49349742039642,44.14646609711855,0.8661976085469403,14.430543038047341,50.53836082502221,Low
18.95257793412877,19.740338892456524,5.4542861625802255,28.020972317992687,9.935514516998545,70.71407903758566,High
9.747055242872406,15.910972094373204,10.130814107295254,24.210354150884395,6.346848486701034,23.355237903589913,High
6.791394032095555,19.206025311319685,6.806096125070575,34.226621132205906,2.565991257269026,75.77624307839451,High
47.82392146056405,6.92532431537108,46.54162211747752,2.256645830520551,19.04646955268592,50.341898918086194,Low
44.64723411065334,2.879453426759925,29.369532121873345,7.133217295012723,28.949544687912493,47.48691809471135,Low
46.26711616475545,4.191828759021213,31.457510728189806,5.435955749112921,11.778590455100478,54.36773949523002,Low
21.61796174890241,10.074644836180088,24.983543513232263,12.735531405685112,12.975241489353028,57.47174744594518,Moderate
24.377763110583434,14.558017589298117,20.564443194252554,14.162863037516903,8.86460744148794,64.1487838061737,Moderate
22.014439646296818,12.863882582984967,18.673911816229793,18.841143852998666,9.103105949628617,58.78154818560742,Moderate
21.42001818804398,14.186939079709415,15.79942710183359,15.920196670421323,10.63904050605864,39.49679850885157,Moderate
42.44458507012995,2.1070496386720317,43.746498282206716,0.24817211445149145,18.88226010350813,50.82553837041994,Low
21.774124172512362,13.986622317001252,16.45705252489204,11.716125479489756,10.988780384883663,55.322153604503725,Moderate
24.77177609111203,11.999543149802204,17.875201986321276,16.08135232923143,10.62397997534798,57.50804132500896,Moderate
45.22831136053365,0.0992382112783563,33.602290446236054,6.770378148820102,15.27612149892715,54.55098556165686,Low
5.968378852599534,23.65350239045923,11.784899434420119,28.64929589170652,4.10952636191601,21.594053212036773,High
20.21740807836675,12.364709317708574,18.42662663691137,13.102934192867739,7.657925155541065,42.21909573992304,Moderate
56.24105018052598,2.053329387067998,29.938897641961958,8.782524677323465,26.382146523553757,45.2308548055177,Low
34.164815179482304,8.225347943841967,39.376514336470365,4.5395883304785976,26.947101078187337,52.767682713500726,Low
34.512506733105845,7.227069576982284,25.56411279263368,1.5569259775593292,26.923877323087467,52.0593661771162,Low
27.03585058998771,11.66920815034671,19.061697659572346,14.722639640037148,10.698610742823984,56.82694812711383,Moderate
25.39774520242882,12.191046405556058,24.75179136254691,18.42478795056899,5.216512855255352,57.93478577359014,Moderate
7.891430325937002,21.81232594650677,11.429920876642868,34.83359049799391,6.343294919939858,31.48385992872933,High
54.01069523467085,2.857075676608903,47.27080370724084,6.247953987187253,19.870183653212,46.67100087765634,Low
20.966983855463372,13.150249510185077,22.635739134665755,12.89549323082298,7.9923669748701744,58.872178570792045,Moderate
13.199446330051707,23.670383409800223,5.916848309556858,20.563821373566025,3.7735290743519103,23.37023073594724,High
32.95186949140192,0.5276525785960262,35.404023660153946,0.2090951233523497,20.671794602208173,46.05333894244964,Low
47.58689496050391,9.81143731791822,48.83507198455237,3.035039091479522,11.155763940397282,48.38936219937026,Low
45.17666036653398,5.695397795671036,26.505673622507437,3.984787621092144,12.813066784673335,53.193337522988614,Low
18.502233028159786,18.62048450008559,14.517946081783288,26.595408799481334,7.699481099518491,69.04924452621255,High
37.56723060520085,0.7680304831442153,44.05903034267932,4.211189044340816,19.62765423496855,46.20002749616888,Low
35.583042535388316,8.32363539660995,41.12875208252258,2.0033982109644235,17.078113344236343,46.41828828687675,Low
24.158902132121952,11.550130082324754,17.88824650579826,10.612421065514935,5.535988919288694,56.40267213459169,Moderate
25.619752393137492,11.954002767300526,18.75375164840385,12.121972555164028,6.966864026514504,63.52139563854476,Moderate
45.770705469080575,5.444969591038651,36.12131082068852,1.2875443736805547,23.3520342716647,52.75146077728595,Low
20.752087903519918,12.074792511012598,23.875887121039753,15.779111725598561,7.299962545552468,41.45916526405514,Moderate
12.993643098688718,20.162774709389733,5.859440267284296,27.53476944638734,5.9827879285307635,24.641383787857322,High
5.37355658267889,22.864655321445447,12.911456508431023,24.493518640844485,3.889935109982239,20.61053662730065,High
11.342069457356674,18.8048154869738,10.542686268381061,20.037329588524106,6.295391359353826,30.733718036160425,High
14.055987184457045,22.786770092129064,6.57754115595954,24.10902467718326,4.484520243738261,21.931007140770973,High
37.3920609971732,7.184539473225501,43.28126473368438,1.5737158334991042,26.359695421544107,53.70055193109283,Low
11.32780950484225,19.47237935778272,13.277143461371972,25.176660709831104,6.573036777680877,77.11228152935021,High
24.213570877456068,13.96878826553877,24.979662998077835,11.737556962298234,14.56791372923081,44.86355795505741,Moderate
18.766848645670756,21.35946365800698,13.268623159166012,28.426522233623025,5.375974354324008,68.49154784357899,High
24.794968364782598,12.33245480168458,22.019537773285865,14.596902921612887,12.968390646846874,64.33524312716631,Moderate
18.351512900487617,17.796263476828642,14.148880215812246,34.71371709374407,3.5470253562928757,67.95063567830661,High
29.536033677507945,12.629785496340205,22.83282659656451,18.86763645041951,5.762189683885807,37.85099499382994,Moderate
24.028956110310055,11.327482819192678,22.239867499737503,15.250532078015667,14.151703597940234,38.49447640783628,Moderate
22.329130542531118,13.517315821449996,24.232532880406147,19.83985988644394,8.711754968680623,60.732229575562435,Moderate
7.99961184032091,16.54863078919864,10.92277662473442,24.206379719143083,3.2010881057313325,27.649583975505617,High
53.3875342070026,0.08319942227192012,35.54281543814791,2.366331314700089,28.73131223316012,52.313450951852715,Low
16.76295168032572,20.217052095929823,5.879570865029868,31.437338487152232,6.063808985953095,70.95113837646622,High
23.746612995126338,13.725996170137638,17.92226854903608,17.152956618574642,7.857196072342049,35.53697187939374,Moderate
49.582383235556236,5.069204379618347,33.573241568979896,2.068718754222878,24.49741707159761,45.55483942067911,Low
17.098205310593976,21.285690691389,10.407222730198733,31.22733143510429,2.341654383138086,33.87342083735438,High
7.524748729338702,18.084558103271956,10.142483559214085,29.084153983595286,9.574431793759423,69.16967714576172,High
30.79100923491756,9.263826067300867,35.18413810532081,2.3290183864948166,15.044048043186617,49.94125741141271,Low
13.888768639330697,17.071544982912677,14.891894335735694,30.26100053322462,5.76563665743921,73.31352386673994,High
47.118292399164886,3.7312261842238357,35.27860841199968,6.040049977395001,13.778596275299046,48.99506475260564,Low
22.728170787634202,12.595990892561865,17.591080067353012,19.00898854995183,5.044932468289201,64.68662913146737,Moderate
24.25491413451543,10.872552011954348,17.557014405652353,12.250972503919886,8.446147927311356,36.00888802105859,Moderate
22.470218703478857,14.780039622581008,16.922626560199383,12.41896304059448,12.224864704537925,38.145460976033576,Moderate
29.655517746451302,11.296140975335655,23.24480266254895,12.418846479827875,9.384691352949282,63.553361303023145,Moderate
29.76660637210142,11.155388113110643,24.80021094758745,11.54658500185482,11.883077296970429,42.38191897324499,Moderate
12.234140662644714,19.39478228134477,12.452690250335287,20.991215573835976,4.730117178313422,31.86102255936072,High
54.523306852153226,9.730781629723328,49.14580799295831,2.3097931052806366,22.76006470432496,49.73808434960139,Low
47.772437065861276,2.565300624442478,43.44877368493981,7.199968026274463,20.488726917154985,51.539011463692574,Low
22.43653999613715,10.601902323325623,16.808650552091986,15.518341943372665,6.729448418708732,64.71218789960781,Moderate
21.695860008207134,11.88090895242976,17.347375812130952,16.811289513243032,8.740635173850722,35.4356068057242,Moderate
37.45467419443397,6.309217902291634,43.864234030143415,1.6406358826533518,20.463162996352832,52.050345222633325,Low
20.362732346899907,13.027324301111443,19.977062513760846,13.950336322767527,8.525582554710086,56.24498898267948,Moderate
47.34840422988522,1.4002409755331768,38.80915344543086,2.0751149538487903,21.755908101327442,46.08999989862976,Low
47.14838068409699,1.2436839900051022,28.4813517696176,3.7265712989414723,16.31307253964648,49.55915937022114,Low
21.531480836637574,12.417886455740295,20.858822123527915,11.800223068640845,12.086544047393854,64.63953425388287,Moderate
15.762634286239694,20.636886610006293,7.57787887898324,25.09548870910631,6.161208199975672,33.76794276131345,High
34.18481581956125,5.60168183461842,31.013289629503717,8.532847985672019,26.83617418057638,45.28520024838648,Low
27.056876464523825,10.979784105678116,23.621820528796285,15.375906601353176,7.288332042195641,60.81185342732113,Moderate
35.356339861630005,9.407845205031078,47.09209919219974,9.317314247538246,23.79403069723737,51.94541974037274,Low
58.4535992088647,8.484253790905248,34.3020563740724,9.108342269897538,26.583635598998356,49.95171592246666,Low
46.184738771260115,1.7936468201221045,44.055301457854426,7.839718505055895,12.905720194915734,50.74428483003145,Low
32.17340663383676,0.6904590631459973,37.81538110258,0.7924960612992882,10.895028678524763,53.94910642564666,Low
19.498165857193065,22.323190040181693,12.278764426640773,27.401357615979364,9.579939336106094,74.2582265386784,High
49.498917923332954,5.062660594952027,33.452110234156535,3.6456642751986443,18.448915800617584,53.30182966617694,Low
21.813130814846623,11.778166609036779,16.55513644008689,18.472583116441868,12.083544391429696,40.27299133128794,Moderate
48.78660964894246,1.7169390770544957,39.55175327810559,0.470611978769474,28.29772300243008,52.733040401143754,Low
23.93283669992791,12.818875992148204,21.890743341498506,17.03228233228773,13.454208391465091,63.61632606245547,Moderate
53.50959038223429,9.061110021324971,41.87233007635387,0.05864727887161303,17.755286570594997,53.4541920170077,Low
30.899207696180337,3.892304716917885,43.48952943054357,8.967465499077447,15.926961537611614,50.07784186951121,Low
25.967765959309443,13.121968982199476,15.46276510515249,17.94401009891945,6.234429533885411,56.43577463448595,Moderate
30.975785384737556,4.119580950341019,46.60915666139933,8.627707774592256,19.005303869932764,48.51143690556812,Low
22.359517891945266,10.692025014335137,18.016841936744555,18.271308516205423,11.390125942134333,55.36252317514795,Moderate
20.268519540341423,13.467632136129941,15.92401432530705,15.106418485290586,5.321669246608382,59.712507166235284,Moderate
55.47586954695958,0.12156771477386807,46.18869082636841,0.002410046851345493,21.564595723390276,53.76918931870847,Low
6.1191523816962174,23.81359231086574,6.58585951081371,28.95826405316008,9.274544583774253,34.37280189478803,High
29.709402836729517,11.888206914881557,22.086898601431677,11.75270602242753,10.331214794964147,43.10820537838151,Moderate
18.387230653437296,23.52576772740045,13.246227747563402,31.54289827771531,7.43702157353597,32.86843635912737,High
35.245158817812374,8.26858560972753,30.821978653795377,0.7235725774132662,29.344264136165368,47.79594370523232,Low
12.804810908565882,20.793862091002897,10.956166108421208,22.877492834168045,2.5171915399027904,28.898130429096643,High
32.41804541271374,9.303984201693256,25.350362938151424,7.820018255939414,21.16463500559322,50.892717612370866,Low
33.81181537955654,0.05505799160420821,34.90781563745551,8.680981598670629,25.426462864337,49.84038940227848,Low
46.50679626468785,4.845379950800108,26.232724677745615,2.525860066847242,10.668759711221954,54.450505533946036,Low
20.20748873740379,12.777325029543363,16.474706048866118,17.594114468868813,6.675335509726745,41.1297734158936,Moderate
33.84137516873317,2.419316803155296,41.79272148110152,1.9106213934635818,20.261544367360997,53.026758125262866,Low
26.967410002096507,14.55980084322269,20.55469621010339,15.29403963356727,8.953924778371274,57.70469105616509,Moderate
20.27370692133702,13.275909068384337,20.562377257002904,16.378057159756803,6.240825856156475,42.55709922492393,Moderate
29.302253026951025,13.56163343020669,15.570175440185388,18.758740586004453,13.58410253882954,42.640126256657204,Moderate
25.950789355038548,12.83654815420793,23.730873952146897,18.625983704065533,12.979902812347468,41.205591954189984,Moderate
8.078356656110323,24.08043436482094,6.48603114478144,25.89458274452072,7.906344877016928,72.05250546827452,High
24.40290046008696,11.665582789443548,16.583544803770632,14.803681067572185,6.682462160279955,37.085275402991876,Moderate
25.7100836897467,12.153900469284082,16.808993720243663,18.580541790063457,5.629325704485187,35.85368779326565,Moderate
28.101537352766982,12.913008703761836,19.095211472601893,17.731660158572566,5.481695431364311,60.32119860204706,Moderate
12.797077208914864,17.523445341917466,11.425114228240732,25.21364601913185,3.116460098846977,22.7354002545594,High
6.277486549854638,19.730062277469756,9.448063436115085,23.864914370081667,3.6892010500572887,23.692812018302934,High
34.02045685351922,5.225765993367451,41.57568009307869,3.662863862065222,11.341874652597575,46.048226409407654,Low
28.733650895587175,11.977889573480619,19.51362275200946,16.986046783114386,11.987280685593499,63.1362788022298,Moderate
28.30016670374786,12.766187264427472,23.94907204682113,12.053186242332838,8.81897487642531,35.58430990854575,Moderate
14.977979243207976,21.489476251179035,11.468819574369336,24.094395329846158,5.0463508484981014,33.85041688601695,High
15.627713828882579,22.671587301411954,12.63636479545404,22.630031412264117,5.847639680414183,75.91253008437525,High
31.733416829891,3.399718637932482,29.70756312292766,2.232554010693609,14.301704575701857,45.75960286964917,Low
21.948690822174008,14.837995966601252,22.721756842822423,14.525999549377113,13.590931342069863,40.478708106372196,Moderate
5.291711562171797,16.271459258263537,12.189598907786351,20.396451427874105,9.89738166353149,76.2294992072886,High
43.1853506589873,9.471614629002477,47.88224850948185,0.4916082915504816,16.9221448156479,46.483853782174776,Low
26.973145402967294,13.009034461494359,19.46333740440828,12.241865507422567,14.820755099674587,56.60937011202419,Moderate
29.032083249834052,10.142946049698574,15.57945656411002,16.92543138206037,13.924852025576186,44.986984818412864,Moderate
27.215140643454145,14.122307795464693,16.86880712050555,12.523616817455196,13.20929191820134,64.41219528745657,Moderate
11.709827195012231,20.09129670394423,8.610808108621512,26.791588561419427,5.064139447098381,67.89983655339765,High
45.53134930154134,0.7569972730978747,42.741783587613114,5.040700797484243,24.64601541216362,46.99728519122405,Low
7.409259397990286,19.611561079599632,8.971710962037903,32.765770794326215,3.1806142520400558,22.08893404832519,High
16.1929086137946,21.834139970419955,8.499541737155742,20.03931898877844,6.556322892798977,26.989416374402467,High
23.48422647789093,13.383836358452987,16.884144785454733,11.282164882123883,10.374623702690018,42.64563718057102,Moderate
10.31245682618914,22.470072588025168,5.997906817852558,29.06674344258146,8.576830814966758,68.53993993756748,High
59.73767981106565,1.7549162738135737,38.132956611268035,8.399982232439429,12.55699473986934,53.99759615368257,Low
19.82069261573311,23.114911237077607,10.649608840529801,21.35022724320334,4.018008819948482,23.217265510389478,High
29.288342987537924,12.716849436219924,19.794218341127497,16.7317786916063,13.009583156007183,64.77145332800406,Moderate
26.961531425400572,14.58770540798318,21.226077218524555,15.877182834004183,12.695885209168566,37.40322880744831,Moderate
35.19882960212537,3.945760755976464,26.00713796944996,5.771866762233088,24.934866155963196,47.2349431425584,Low
7.8434318572296515,17.09572620336679,6.959469475721953,31.47448537795585,2.600080942243501,71.36501394671856,High
24.710290841043765,12.442930262779095,18.068931821890796,11.937385114650487,8.54586692440403,41.54927734772136,Moderate
9.56982720343223,20.513644346972995,5.042811420268057,31.42392052222037,2.316063120965807,70.17715879084328,High
56.16371726832455,5.93560935378786,33.01003215350537,2.8557961623863637,18.07097241627377,48.40876539583937,Low
24.99380545654125,13.08044059564914,24.88803525232651,14.295411753952092,14.943524579025361,55.91638205175728,Moderate
31.840488813320043,7.160499732421445,49.20817400248137,3.667520764259401,27.193310953329505,46.17462072796384,Low
28.57546589936845,10.758452245346405,16.03588654632029,17.436376655597194,7.233940300532069,44.59834381398877,Moderate
39.13841307520112,1.1409578488793337,49.43199831416118,7.136602831121538,15.427627901591691,53.93648649090481,Low
42.28234956573721,9.668454997992853,29.886450009209998,2.153592828546085,14.312795254516983,53.901151363098094,Low
28.35594030236213,11.23247793717885,17.835917663288868,13.829682331909218,13.174505610441148,37.92724437839772,Moderate
5.596692977550392,21.96139496204089,12.128226994134952,33.338161925163,5.38780175001084,76.94317818622571,High
30.93549405183854,3.8435503852413486,31.30432193738825,5.466149396636711,18.592054868970934,52.40149393697591,Low
32.254133452074264,8.171281420155852,45.97749246999029,8.34956775052117,21.068554015741363,48.568886622804015,Low
17.418670706502738,18.736945516031597,9.258350754863255,32.23672400106667,3.4034196976333195,27.69132176119868,High
43.565970848503056,2.320181803088107,37.27549406672275,0.8591038820282049,20.552489136774156,52.578581220721,Low
40.60264137908155,3.0646346804282034,33.524049341074715,7.355207057935812,26.655581420465893,49.140686194404424,Low
17.795051441174124,19.116715245384444,10.71307734126068,32.03292606438985,3.821995155357775,30.560856633480448,High
13.951797523496218,18.648489875623145,12.069863284026415,23.62493535386842,2.5423823186886914,78.21150597723145,High
56.20269714244982,0.7697166938087407,35.14113148618094,7.604646062760667,25.76237879890438,46.333886170932594,Low
11.56235765557412,16.17954147820161,10.781108605426756,28.835672569725553,5.61429239808639,79.45256773682682,High
43.04482015811239,5.047955983045282,40.006285252489576,4.707059473159374,28.852194203173113,45.43013964380055,Low
29.880080428479598,10.749048137122278,18.32902804644506,13.504878226199128,10.909169240254286,42.53213438738877,Moderate
46.19871390841679,2.381466536656963,39.31925691717365,4.5002423952780255,19.67186096208658,54.86180311608695,Low
41.90769828604788,0.6697361202527152,32.0456250823868,7.223735076327985,20.240467782175187,50.8766905147326,Low
26.191164173518402,12.318021611454434,21.040105292559076,10.940307481342268,7.064339947298643,63.3937086353789,Moderate
34.90571617755069,3.683472137943513,30.609574494994888,4.309830628472584,10.237426933387185,49.254311942563454,Low
48.104629997893646,2.2267607912308494,49.70034905163554,3.3720203516895273,10.062433027128193,46.62628296315717,Low
15.036938398343095,15.69817004972796,9.235631572495475,25.24993299746478,7.766942597227297,69.780437567913,High
21.043350528690823,13.702605184793931,16.49186034063465,17.269409439386564,12.927898042561033,62.66711674420718,Moderate
28.802977174185408,11.394252650433824,24.49178020115766,18.49705923224618,14.966946375261612,63.31435619292711,Moderate
54.90659593700975,7.711228158518866,40.245319038702924,9.300053777910726,29.609415955661422,53.344542148916965,Low
19.24002162068656,16.50980498545236,14.016330706331567,32.88566394176234,3.00558316122366,28.81901705218825,High
11.979488009163644,22.2657657076893,12.49278108042219,33.249817177332424,4.968725123325829,34.78331442159275,High
51.95981825434215,9.062545805210366,44.00402324475398,8.72394563354815,11.915083973267153,46.7615391250286,Low
21.051191298523968,14.511407852203117,18.101522123015265,11.920626150822125,13.90181782611727,61.90920570071195,Moderate
47.86155051960131,3.5857846152487314,27.7170634843673,0.7173534374742496,10.89762032945436,45.53628390371449,Low
24.22823362889921,14.922687295671892,20.985842594629826,10.102610284044953,12.190577210136606,41.50365560495446,Moderate
20.443096822086304,13.198481891832806,15.846942115866971,13.649785404687467,13.365219838244457,59.23014446241763,Moderate
43.458318928636274,9.657472098197475,37.93180424385776,0.023474738674531537,19.029918782388883,54.149319017702965,Low
38.224819996794174,2.2982672579761845,33.88209935592307,2.094067139499336,19.955131272137926,50.149798106483445,Low
41.04928591520545,9.783547870568567,35.47309061982297,0.4929966240916994,22.128195534876006,54.19603419421436,Low
19.61572952890789,21.81149737303197,5.21667417184168,23.434572317570527,3.662698473010871,27.442983210016443,High
21.485874276214023,14.712499649364453,24.838411716692157,11.240434992343642,12.300945354641327,44.79248278701985,Moderate
34.193171298788684,0.6569485895436578,47.87503844368818,3.373590783572796,18.076220104949986,48.72468938912108,Low
56.844820512829465,9.456981470002823,38.90476731575029,3.9419049459990796,23.86338720507692,49.0984767311835,Low
51.48970164188047,5.322918759514544,28.393646327497528,9.368534300910152,28.515033861106108,47.250403990441995,Low
26.986130012587203,12.56334826588001,17.24694491780356,11.965663767102074,5.640078525293115,59.756509844516366,Moderate
29.45853537397855,13.51809497010844,22.989525124169056,12.7880296238603,9.459585063313813,58.32173459531357,Moderate
22.686750458648998,12.295864708356502,20.301503202879132,10.20433166071525,11.452659590665167,62.78545821422689,Moderate
30.551720296424,7.806317174255572,47.738711825303454,3.1725917435686757,11.760120550229045,54.044253423171504,Low
15.716813232450646,24.283586154477867,9.386603055568852,28.278355857671297,8.124381197023759,76.73530169731686,High
46.12186808813769,3.216699896595486,38.613883116366885,2.152690457858343,27.57061498414312,51.97461267226727,Low
15.86510656743898,17.087729683310425,14.552055941180805,23.39116260983356,5.5109697520228735,34.126785912643506,High
26.514591857160703,10.404045299526821,22.07518371061322,18.579670912415587,12.425115331394863,38.38679604457031,Moderate
43.61368624150918,6.66847391305658,46.585789444734615,4.238081851735743,20.982880304829024,49.06879062624671,Low
27.00624358162301,12.033702769205574,24.09562660127572,19.647478149424266,9.94564870209647,36.126978604383254,Moderate
53.99748256119568,0.690075926128163,27.746577843519574,9.431958496934508,26.20865827146341,50.1365267182133,Low
33.951863203636854,6.581598242975735,45.32855011204313,3.5784115864153323,28.215958220977356,51.28745225828071,Low
30.617534828874074,0.3361360018328263,25.86681760565166,8.036934518773025,26.78816075218544,53.860739670955255,Low
25.306286890971936,10.805614483579168,15.84472196562272,15.976433466633834,5.79459453172377,55.93724866059716,Moderate
49.735359138091084,5.993021161394378,32.92260344301562,3.6829546765570953,19.74032081032479,48.3636871188371,Low
58.03101044307044,7.573102071344389,26.94641299021924,7.394746538841134,18.296952131210915,47.91272522255737,Low
6.588164264726181,24.625249094046055,14.053045282674292,27.61086714503593,5.839436189961682,30.731944028661346,High
6.186840906150973,24.303505003746974,14.388399052389893,22.0472719985711,5.690760711816912,68.95764495708814,High
28.67031598776684,10.51081616953111,16.194032322525405,17.619377751603942,5.669511783450022,43.63866755988208,Moderate
8.005024299078304,18.021390376888867,11.366855267834085,25.854187275443955,8.812406220102366,70.05813894966522,High
8.620613935776387,17.897233412135247,14.134447462019205,33.34031775051815,5.37697184337551,74.81980434860499,High
22.534693447156634,12.260940522562933,18.616284593402625,19.670450539043635,6.060384808488123,37.19750300166879,Moderate
41.678868421259295,9.785254683891406,43.71521771454581,6.421102350255211,10.232897990061925,48.53905826256859,Low
12.969293344540324,22.354346215702385,12.172215338337589,32.505764000989956,7.376762351273972,78.87474159606782,High
28.71253905820194,12.963079057990733,16.252026488883672,15.567976977124081,5.255043361315003,59.26280906254535,Moderate
31.90124911418303,7.701582117570959,35.37864134981864,4.593460101728227,15.252672247321472,45.96246491140717,Low
52.84531895152416,8.267073597414875,38.67322189963692,9.41278928906798,21.75406456682953,45.82927152509726,Low
11.23905416590518,23.88202851501846,14.893371762556226,21.882363771849825,6.30945885785491,25.553157005643317,High
31.106608420635983,8.216368977104716,41.244701169107486,1.6811809759772511,10.444056259757007,52.79818675623144,Low
23.918193732229312,11.27174550598819,17.585960386306773,19.17694153395024,8.269767215418836,56.0330047781328,Moderate
6.934044273401456,21.73130033562705,6.236118579625968,31.73301120659135,5.719290955433254,34.272271512651045,High
54.53901072357186,4.910957293831651,49.61636193977099,0.5196609813118025,26.4092258031663,50.33956546934934,Low
25.860017273507115,13.911346753011138,15.056454505597669,15.6740793530352,6.978269896046735,44.305620270355725,Moderate
24.928250758994857,12.644469832659217,21.73094775080928,11.913392030013407,7.659719437642259,38.733049901228874,Moderate
20.39570961811354,12.97678889906987,17.164601738972898,17.080423370055218,5.738464176752628,44.961468309333384,Moderate
26.59702939560257,14.65840497810483,19.990567948601377,12.792075389642683,9.369807761457952,35.70814701385765,Moderate
9.112159911127893,17.099111076632266,9.16950981073689,22.2375814716599,9.659569993717469,20.305351241164704,High
11.360931803206668,18.897766650455054,14.268647459271657,32.04173495063854,9.265759418344675,24.610775712300516,High
8.601430218718603,15.34228425181704,10.646370228937087,24.16768887617358,9.454454756747095,65.67161448945139,High
9.628398867867805,21.732844505490654,6.207076813899145,28.14024889827082,4.54518267867246,65.00030776941342,High
14.787794855127702,19.952917313507122,10.027552074646032,34.951692863140394,6.818381516306371,31.92781962644399,High
28.128233946689953,10.866805062359669,21.60424428144352,12.34160740101667,10.014031661635709,38.06059198216176,Moderate
39.31085876770722,4.19271661166022,38.94221727963632,6.699534908592181,23.747798253714294,51.12313384846922,Low
53.55049631511171,9.024130332861034,43.02636652244679,7.087656323456546,16.776023398542257,46.10355056557876,Low
20.39196835455743,13.686232441819389,16.048712210112146,16.701991663149425,10.490814378253212,60.20408764682599,Moderate
54.30340184037542,3.8451132764481253,48.86414822147027,9.283725519807918,12.159248962216711,49.32333899878665,Low
30.463698495866023,8.556960938375394,35.30699319579164,7.569268451270138,16.659004939247467,47.667034306372145,Low
12.300830883575657,18.98174752089956,14.030749003587134,27.994974228374907,4.225317728060508,23.789724890842027,High
12.518701324869339,21.97856841197742,7.963939612376061,21.531702814853695,7.323845973810828,28.102397037485623,High
28.67513242701587,14.930359351694271,16.379731331406933,15.96373530667409,9.170588807525224,35.149102641548076,Moderate
7.221744320444635,21.840683773964386,9.625930272444698,22.230407159986783,5.942943830707321,29.047118676822162,High
57.625256478521166,1.6269974380856589,37.794511414237014,7.9554439192664805,16.92532101575861,53.33209456910262,Low
21.365669267033002,13.474415527386443,17.63402988806385,10.08162711457216,5.498426500877263,56.64263663720624,Moderate
16.823864647686882,20.361951341436196,11.375919449285167,20.842548716290892,5.9446771844305095,71.11749993415019,High
40.49109689237549,2.5967083895041396,34.45789017913149,1.1530109033904934,21.197663311539678,54.94813029303772,Low
18.33837712758045,21.573390218490104,10.10940376950727,21.128724244951677,2.4259797170052115,20.732538060204707,High
27.970628832022296,14.991475870909532,24.03052665252727,19.04210313606793,8.698613582407344,60.14767374075443,Moderate
40.74488154098522,4.876278096672109,45.29665310025949,0.861161105063738,20.272667678573022,49.09470741888777,Low
24.7648182878862,11.918702847564157,15.951093742183918,15.218128787475205,10.634320050095457,64.35076615980469,Moderate
43.17404725710655,9.627683502532062,34.37062310874994,2.381248432539987,11.79651505144168,47.24750038177358,Low
43.16914262116909,5.074119387178088,31.92673124283499,3.6176831192256587,19.535077510166563,54.76413222384056,Low
24.683069268391463,13.713517190763408,21.480483734780687,10.83032349512568,13.734752535272744,35.624493556667815,Moderate
44.87627205236312,8.229838050417674,37.8685548439195,4.60868735269652,24.922619564772845,47.88149489033375,Low
15.615875122167258,20.597451874799894,13.970502185464644,24.74476211431063,6.046019886658393,75.23290088313529,High
13.107464869351567,23.060287267835793,5.1599936134690205,31.54091785590135,3.772229347811371,72.09171545166595,High
23.001598764459782,10.33228262978567,22.589598154427605,18.06548435161058,9.412760698718863,64.58800954258848,Moderate
56.05403927693739,3.252951340230311,48.80156116597507,9.344107945712148,20.541418770269168,52.16797716699371,Low
26.19183778517851,10.623058382318334,17.39017646706509,10.785177262118228,8.458112770338225,59.85608317996847,Moderate
27.43991719379669,11.465590516184744,15.186110163561574,15.58102376872851,9.468189378566798,40.102626462206494,Moderate
50.52699079536471,2.2531692995123507,41.48557405204994,1.2680179912676004,16.929385741573345,50.62711543342203,Low
12.546880934479873,23.95648638507457,7.31041795015288,32.15395949228933,5.735444719544832,26.115086872221738,High
11.724611573590016,19.480461146691532,11.694129145425123,20.234171999407778,5.075186735595169,21.708216038455905,High
27.34622040432233,10.052136136667373,17.654058875949065,19.120747610251364,5.276031775730148,43.730356015261364,Moderate
12.637017673543873,22.557407765033084,12.094060408405557,32.633490908813954,8.956047204183253,68.72387171109482,High
26.112493728337267,13.835923071995703,16.075114130571368,16.434645441264838,5.076389946257731,38.28272293558151,Moderate
25.97744089170883,10.80987642454675,24.333720730922195,10.565479211853079,13.548238132665675,37.17484353862978,Moderate
48.97865679401845,3.0980687532246898,28.342391359985903,7.8008402373496475,12.27890538889087,52.95580249794327,Low
56.20735872320331,3.162701497293068,31.21349552318565,1.0184726514238274,14.661063759697173,48.89549164481522,Low
18.66093601780179,18.370367519640503,11.712507243857353,34.30081339551032,2.2586117149422007,22.720715715505694,High
59.31522552663952,4.551719917336564,44.443197751694825,8.366202103676581,28.515770989891365,46.333992351774896,Low
12.874105086128061,21.78157775647835,10.51760054648486,24.467071694985613,9.801431928890675,68.62385661280831,High
23.268466971307156,14.577686999652247,22.997149245278877,17.97706573487377,14.10993800929742,60.127364702852255,Moderate
35.1503785754491,7.093208284726096,37.226210011232084,9.47623658520667,22.188905946545574,49.33080203602131,Low
23.64223933726504,12.567956381846452,15.010293155653667,16.613108500493937,8.854389171812457,55.116266012853664,Moderate
10.290617454625176,23.638760779315632,6.949673078391195,25.877268414698122,3.6294541201389956,79.27712428903328,High
6.597972864749014,22.439521487195456,7.472797476107998,33.823004216572805,7.067105259572484,23.965464270287388,High
40.39037983097884,7.288614422699469,42.28116659464973,1.972426661670168,23.00593948147015,45.25632249884423,Low
58.03308080416543,4.691072110475787,39.43383503049169,5.058092225923297,22.207877332881072,45.17878484034818,Low
25.579923148934526,12.745882696056094,22.340571043302003,14.24261863628575,14.484606443029328,61.010767990063925,Moderate
16.41605706317459,15.3361540462866,9.09235862092499,34.93652445446699,6.5941264218148685,69.39715467072001,High
31.100496086717936,4.938140404569287,41.14312608377634,5.558708141989594,15.669222985281584,47.0832694686004,Low
16.380552495813088,15.28969796097377,5.98517325115774,23.92304962933663,6.28529166633703,73.24546332442239,High
27.327402143357922,12.158912470827481,16.565257094230983,12.98503390547049,6.646519223448056,55.33559181647251,Moderate
59.7151542600202,3.7455288702012135,29.6319212583385,0.8814224339079213,22.120300049588863,53.863763846243955,Low
8.989322141656189,23.133932999339457,13.893489302320821,20.904655760365983,3.9449202327074246,26.878154968123617,High
13.83638120843964,21.645349660947897,5.248332372859766,28.531447457676983,8.051172372367837,20.894336547171545,High
20.386618143217383,14.45786640519372,16.096118079986773,19.351167434991574,12.579949977756707,42.622307896421695,Moderate
33.09371606507798,3.406041665812917,28.08209448247367,6.842090751884866,19.980723458081627,46.71789109477767,Low
27.486016595521598,13.691303403745206,23.65872048489591,10.754499354796636,10.438607733261847,56.907172530047454,Moderate
39.35133228268233,0.6766836190000158,33.25711668755211,1.0579652027279896,24.150456379560858,47.32133912800156,Low
5.734985056830051,18.052719437818126,6.982042498305243,34.057362285198224,7.206564363765731,26.036235850343783,High
17.524701990435723,18.741015674312578,14.662705595916176,32.75676010360444,4.208693827369976,65.92144158167156,High
22.0678155932412,14.178966637889436,18.591593121701933,11.202656219887995,12.25271203161024,41.68900105618618,Moderate
23.307391435659653,11.938707641634368,17.73969346375603,19.239894123987114,13.620722687501152,41.350245661416096,Moderate
17.652129974617008,19.006600419210578,14.239583782387957,23.96017651920466,7.286687117008226,28.088419140026353,High
28.61677986194507,12.75801432992047,23.942489215016714,17.852735375139964,6.844889355212722,58.565562236883565,Moderate
46.059303943577746,8.955628481318387,31.090369799554857,1.5828305069937365,16.90359676591261,50.333381148925724,Low
10.292370846006392,24.00540579745863,9.269913327383716,27.91227261928428,5.982807193752077,70.24822888450267,High
14.711545539332807,19.722302496019655,12.556450280022727,20.73551978138356,8.44290797122298,74.24865768500567,High
5.930714215419226,19.068362050538727,6.105252552057962,22.13363649643582,4.343861293598759,25.509386616009536,High
44.22521487261976,1.2102500048519305,34.58038414868129,4.607121713482755,19.25238543867459,48.50470202317928,Low
37.117472624904,3.047510953861333,45.501687551391235,8.031705116327311,20.130999998170942,52.84061779828479,Low
20.105668720738134,14.84830879376383,22.043140275790375,15.327592726434744,14.9849500714727,43.95520120380826,Moderate
43.87868870217949,5.7880675451194055,48.70923881972297,3.962772624917006,20.830125642449758,46.6988667480662,Low
19.932588072943393,17.23058306962942,9.691283116772876,28.40428432949159,9.671144026832621,29.58736021959129,High
22.650117864836673,10.41635440654037,18.194273585845398,15.483574244356758,11.771199391544016,58.125054569852026,Moderate
21.846272067373153,14.811343408384683,15.00964961843564,12.963815234947191,11.823466533938003,59.7648320785527,Moderate
37.431929685034724,0.5113538144210072,45.35966948171904,0.5270978985343899,19.291655288784924,53.72465523258539,Low
25.29123539020783,13.245476368187106,20.58449200679989,12.238099250955306,12.731597497876567,36.02832816064157,Moderate
5.927706608014943,15.891169284485171,5.53792943727734,21.905353590457054,2.545280477175125,25.23499838378882,High
25.817484179481937,12.179141171101051,16.61808959477199,17.57133191718372,8.334644284591562,61.891572317245085,Moderate
13.99115842952558,15.56851857605306,7.592736825674065,31.45436074042553,6.037087963747832,28.333627966794303,High
25.37732570783201,10.659573292053615,23.640531247038474,16.055892735717904,5.040856549647128,42.264413581074166,Moderate
18.694446228772705,23.98215593694945,12.731443461572676,33.93466394730351,6.456680142649861,33.81055992184356,High
27.84604125344468,12.310108919801205,23.136238231382414,19.613247181162166,14.213759895281452,36.02584560331021,Moderate
36.47025457193151,6.971358058918092,49.411413235885256,2.2520710021620163,23.26295658799645,54.05088123388264,Low
30.497634867835686,0.6964114816240574,49.68340396448865,6.258411949823758,26.051214963032557,46.39918977226994,Low
11.665691820164902,22.211276163386955,13.623009893481457,20.51616568856787,6.952775866714082,26.49455595912381,High
18.81528521001344,17.729638698604884,5.122855956508971,34.97811754883121,8.165125864014044,78.37605046887643,High
20.6078184248467,13.807247104037064,23.76901467830728,10.836134690315264,5.102127496128432,39.11897478362111,Moderate
18.34294922582142,18.225781488992713,10.077118847116317,32.77846607668652,6.60657469217401,76.4753798523522,High
14.391254785616525,17.492716833582016,8.40393468236303,33.512625991772566,3.1355590020180424,22.859303160222705,High
16.396945395019188,22.219341196472328,6.982648836594791,29.449631937736612,5.508908999574495,76.7323927883067,High
33.532532486704234,9.522217856975946,44.054364679541116,4.9794859258226385,17.785327936180966,45.25807168191231,Low
41.66031869068446,0.6227310588188562,32.351686554419445,4.035199924402112,22.635496873055107,47.58158167658478,Low
56.05869503866832,4.157751035233219,49.47579601979169,8.194278536703651,16.69470653158558,47.30966348216032,Low
7.42221209137396,18.651697838162562,12.671441595563008,29.112803282853093,8.046833558818076,71.69200869618946,High
27.079805013830878,10.240126937999566,17.197719172648437,11.47100010503297,10.715261990373689,41.133904280636045,Moderate
44.57615277558977,1.674910890941077,38.21768299710131,3.548457234306582,11.49491807272631,50.70386099576227,Low
44.68358280832689,8.259782127080818,33.91490439965514,0.6290747601802393,28.860414192914725,45.53120624199001,Low
50.87246066953851,8.770905810181889,36.79349593796098,4.824930605276629,14.958648996116144,51.94671729596958,Low
16.09968164749888,23.195112394477025,12.460480868905556,22.68384954071555,7.823222287021321,26.460074081137787,High
26.247801006840636,10.642757989302247,24.704870906370644,15.432896550403248,6.43367152213383,39.45849634198718,Moderate
32.942477423527336,5.314549141893053,48.51877148086153,3.915370996016292,29.417083957354006,50.65288959953982,Low
33.50694122125092,3.881657061269955,33.531111243943016,2.8740253384548256,22.194163910735195,49.26443805714303,Low
56.85353222119609,1.0445451810015138,47.73911068450753,4.892162486880906,25.367998578975595,53.70810424775618,Low
5.967965296996537,16.38260761118002,13.820703303931518,24.55657756125283,8.852300188292716,69.06120507772957,High
26.55489623533001,14.447057154768533,22.314482607086997,11.900887921642033,10.974020955393211,64.83845922847546,Moderate
14.221621277297386,18.38112728048477,8.347577157669303,34.17311094891531,5.065131367640812,25.47707552388094,High
7.022742222475138,15.94651510402038,8.6056343102723,34.47801940066559,5.447831689721877,21.342833193536826,High
59.89001748170226,1.9497519990028922,32.58049459610626,5.1849297494224045,24.32952525284334,52.29772637336157,Low
10.5349641884516,16.026601212495514,6.439998443880636,26.17620162882362,4.551369535059812,30.97063436424734,High
20.14328455452302,14.312190716889983,17.544827540985317,15.191071837016356,10.0434232990827,56.02808561735854,Moderate
54.51666600603647,8.71204482263052,28.208146554719114,7.8803514957502205,14.819925159918359,53.491322479885106,Low
55.53620742146306,7.42881493667939,40.080326552487605,8.66855213027066,23.219476412993515,48.099299092291666,Low
27.028467071768493,13.21211986786653,22.257690156723605,19.234066063183946,6.347930863825203,39.730351250837,Moderate
13.22533126116888,18.048578751460774,10.044206203278403,34.35930046870829,3.732924660857126,30.90380507871535,High
31.54436253749968,4.942124472502999,43.22348000262893,6.2509155268652865,16.418708766388807,53.57951945402336,Low
15.105972548422772,16.03449238710797,10.9676803152359,30.506800137216672,2.6173177741300533,69.1257393288859,High
27.543592543561253,14.747974976439355,16.20673449601582,16.822456310494182,10.342447226538928,60.92658647885447,Moderate
20.637031024843264,14.74988136774593,20.322968174831953,18.786190557049792,10.42465829555347,36.67614256146629,Moderate
26.986102220544286,12.222904515075326,20.053092793537157,14.35798374854329,8.076580127230326,57.57341988189532,Moderate
53.204193770598025,2.4339668321853045,36.13794536232903,0.9473891477934415,28.24970108460737,45.44395264969327,Low
15.728052663271521,18.379004417585662,10.638227802360301,25.866559529492488,5.990860679382992,20.249511257146516,High
13.227009923126202,16.980087114931088,9.608240805757973,27.792667509723614,4.44232663865251,72.42253557760806,High
28.349341485264098,14.724704532135068,21.80996036857953,17.08447845816283,8.344686008862176,37.85297720890228,Moderate
15.107502410387449,20.930856281251096,8.134666623785947,22.5224903536041,9.485513903282676,20.4331047600392,High
24.066350556230525,11.684643363235395,23.64801368961068,14.760946447532081,9.320441530279322,63.889916385563325,Moderate
23.301810231528798,12.893589277199343,21.731407971396123,12.825434350960114,14.128411589558556,35.55490721071061,Moderate
16.12771993120823,23.265783676462114,11.169915206722427,30.50500811688403,4.06348684104114,34.24581486065857,High
48.58763864693489,2.8161604210563174,41.41406755999131,5.3737919044385505,17.04865463077683,48.752411324969145,Low
23.11002813153091,13.435119190356026,17.640158821396067,16.186216854080556,7.203235773625539,37.370772875562146,Moderate
33.33592446918454,5.80467600993696,46.6605795884925,9.06653296951999,28.899695711116863,53.14419197214675,Low
50.71184485888096,0.6268962162186587,34.41691101073656,3.083521216761987,27.54978483462976,53.687572305365876,Low
14.539727766938007,24.22993274012177,6.442662987389792,33.01478681761989,6.390677762215021,21.297961659097645,High
11.012607055884263,20.811072025438943,5.270291961688929,23.299568729231204,8.781519630044269,69.11557242646434,High
28.822531233425973,11.012495248020475,23.00987408699543,19.813877367848548,14.742547445762636,55.01333639490792,Moderate
6.902855355663737,22.216695257005597,13.695970985269842,29.6447310486209,5.974027680411756,20.79113794859806,High
18.48482197190068,16.460263776489978,11.319789863481459,21.353028208772837,6.806533058710272,21.338832008223843,High
46.86890447633729,2.1820753455217226,45.512687605802725,1.5723566509423348,17.793148445762306,45.65192802184691,Low
12.777582933168624,17.029123441535326,12.840336229375447,31.24304278028083,5.234465727426712,21.646764892933252,High
7.051587548002295,18.13412810980045,12.281849385029158,23.842066593439867,5.354460491182782,69.78625110633122,High
33.66114704534336,8.506160578411379,46.65253863444587,5.9357525441429795,29.594686695477193,54.2195563013275,Low
27.056035413643414,10.42855046719142,19.327929242068606,16.883363483798938,9.391809464994207,59.61659180761416,Moderate
29.44736790283926,11.412136331713373,23.158391711776936,17.45645797384525,6.432071555199372,57.909584305179614,Moderate
24.822764594865788,10.487987699243703,17.343886202172865,17.38204303607289,7.802899509803906,38.272000220389295,Moderate
51.205720315428515,8.795818549515293,42.063311488443034,3.0708774336024867,26.665425640716958,54.829449216202214,Low
9.83421394562357,22.83675394587312,9.462869561384522,28.74780034249771,7.867704008482247,24.5952063952787,High
6.746221131988263,16.3548249433293,11.273661377591079,28.9519600761587,5.906840780741907,27.50653137524866,High
23.60884912494307,13.422012010323193,22.764652644764862,11.572634472473373,7.866641585663174,62.43865280888171,Moderate
20.06592405338939,11.477351714437567,21.904297570595926,17.602105221924912,5.6286238426335,56.88913856433695,Moderate
23.87479893517297,12.95083368906354,24.64662680718336,10.45091971911378,10.14038849212543,43.03751974304082,Moderate
59.59918735503526,5.41704812410004,45.76556901079478,0.21036902460468632,14.13674221233217,52.59561833913908,Low
25.728660039668526,12.087464261757997,15.40873977485633,12.566878187025807,9.339739231529036,61.78426667008737,Moderate
21.117278273560625,10.490077159383928,18.356279568593973,12.750067662217715,12.263249981339685,59.10899904991807,Moderate
58.086367387310695,9.971823539029504,25.262830613541336,4.303164280423909,19.901118913091697,46.97670936874269,Low
28.988790405793246,13.53932601501386,21.085381209133157,12.868544338938106,8.428640579458623,64.06742372572553,Moderate
51.27181558352749,2.2011132590475313,35.82099802642931,0.40585712134695084,24.960694786831773,45.231068527874804,Low
38.42317087322567,8.923024981396523,26.422034944441165,6.442130159896179,24.05476598579174,52.73090141617112,Low
13.67466095806522,20.473278320977528,10.557194323777292,31.62680093812176,9.726517877634407,75.78060789180638,High
29.600325375819963,12.550491668374036,22.449112548270225,18.999501467236602,11.551043649581892,43.00324859406489,Moderate
5.7963202602944826,24.836533374820885,10.694851970612174,28.355563409662086,3.242304499799089,69.52173538409465,High
29.19525279519145,12.260382853395603,19.215105315191717,10.977464831396023,13.241937966665201,57.60835162803976,Moderate
29.844609579738652,14.517695926802261,19.70859017060439,13.037614660177791,9.443931270291305,60.12103855463799,Moderate
28.52523006821764,11.773313758824795,15.703307826844396,11.106105613050298,12.562339421860171,38.87845099685847,Moderate
24.693820505825954,11.149343171866846,20.650273423568052,11.82413890151966,8.791319509515407,36.0972380124712,Moderate
25.387001860913855,10.706786874441894,21.076463832614717,15.212315045866191,12.25695986465907,64.56888442632966,Moderate
19.57548616755097,15.088587091481385,10.844292820984014,30.092076813095535,9.571517869945387,20.79232164326685,High
25.58471921672688,12.40406394648383,22.104642835964526,17.997627009912083,12.274714824665264,35.11432676672204,Moderate
21.25010820089844,11.413909028015146,20.995956622601575,10.19756329185807,11.449704850606913,42.28822180092745,Moderate
21.61395917744793,10.200302816302914,21.43535478285731,11.167663598203351,13.829757349198093,57.216638430873886,Moderate
8.792027996706846,23.770047077407988,5.224452509756063,33.9828600088042,4.642743247462284,75.90163514377812,High
33.92620982155049,5.5733716957300805,49.17421286545788,9.758708627835366,15.319481293082243,53.17532415958121,Low
16.903607483714673,24.09020486599136,11.69107132807409,26.763448559220343,2.6551035926834166,79.38901604202404,High
5.8973467552634045,23.411494584590628,8.254700432398419,32.220431966204,8.366470782740969,65.53266391355841,High
44.966644603540686,7.9155820259137,33.57566781475061,6.060138319360813,11.595782472680007,52.61349656202893,Low
9.106138566312428,15.554706951393962,6.8929103498580115,23.26373274250956,6.573893660575743,26.850821181115027,High
36.3613451972468,6.2399848552898245,42.7587875178083,4.495989060077373,26.53455296792564,50.64812781086182,Low
8.821008423890982,24.81256829194204,6.008792622789047,24.6345906281402,6.737796214170822,22.989986895713205,High
29.82360375323375,11.494680284182419,22.709156460354233,15.51466684712365,13.956307388843864,60.29899175805008,Moderate
8.020889609457099,21.678005407173057,10.436201071947696,30.061779223971257,8.072627304576141,30.05529046702646,High
10.41133255958223,18.875766157540557,14.07893628487426,34.09634487987695,8.648781996156522,21.126069388680754,High
10.081821631328761,22.68605326794515,9.958196488872842,27.304582900660044,4.517598066418443,33.01657612757117,High
26.51229519665661,14.325954065749723,18.854838000504245,12.147143695198123,7.8046747093622635,56.43197503880242,Moderate
50.868544394904205,9.467562446922408,27.73705915172485,6.478370386082265,15.556657991293086,53.230283087957645,Low
55.98191668501225,5.104324890042323,40.64204780653382,7.990821457719544,23.760610379039626,49.424913136680374,Low
11.656170130285334,20.812179794418505,8.827204407654046,24.8625499294727,3.504079595408437,74.96904147114199,High
40.18350577628418,3.6957419942677316,47.18561338425901,7.892906546771047,13.294680177754481,52.084782531368354,Low
46.5614154255594,2.242934832850451,29.155734051291468,2.9186717703639973,11.676083181901216,53.59046329706656,Low
28.319133125709605,12.97843867484031,17.288115763565386,18.064074542922427,13.90188927441895,37.78492003357387,Moderate
26.451056765863918,13.340305634143592,21.04318134915283,15.343798153432594,12.665891118609018,38.666671778746334,Moderate
19.8831953560425,20.3154411102152,10.667328999445129,26.920842507036554,2.926383412131874,24.515349138804254,High
20.025535882680636,14.78528148240155,18.5318923817134,15.456960755331153,14.33273500457737,37.139617308407956,Moderate
24.62335879663447,14.243439634414663,19.682559088206435,15.342817452283175,6.851271505732179,42.79104187338647,Moderate
53.91886097338661,5.465771420322949,33.43326522114414,4.2983125751300255,28.954656080126107,47.139337828010476,Low
6.380415442500702,22.793537025264985,14.82541798163664,21.687020583563218,2.4020669882161227,79.36234701434141,High
54.89225411121605,7.144241640712422,34.081383791895256,0.46964422407667294,28.58521950395784,48.200109892470635,Low
40.004975150734325,6.343636888716872,34.42634827504247,9.752445352839587,12.543649072650219,54.546375133600556,Low
8.70070550335982,19.733212905493392,9.957326077220559,31.377891042133136,9.13407522370354,66.86605043682846,High
32.70869310163225,4.712871673981645,40.17838202208942,2.546637658899619,17.526236339099952,54.15476881218331,Low
7.302172506046851,23.981885134505315,8.155827860758025,23.228965666075702,8.79823655542104,22.251805937199823,High
27.56732313125627,10.257577966255576,22.178184120981772,11.11191377623269,9.144006477363297,63.711703319609725,Moderate
27.422218355242105,10.523099252746645,20.726341090497712,13.914989986135561,5.7165209798358605,60.15736188374045,Moderate
9.546130502504264,15.951428287575116,11.57031765505942,29.780486655110607,9.536110675763481,67.21755341792031,High
56.84449968181583,6.56729484721608,40.37674385036745,5.265949425897894,16.99723388444957,50.08876251409335,Low
19.573971687830745,16.326835968433,14.496576857097386,22.397798552551265,3.0150517510687154,34.790554849835715,High
13.459481879847976,24.741549690325563,14.212693956941365,31.558006975120097,7.784678444929811,30.988660688869835,High
8.092783654556166,16.87213468019437,11.224835457923941,33.299163718978775,3.855726069125537,28.40549016494124,High
24.75397371863883,13.393009615238336,22.92236167244269,16.72800278184479,14.562370020973864,42.49115579025871,Moderate
28.01453027824047,10.280684902049078,17.975177350313945,17.06076315836315,10.362475183536688,36.40323519767826,Moderate
48.35162238703057,0.01565105191472904,49.56303180640097,4.08699562270934,28.061950140986195,47.32730241870053,Low
25.926639501334947,11.284095829028262,15.431675142812232,15.159886999708572,13.413466637474485,37.78707345620709,Moderate
17.316899448363085,23.170536886312913,6.192125681055111,28.37617364696321,7.6200983391815456,67.92592582554195,High
15.144450121867257,24.472755353525585,14.370888204029905,26.68587477187789,9.357376673731686,69.42176313767888,High
34.22571061139399,1.1850262359815156,41.13835891026306,5.115256408094931,24.408321381846857,48.63392479432127,Low
23.53971747978864,13.513721860598608,22.87456542908074,14.704463138736312,12.900090160284456,55.52673331829697,Moderate
23.927998571004828,13.651864966221067,21.77565225774876,10.371085115382966,7.90249043962628,41.5502469640509,Moderate
5.342184378120547,18.555498928040365,7.708088031748157,30.535476532007873,9.274261449309082,25.594493191188153,High
47.93699936433255,8.49975371480662,44.48791753560158,8.482031285528954,26.027430709272735,50.24934084243468,Low
6.024627812733396,22.41595046790982,8.499776834223788,28.12151441046132,7.954134197091229,67.07229371779069,High
26.94246962329578,11.21528720302354,21.834731397737457,13.457027048507264,12.38337535807765,42.221555793166274,Moderate
30.156888406287383,3.79040485383035,38.57351111223319,2.2114761011069337,17.460141997571213,54.74872533431243,Low
33.60627166111826,5.726072328820225,32.34791901262334,1.382455656340571,15.824466371565522,48.8912300961503,Low
7.7606973148434335,18.70919543930702,6.360484915969128,32.15502301595851,9.280155413668844,27.978608008263677,High
27.778901423921752,10.343101444737055,20.22544831311307,15.16718753944995,10.399206021509771,39.428705061058906,Moderate
34.10656890206422,5.138544642067677,40.58025932670017,1.3650301208358218,25.63046259066134,45.58133791026829,Low
21.95483406363503,13.835765510716126,23.995451880859054,14.095566413956515,11.318984712883648,41.255895834697526,Moderate
21.86521829766877,14.713230732398321,23.310462473761966,12.631512367342118,13.072674566054088,42.14687449434954,Moderate
18.719441563511815,15.697826513604058,6.079115373746181,29.20417663186182,6.125614746445284,29.115263606769044,High
21.232537081380592,11.645488794870511,23.815458375404567,11.363241968339432,13.629206245682344,58.26185061277909,Moderate
40.262452461477224,5.006035711547075,42.6592999202499,8.812975456140917,17.971184482882553,49.824514703811175,Low
17.246319303365297,24.106425439575915,9.806791685855005,26.49999990981712,4.218889976192797,24.866191519462447,High
26.065255057964908,12.158908679255154,21.922160618444774,10.032817892357182,9.196480107224069,60.09892575730872,Moderate
31.078268213902263,2.7681430779130576,39.880743317985036,5.688127364338729,26.94593491070988,46.08123352477096,Low
16.501867870850766,24.723177239412415,6.805238282277953,31.106310283128806,7.169601078083466,68.50892588980838,High
9.900272326849237,23.119644627737703,12.521308558615672,21.13588631395634,4.8568313209467835,23.742500093559173,High
16.583451898646764,19.0285668652839,10.067544585967756,32.13938771534821,7.5287894809086735,72.93165013645971,High
24.749283530283847,12.00726910151886,20.752629890508373,10.49692083502775,10.497423168939102,38.45396662063596,Moderate
23.165944534097797,14.123409420833585,24.48708715717112,18.149579674929026,13.212664694241443,42.59997158330968,Moderate
20.892810762791495,13.081467780926483,21.413803109801698,19.940125360932186,8.039081363818216,36.30189349200803,Moderate
26.834966170980852,14.416341736064425,17.645174099668495,12.019337246408881,7.286272586489729,41.61917730157926,Moderate
31.994888021003327,7.803761235709804,30.10605265921072,8.27581217480702,14.401325095693835,50.09003445482618,Low
49.95110023638766,6.972093819096368,26.281586479399955,4.737732925144229,26.481889809687484,52.715464573123775,Low
13.0720283884915,23.651346060109876,14.534235433266025,34.96291749084799,3.059156672498485,78.23691721771627,High
24.47368477991872,10.889016190550405,19.89466656752654,12.805581171728395,12.07017433794491,40.5297558601744,Moderate
54.57306953022599,8.626404711491789,44.24366557142718,0.31068130244456316,21.753889390626245,51.78393146405907,Low
22.572136787516285,11.278218357794813,24.088182628016867,15.670249127226105,7.459291043860593,44.73260743363899,Moderate
46.43878466921079,8.309491710550684,32.759272227703,1.9644131522278585,21.51040433932248,50.09245250502875,Low
16.846299032476715,20.481002343273197,8.139246536746088,33.94834352348842,5.960461379587221,20.50626588166187,High
18.051999250681686,20.132057067020416,14.631878205350558,24.25928606701357,7.503414471827304,20.558842849115518,High
50.76484025082396,3.7250893155346585,28.258010829308397,9.030506531025154,12.765510553556172,50.69432683094855,Low
44.20415312341697,0.7100766453325547,26.20906777621952,6.452376445533316,21.089782286423414,50.65644882384789,Low
22.85838144663929,14.630213839630237,19.578575237381255,15.405796107136721,14.462855535131677,36.72922497627261,Moderate
5.810033463247345,22.217907299696908,7.048459742409715,27.97734238472044,3.568156226267985,76.83077423783418,High
53.084787995758106,4.928645844474467,38.60643342538127,5.434844285830145,14.459000171155072,52.98687370930362,Low
28.7120103629169,11.660535057688982,18.294256866626473,11.786419309184527,7.22760667658647,63.72636687691198,Moderate
51.571377155527365,7.270567616153901,49.18177975925744,8.425545014651814,21.8382880883814,46.49508639520696,Low
16.386714026965734,18.46628235435857,8.45877486528188,34.79005494963616,6.462824161515557,20.202792801558186,High
25.358278394494423,11.225630022272536,17.507319775120248,15.622381928384272,9.533115364272902,61.253976298804126,Moderate
24.69554713993533,12.303502190685787,16.167059212024675,19.182405022855537,7.580192627247665,36.38027608937897,Moderate
16.543662850118665,20.17328986863732,7.322929910042934,26.265127179179018,2.098587411333537,32.654681234806425,High
9.281957043399515,15.574648780060834,12.351494609308837,26.480461869682777,5.21528523520499,28.49280069219008,High
12.864309002540406,21.925933110655876,8.322751331273594,32.62836142373456,4.854189712068112,30.905470713019145,High
25.271098253536344,11.354195824189775,21.721338800641128,19.25845948733657,8.831500030112677,64.01189121954602,Moderate
10.490949373730789,17.97335211842098,7.877575628114302,20.018663790552274,2.1053857497375663,73.52577462787909,High
52.96538696973329,0.8352491468001877,25.332030086464503,6.547757512842603,19.00766426078016,46.00440417861966,Low
18.900165507432725,20.347390948892144,9.480430602983699,20.02133727113193,9.066804159349644,26.687485865093503,High
18.452182150255005,15.195140943377606,12.873394014624484,34.666603460069595,2.8348134026561116,31.51334624725269,High
7.588923973889411,21.59841310069705,11.981720445281013,30.614456275510232,3.9365332854761874,34.98355051909178,High
17.221528028208553,24.048701885969027,13.8844721347745,26.033786675325473,8.9405036392425,65.35066582538106,High
18.647905200809607,20.103965552062345,8.661630126162905,26.041447277203243,7.48022239901506,24.400857142124423,High
25.910239881953217,13.881553264893228,23.118303774964687,14.194169288968924,10.528304323866363,38.43822491258752,Moderate
5.939869794569164,16.73871321421121,9.974961887305119,21.602896032360583,7.009036856555859,32.19825210343476,High
6.346661873166175,15.874194942185486,9.717158605728748,30.426375788958374,6.383511234399354,65.50227280306616,High
7.658874301424023,23.69813018398962,8.961659184292717,23.960375883493953,7.617005794240269,69.1291689140322,High
54.10442791154546,5.821987465941138,38.94684189150183,6.2850390008356785,19.83028451663653,46.94152696618549,Low
16.388194706648754,22.013860487411335,6.243162690589869,28.906289602702437,5.80929087887071,27.032307866723478,High
14.714637466801381,24.630046771305892,7.411371867483407,33.10656181659859,4.701270460614527,66.06398708078872,High
55.48942172032234,7.404761319535192,35.66249368104653,6.6931541636350165,12.725011301839558,48.30632954859542,Low
17.283534147711947,21.503027023273145,5.421280196272976,31.645748878044998,5.204085890221595,24.781940894288496,High
17.71911618727144,16.641712850441888,6.617578730279396,32.223582455074585,9.802885184626216,34.318145521580206,High
28.20688002094252,11.233527036375143,21.658456035860638,17.251346265816814,13.775816279385952,41.39616732432062,Moderate
32.52419894985147,1.1072059332631567,29.90614291765414,4.025263554901421,18.148105432226977,46.72099852649862,Low
36.853642239938964,1.698810060507353,27.174175506398328,9.421854544896386,18.824022044258648,53.86564112631152,Low
29.781531220840392,10.557549521847843,17.931659807309153,11.630500200087061,9.454857922537906,37.0525752973627,Moderate
27.007370993343024,10.157988649087917,24.869229565036,17.128396881493003,7.174460124141072,41.54905302117831,Moderate
7.604994885337601,16.952799683476922,5.822288527776696,25.129617141979534,5.450887900191281,34.80943136397924,High
14.128317212535126,19.970209760868627,6.894290245954572,21.581765976719,2.307464211356125,68.787211405859,High
57.56779600918664,6.617777324716386,35.169343714300126,4.956539208832471,27.260575585005697,50.63470473812852,Low
7.540454323904973,21.030176605383346,13.125587638361637,27.82966809528363,8.475810809525917,71.93000016105928,High
22.716367974120967,11.095396678337647,19.380151762580812,13.636681134371731,6.640105279774861,60.091136924888794,Moderate
28.36396007283996,10.818451419519016,21.53084221993099,13.602743001238672,14.098113563556609,61.61440838450775,Moderate
53.112222534233794,8.379083748518037,34.430044561440965,1.83579627355146,11.521694535310145,54.15472987573515,Low
52.65811261490424,1.544922040049258,31.855322228103674,6.891433569803377,23.44525879865132,46.0016932623733,Low
27.09110362957773,14.628317881604456,21.75400221419557,14.695022322743341,10.450483963511392,58.708041975448474,Moderate
23.889584856279374,13.331306513306854,17.996654953049617,13.132807293890615,7.289374214587568,35.93260120180832,Moderate
26.584255441971152,10.879716386624933,24.202454457228058,10.980693699063544,14.023692429824397,40.27514519888545,Moderate
45.36665762438024,5.948473795019096,49.13621586501553,4.288874313502106,10.299223965126014,54.91997009014851,Low
28.857207804211107,12.30921146162654,15.567135966331108,11.145087859122583,10.447885229991893,62.54931733072238,Moderate
23.688008849022975,11.692986771271764,21.49254725463009,19.61791503811218,12.711362712004718,56.89763558146011,Moderate
25.77669170233169,10.988420428471192,19.763644943891713,16.250945585613863,12.105991913417515,57.25986765661492,Moderate
23.75041294494902,13.856286099589376,23.359371878585634,15.795374280317947,13.290809901100376,41.00123939939496,Moderate
14.816471092202182,22.707979386073667,12.49995460390887,29.0494398301757,3.0158724724704724,21.66488276607646,High
22.903609128081953,13.656258287183512,21.66513678513108,11.035285296301641,8.593012012651382,41.31991344131469,Moderate
32.66107601271167,3.1758679526111666,34.25580464211442,8.071070203195127,13.093696963697223,54.11256151834288,Low
22.70953731580107,14.745560268638695,18.214141010200077,10.809194121756793,9.00734178794368,55.01418220133915,Moderate
13.280318430435383,19.43174327485351,9.742903555138193,25.872037882081756,7.144752192536467,75.45911335511815,High
54.54044297767479,6.346712732539414,41.99082955987859,5.097260752881797,12.538721153483527,49.93035121540205,Low
29.608628162819798,12.082672530603073,15.022529826129237,11.409933983659775,7.240566630459767,40.42096509198319,Moderate
28.893277820194402,14.891241759363085,23.131920399794737,14.364344414947471,14.790540072667927,35.75354896228892,Moderate
14.382053381289946,19.24629845775888,13.198255031236618,29.84986681333357,6.724089283498444,32.719151926570454,High
27.42985323370604,11.978357460684148,20.0688406614425,14.185509751667766,13.445392428593795,36.92343156475022,Moderate
22.905792289046623,13.655539803590834,16.915440770377995,19.449527518223377,10.321862928286622,59.89272225897608,Moderate
40.40859605688683,0.9539927731321063,29.189163482612663,2.135374778839514,16.58011459324466,54.24747475864362,Low
57.81002903772886,2.0754093620570346,26.22511612428184,0.23884191319142767,10.432539849235877,49.00657848437953,Low
51.8456626861081,5.464303160778473,38.766511480914104,8.425345083518017,10.227793361771056,47.99885740055805,Low
27.188190436735272,11.416685696376552,21.67292181728008,18.559144754320442,14.804868419470145,61.44716837814743,Moderate
5.076475839352971,16.63759122847043,12.729847545709518,26.59925032193259,2.159008497975898,26.090673987240322,High
26.08802092498496,14.359961869985668,22.38976595938536,18.153620034711796,10.514668787372697,44.44875641910544,Moderate
10.450461930205563,16.802416644216873,10.504385666923518,25.10692674272073,8.275750785968052,68.4430577022299,High
22.983909218698805,10.038353996448944,17.171319279384317,17.819341410280796,6.948459319674609,55.94830438844102,Moderate
43.747586714745495,2.9504070765415626,44.092306733758015,2.402450184643039,14.667925389162539,54.57663474808973,Low
24.167191149730492,14.961198318523042,18.58331294046118,19.918567952477083,11.957450895277493,62.587637507018776,Moderate
48.47550294156649,6.6857264672291405,33.82757222345974,0.7308509102615024,25.059723860783702,49.346076538672534,Low
56.09689086186385,5.650853124527563,44.23606448553892,4.7714637598904925,23.092423870309258,52.05619804180144,Low
18.865406183959507,22.78803301253263,7.3696717262493685,27.95642007837714,9.184031122444406,31.229842910527324,High
22.112547308105817,10.045016749617135,17.523055311005912,14.934589937219405,6.574156844257336,36.562613398113555,Moderate
18.207209350120706,15.09806993534164,8.703512767932946,34.06809475575408,9.381431069081428,24.51395784930179,High
17.289268237132067,18.787342581202893,13.447953083813704,27.77317131142187,5.980411399588396,73.62662058935896,High
24.76607181487484,10.809052478302567,20.30293153464674,13.114643326814125,12.622993204819156,35.91308877578161,Moderate
6.038280011140822,22.399066900217438,6.031268471432258,27.541661031694485,2.800995126806975,77.61376621102536,High
28.146544505940504,10.303249952667095,16.880252377707283,19.4037731083666,14.75142699386101,60.16050822341793,Moderate
54.353093642704124,4.591240232866809,44.90976806549273,1.5828625605909807,12.377051569524744,50.332006643690406,Low
48.343627063039435,2.595417831760903,32.44125693920701,3.169130138185443,24.33263873404063,46.30698253748313,Low
17.274309163547322,24.855513578643702,10.285706927464283,22.36326316774768,9.968773693619578,32.74524182899878,High
25.526685361929772,11.326473377923607,15.343316358718118,13.787371472604388,14.013751683784113,64.751019011002,Moderate
53.12901539863683,2.8713795808457556,33.299287618396136,2.049792328259108,20.646087276963325,53.27912062149064,Low
15.960502530364868,18.52045607725024,10.96802952280083,27.01519226704126,8.999031701794294,31.906711542091436,High
27.28933011718037,10.260556643049183,16.784720942141224,17.67288195641983,5.812286282213085,41.23257509673131,Moderate
27.70432195401234,11.713670136818786,18.668717064823884,19.14915041084409,12.75037426543194,57.34076203984115,Moderate
27.179144017227383,13.074586212080296,23.27343158338242,12.164708632896204,5.509335798557338,37.172574004938646,Moderate
11.633851497123365,22.364277647301922,12.238739634635536,22.103685172433153,5.959036377379074,76.31552812406969,High
15.799674102178134,21.010218214251367,13.521500836121598,33.746501608476265,9.432076404267521,67.78726185948192,High
24.502066161151195,10.50214778315444,22.12661436313703,10.382913861970204,12.311395586477195,59.05521155203536,Moderate
11.938719273520519,21.757334502639704,12.688308102477025,21.415303209377036,2.516588315525028,28.02329404935501,High
26.93075112970487,13.419115137267516,21.322787673435244,10.920553210974623,6.985089528386613,42.768313694482885,Moderate
25.055459379681643,12.084943016417524,16.36223274165965,16.22321545966681,13.162141545310133,42.46419232844105,Moderate
58.12164199491357,3.5489768348655404,36.067342549185895,9.731447114269086,10.100510067306239,46.30194459870367,Low
15.428175047710365,17.19922847748565,7.679232595075502,31.687719303979556,4.7962170407977105,27.781493433266757,High
43.8161849182242,5.506633794408515,25.215475064794507,2.313487132001505,21.21078704833542,48.56796255654935,Low
26.954531233884886,11.665915777480134,17.607086389937507,13.6874478431666,11.096427925841738,39.04312431219759,Moderate
25.406168843745995,10.718382181773851,20.726153921451278,13.19372326016229,6.257105445124714,55.74119174385958,Moderate
27.506892184887217,12.84673472246526,20.942460053504046,14.696728529767723,14.279115900964156,64.75543193723954,Moderate
48.0155058130096,8.275063198732212,34.8763334464199,7.52727137825976,15.490891694808893,46.71522693787187,Low
27.493351797943753,13.795277048552988,15.203771470802316,15.86048808412427,10.667423484526736,44.56563928561169,Moderate
56.662442396069316,2.7080632803697258,32.950990292362995,9.074631763464255,27.782610714097167,52.46082156572893,Low
27.512440301848713,13.048557446209337,15.465674115141093,14.679864672923983,6.188611659091437,62.342183395288686,Moderate
27.06231704234458,13.68908863793473,21.728679604557495,19.24407120716988,8.889716413082533,64.4765165308109,Moderate
52.5712358831304,3.879867599468695,29.427056384932246,5.0511555574400635,12.997255977731033,50.59301872076827,Low
56.836566806822745,8.16779466505636,39.9357310643355,2.1027617790186137,22.30429793193828,48.24824109748555,Low
50.566958616869144,3.3720657556575206,46.57399058282546,3.2066275473643224,25.416290433286424,48.28509054337863,Low
46.61562853203962,7.90509794274885,33.94528123338983,1.1706441298186265,23.00184902279863,45.500188209021864,Low
25.42797379456452,13.750831581882288,23.732116596934297,17.125650778783754,13.176363358335038,55.9284508653062,Moderate
30.663706545869918,1.9386306793689267,41.0694353369982,5.183996266330651,21.985871326209576,51.06457775543546,Low
21.63467938106277,12.892992453390487,16.499166281434498,13.74941146352647,11.708349004962706,36.75174863704181,Moderate
11.656396315292008,16.032223255322673,5.117998964412646,34.50982442784034,7.9311834892934225,34.8931679807413,High
30.725752916740657,9.738004133571495,44.78276785781667,9.826524114935692,11.332559968207494,45.94986644977312,Low
22.143398793429757,14.00254822897844,19.711120202722412,13.205099551596136,14.79483368289948,57.803941785903504,Moderate
9.240616761267537,24.506713580628517,9.206280869315734,30.1710156120274,4.5435383935756715,75.07409286652208,High
29.387959097528576,11.910542351526635,23.550607297172206,17.700856496204832,5.459065151573857,63.42719123539469,Moderate
28.21710228625534,11.177471978622592,20.75388958054606,10.049403050049573,10.899952913620822,58.15238628401021,Moderate
11.78445025863082,19.168249434541014,14.03826082760931,24.63144941772269,5.218690750193719,27.000092285779676,High
32.06874049069263,3.945723153189238,44.1287212465316,4.553287498086021,28.934158300677765,48.0732518098775,Low
18.504456785426513,17.446406408830054,7.724870727890432,27.383721515560442,5.429914202801413,65.53593653122172,High
17.46940549620004,20.818498849341502,7.214217867702533,31.25998645322349,5.650035623972949,68.29586167744334,High
29.204410364836185,14.751255967667788,22.814345147246147,17.015034576874903,14.126289980682865,35.51720882554653,Moderate
57.6254354344706,8.705269662693842,36.42220179343167,1.6290265447739405,13.98761638021254,48.61099640626467,Low
26.152274989656707,12.974651187004127,20.37831711172414,15.779571954552445,7.469849177110318,41.593990799053714,Moderate
24.66922177563715,14.568040119405723,24.785963339129832,14.490447262464816,7.634418405452039,64.39224136171207,Moderate
38.16435411689888,5.527070757185452,33.54102781726505,2.399489037236313,16.80769675355098,53.49219144694105,Low
23.803789370384735,14.290891931553146,23.967600477056255,10.980312795135255,6.476772378385757,44.10411089578116,Moderate
6.232599719313372,24.241358782643573,5.8581747758649,33.77122592767954,8.75942466826394,65.60658864474397,High
26.272929675748397,11.52042414255874,20.839433939937642,19.28772425583881,14.138230287952627,35.12592612667495,Moderate
22.126781280096996,14.236711628841846,23.56260168766608,11.133807096070022,11.024445664274584,61.682370169773435,Moderate
9.002095413907714,21.182208248298526,8.625371690019659,27.203695595981973,5.954795477784083,74.20270980643971,High
32.44889946091769,8.044946424318223,28.570357611821684,4.427359277064583,22.97068318066685,48.561785343284214,Low
46.350807566908145,2.5533637376324414,35.567165491435645,6.272584006359782,26.12033009206138,54.38462053124669,Low
26.121095775008584,14.516984002516907,16.189756594327186,14.089971854095129,8.745671375430405,38.291367055560805,Moderate
24.94027492866869,11.138572692578713,20.83092743464036,11.110571327000173,5.687262798766287,39.0402995032846,Moderate
29.199665228636427,14.760507678552111,16.60253593935771,15.851041858231733,10.424123928293625,61.697230078311506,Moderate
52.12746904766674,2.674020278575413,25.917823587076665,6.009571949974973,19.286634895903056,45.910844148800514,Low
8.757353284833433,17.323806485383013,6.564931140989401,22.685933718952057,5.441318485038971,77.59388482935739,High
7.637173313452361,19.98342029029642,13.236700841540623,33.09560884726535,9.315701217511574,75.11386565191108,High
25.712569016303778,11.36414192457149,23.63849182970555,15.747762456722707,12.204683171096702,35.55965557262007,Moderate
32.22133955202271,4.512393441809881,31.89806735951367,5.441086239394686,21.70389570785708,49.42154113786583,Low
23.13324566300825,12.757662446652969,15.237052428997487,19.686907774306448,8.336785210122823,60.57474548975654,Moderate
8.763728239133767,15.74552439848543,5.8519693380961515,21.84409756448595,8.166016034490895,67.1974781602933,High
43.569548535549,2.1766739958053605,37.72397601055119,0.6640535346049736,21.105266452158805,54.448354530207375,Low
15.2791723180459,21.42753899463598,12.156581871856167,34.1829298846974,8.806245721143421,25.831662801260382,High
49.31998629717047,8.925582274864745,29.917204932820574,6.200013334774084,23.430236145620746,50.852203293909554,Low
20.96664767165671,10.713403907405938,20.761717865405767,12.113159589668449,13.788721883566152,60.6052218489509,Moderate
18.970540820227342,17.680337126513017,11.510881773783387,33.29544430106302,3.1870867208077085,20.935002472376613,High
28.720534313794936,13.767477807402793,17.769642808422073,14.828914559942767,8.470458292478845,43.00692800916731,Moderate
24.49005579247043,12.71457005172175,20.892560729026748,18.66706530189473,9.529795309181482,42.6339067844136,Moderate
24.259730322199133,11.091065385707022,15.806575543395367,19.619105848602608,14.501037555515385,39.27450533242485,Moderate
7.5018237758120225,18.546382593019885,13.623705047453804,25.87101941859198,6.651153054438717,23.08188064445551,High
29.722935841223332,14.298634666989265,17.165026756805293,12.716898706668907,14.56477821305615,60.86754796691388,Moderate
22.84162805704874,12.598892431689885,21.643934148090167,18.672111025153647,11.825367753692703,41.54306321534056,Moderate
39.56926890881284,2.753811742554185,37.08235712415813,0.39417585120362975,17.762661620044987,49.935003640726165,Low
39.80794849014237,5.730422006190157,30.511762024984247,3.9477531677168285,13.370292869183684,49.29882758124848,Low
11.802083562973174,15.20493615388881,8.390449590252036,25.389765142753543,7.887518820643176,27.669032287022517,High
18.90452298141207,17.323534150872977,5.014023678277223,29.860126267681256,5.991674179878845,74.71402702878419,High
15.263358962095596,24.033211492135617,10.486681399943322,31.544734685236854,9.084141758912182,65.83457577134276,High
13.589718154875344,23.686768391067304,11.854869885928732,21.079477247374893,4.690206096598796,26.3973731023934,High
32.0827152823828,2.1870980032358323,25.994928183391313,3.201811674284386,23.073973858101585,48.77545422995557,Low
37.96800127766118,2.4837626036980023,43.944414009378946,6.925728000775818,28.755291186364484,52.53803483768545,Low
23.043102764799233,13.606104584515322,17.368179145212224,10.090318069406504,12.49745865445313,62.80717995706522,Moderate
28.515308052874936,14.358544554486503,15.705228013987961,12.41137017710004,7.899954031733017,35.74172630284922,Moderate
5.66920820155857,16.306242918097354,8.282883127650024,23.42008516036719,5.504080489910327,76.48989515399413,High
27.93309773215821,12.40789040968449,16.908005996302897,15.252719714144657,9.482884916996454,38.70003540575031,Moderate
52.54125258087137,4.925353807142892,26.8053296333797,1.16804107733952,12.492284154150424,54.77632336550472,Low
7.540859132490329,22.00075019869591,7.863960795959024,29.72841863559274,2.733331325482512,78.37059546780826,High
19.941471415449136,21.35900786678193,6.090305145904539,27.056561220231963,9.703493959037498,24.052334588469023,High
25.622815641253922,12.901611229571015,21.856783801661784,18.079778491141397,12.35247905968639,58.72337818385381,Moderate
56.04817516225141,6.323913243283874,27.283143358338926,6.938633423283945,26.868555914180984,48.830656760857785,Low
46.476799941183614,9.07611002556555,39.51613064774085,6.181029655616968,12.61862504253555,50.52841795984768,Low
51.919515307177384,1.7512314013035324,29.81232876589568,4.380336566976468,13.809139940600918,46.39642330209583,Low
27.208252280828006,11.586947868166362,20.8158773296069,16.81529731124555,8.963642027457285,39.13416575173909,Moderate
23.770363581842528,11.797882006246247,21.820827030859462,18.86464348183862,14.217042255545136,64.85009747829446,Moderate
22.735842678143708,11.24810168921788,19.570153692724816,11.5257445867361,13.792406675165104,64.31902684420604,Moderate
54.177762003528635,1.1159299995724747,32.854051595924304,5.278121082956208,13.19826490048255,54.05489477491326,Low
48.45021680097509,7.738796557301564,27.87865445988003,1.2048182243846794,11.711991056455366,51.815260298866505,Low
6.951015297569751,18.234687189422,8.612025777824961,23.839157921797796,4.937712461818474,30.222124695043817,High
26.958232310238184,13.370840202783274,24.269101886533836,11.667131116169275,14.258401082981042,56.71512997648022,Moderate
6.9344900961465115,24.78151733050212,11.614015982119769,20.894480872073142,2.5576913932330037,31.670954375888503,High
30.79596611621459,7.655467505158608,37.096505471607784,1.9957161589593875,28.251684358496462,50.887594635650096,Low
22.91903590656315,12.464922789091977,19.499382927530558,16.01466761691686,13.465102703846068,56.40811862093,Moderate
26.639960174596077,13.535801469904301,17.765703154283,18.61769710170394,8.182851531164683,43.49070874903492,Moderate
17.325797176800027,21.059825169036444,11.101090342930682,27.06264970035089,6.4496290215288035,69.95514191259922,High
47.79133002560353,3.45806098410425,41.660182617372975,1.212648933591367,14.24055701004458,54.977843878200645,Low
53.961425749637236,8.409087104029071,34.038504694073914,5.606944813756801,25.422720963416445,46.64741038363272,Low
55.88391232629685,9.894511309650564,41.157748341434534,7.463138125690768,11.02668742647355,47.86659248447253,Low
6.926453024907387,21.930899381630415,8.117650313013911,32.08376865279502,3.7914495683217053,72.75028086432398,High
12.161982059406872,23.56208334457567,12.085980846813278,21.771256615529907,5.3915951915398415,69.52896112170859,High
19.34519399885135,20.178689940858078,13.025988692736613,32.8208754412608,2.8937941227405712,26.598302582968095,High
12.950878210137995,18.19140748792193,14.378096972393504,30.972037422714955,4.242396269111975,28.5732316227388,High
6.507392663664729,19.380504183748677,7.1185130089972715,30.064689419668262,3.002275668623936,74.27459976465458,High
7.502698183904868,22.396592944666764,10.407674382362591,20.701252779817835,2.264670750236337,66.83223811835902,High
37.95607103045177,0.1240403627731479,39.57825547748959,1.0580502485651422,16.99790927294797,45.18456419043023,Low
52.23361947870177,4.579957590035715,35.4673785831921,4.2766908582416905,17.77062296012084,53.87818114964999,Low
8.606597535117489,19.905816216008606,12.295772315686643,25.611430504402463,6.973539641545797,28.473480289111052,High
40.43427623706579,9.207666084633573,28.152883059385264,1.3257407748448236,13.967450796954026,54.4197443214359,Low
20.131166757734846,13.3812340603092,18.937054229290045,13.701226204775434,14.530823122223833,57.14992223588391,Moderate
32.56049004235932,7.875490858587792,48.694492449230744,4.1628492854435475,28.66226442337306,50.874151637926666,Low
14.674959118745685,19.96096852235854,11.079898578336358,34.41719036199335,3.1105180540014796,71.3858929223188,High
8.626393218575503,22.853682691120458,13.743592849319326,34.885280866287786,8.213207639551555,76.12408643309448,High
22.812229344215172,13.25084590793835,16.353094026876377,16.688175939601656,9.31084925741899,58.9275018353871,Moderate
20.229100598911593,13.289236194606794,19.390022174900057,10.146240430100175,8.09644209707165,60.811223999290554,Moderate
35.597101766581076,6.15298025069802,35.164763433986806,9.891253191087333,14.843668911875355,51.12592808275876,Low
56.71581842219685,3.6005046590097836,43.549443237849644,4.105986972382666,18.98296405464425,45.74159105774031,Low
47.959754525911094,2.495461998495061,28.84749761734434,6.131162390692415,28.451448098116,51.07266670101488,Low
15.064897205428927,17.592543020455693,13.949422301216396,25.978935060020305,5.873064099309928,70.32127465973502,High
56.057973845683804,0.3945953289089932,28.968419084357738,0.7055006370989458,20.403614731335193,48.60532917851648,Low
34.67983561008608,7.593982624179637,31.704359193622835,9.623380574812067,17.274510422713686,53.65700992324004,Low
34.203395272993575,3.0293090564042924,33.47058706057018,4.119465486122636,21.417060510886255,47.749083374822405,Low
25.68347250798247,11.186471384975755,24.786671869732324,16.05611307486644,12.43697430028513,56.97584585828318,Moderate
10.20668385662476,23.433012733502103,11.729630942099472,24.116446354727465,5.855397999582087,26.609633994644305,High
42.533003465020016,6.236487782902661,33.19709985045646,7.785158800616635,17.854702284484553,53.13105047110844,Low
25.12194476759606,11.837659739640586,16.914452917092717,17.692423791754564,13.595453887842787,61.877730355454815,Moderate
57.44593170661346,5.828068350834896,43.90634478556086,5.4412600196310095,10.488537658812664,49.75526521626193,Low
9.903082244394328,24.478728728646665,6.425455191448388,23.09640258672776,5.314530894703194,65.37374419528896,High
54.77450251694288,4.439194545063778,40.41554945413188,7.298891177035978,28.179617838297283,47.52195161427918,Low
25.668191233856312,12.562193372440083,21.61475610684426,18.83520093674169,9.395581892158209,56.86698984877173,Moderate
20.508326642133486,13.001097703388783,19.02122591549645,17.260865035708708,14.3697608971048,43.84471313575528,Moderate
22.447591507601302,11.275556935832192,16.881391208063228,16.224281520696575,14.801402883633404,40.91668820593504,Moderate
21.969411732448915,10.432856976788123,24.577034132432964,11.349333429603144,6.97546880407057,43.531113891570364,Moderate
26.848530033282074,12.283033873834155,17.499410846185594,12.954229842766054,14.201796822386331,43.76847998251456,Moderate
24.430400085560116,12.34318020927805,24.7091978852688,11.165207472913764,9.465817770955045,44.21397588000197,Moderate
45.57179372724811,1.828377798688171,39.94205838808648,6.702539760443592,25.478722576473444,52.88686429231424,Low
12.789248968767971,15.184085613482845,6.839770546762698,29.068797120677125,6.2833284509290825,23.887222979888,High
22.70947474832276,12.571177414265264,24.64436733175002,12.888154062978678,6.161522000846714,58.95941095813974,Moderate
25.60488039478102,14.26152263154142,18.001820208932948,16.088532502222023,13.984943050815408,41.70185467411208,Moderate
11.189788076627774,23.463041760794482,12.254099365424485,21.094745879005263,8.747923844215618,77.69677550481572,High
46.42777128461209,7.087656552291542,48.17268905364661,3.0328102606544527,24.166480981559406,49.648709301543434,Low
29.48472819455396,11.356953418831601,24.568799455439706,13.403048195979816,14.531748511940243,57.34948562833393,Moderate
27.515530563490262,14.0577646533891,24.334418297599065,11.311172358668813,9.860737403659027,59.437948409797286,Moderate
5.152162296210559,22.85248677835388,10.976671527090359,28.62936192112121,9.080877672350674,28.838144157830655,High
26.988373557942197,12.831998473802342,18.50838231494454,16.93029668898369,8.905162605582657,57.43369713406376,Moderate
58.220377353460215,9.04243291407565,48.806501959058096,1.537493121029181,13.724898765995494,53.60604490349709,Low
20.712000984744982,12.829448780212163,20.347063592797085,12.724482191774154,13.101890952716113,38.4259877121812,Moderate
55.330712482188474,7.349258473948942,48.404414104162626,0.8771764171996432,12.937931377555586,46.11800371233937,Low
24.1143057638713,11.675967175860244,24.992227120238987,17.145010925678502,14.29350524487742,57.38728811911145,Moderate
16.398444932313666,23.813620442339,8.855924967768576,20.893801909686868,7.9627254482936705,24.777908067349614,High
28.3028460636248,10.039042000901908,16.794072409021055,13.41289583359967,7.957107702238489,61.344399411683526,Moderate
15.727032116873017,22.914918608357382,9.055265534210626,34.80647937769021,8.941424103493357,76.24613105351317,High
15.953350048783491,22.527094129707596,8.662375585911784,20.065052357223543,5.525734411156222,75.87287068654055,High
32.19587771305331,8.829148165187222,31.866646744697636,5.694823881365918,13.583593492506452,52.86956810479042,Low
10.295464070014035,20.4063734661128,12.490439156123415,22.936398563501303,8.718275941560936,75.95530356771081,High
22.0284079408068,12.639095956122585,18.957031544399186,12.20099387675551,6.1008255919337415,64.30711222332543,Moderate
38.61114399524738,4.096710533759927,44.226528328993105,2.417645074796816,15.712531993671542,45.859737352792116,Low
11.803930050305407,22.139343233434744,8.192195104556927,34.14851544899964,6.4073384605322765,66.27077745320128,High
47.30711653879077,9.028949951919872,33.965539548839786,5.540992803958261,25.938950080312917,53.60511486587445,Low
34.227726749242876,2.013637821359744,28.148879909483956,4.864827657324229,19.622513836336914,51.81209257821549,Low
40.64988917495812,2.786430631150364,41.38774929615282,9.040349864545593,10.878092272612745,53.05636925274918,Low
23.949604276103486,13.836016919778421,21.60556044601212,13.45449133973149,14.570164331348334,56.81487124858699,Moderate
23.362965412697577,13.23618860493196,20.919725928760585,17.640016954807244,6.916492256319943,41.933950025983776,Moderate
17.530300588588204,20.483715636485034,14.33440029989805,28.27192685767573,2.936930059782746,30.376407961449168,High
42.81323365878769,6.67919998803627,41.9090266968181,7.867230147335408,10.004858688690256,53.211261044851796,Low
35.024477467772094,6.483180074520956,36.69301539927877,1.5852023402740945,27.514340731178788,49.580669390728914,Low
37.778902765973214,3.747219705073764,26.246503659979105,9.217266694516614,19.70689794268836,49.47542235466274,Low
13.692777423333872,17.349224018282083,14.584288292383093,23.81661901791094,6.629955672530993,25.30823466895707,High
10.24123320077895,18.381429871488177,6.474688375442154,20.728473384004303,3.514214635284813,70.96149424966609,High
23.432485948987434,11.556303310747817,22.28600479996639,18.615281302980385,7.416941976504303,58.390285497439095,Moderate
12.172464009841727,23.472911010293792,13.701152948210073,23.08718311664245,8.42715384541022,67.32442769785803,High
25.048020332073932,10.633509225173324,22.8007139850405,12.682878508888326,10.020903368160349,63.4344044366474,Moderate
9.598418214939299,23.207985840317804,10.772902236366448,33.49428788275376,3.1809083602479182,76.19796300228387,High
20.031243496473717,12.245488627412463,21.848234920670627,11.56048597731799,9.632610661002163,57.86547398553817,Moderate
18.05458944851668,21.996734103996722,12.309035351707276,23.122787387204312,6.724074404179687,74.61013687083984,High
23.486444783557175,14.852776432377492,24.849534329255505,14.423647991631922,10.03607853895028,62.99947048584882,Moderate
52.908173824792826,4.226291970136091,43.99559146070971,6.153478406285743,18.875671585646714,51.09222662769355,Low
33.831404509057045,4.872653541000508,25.665209151942104,5.145711162678005,25.647916172889182,48.5243102555274,Low
10.908684871270292,22.633325899747106,11.47829784257143,21.093851551512074,6.160777524122918,73.88793566680323,High
6.3597234357280366,18.853100498114927,7.397819286416239,32.65737503150522,9.812994900268995,32.57881637298577,High
17.15741467305635,15.83126707913599,10.138376267829123,26.797962231567148,7.186472026158987,27.121335105701156,High
12.096311557207766,18.028096031797475,14.397435288652753,25.68383684048441,6.864924622401268,32.2074203512057,High
58.24394426329576,5.771998867345508,30.669315632991143,4.554655720063617,20.34241776226661,45.02140919345475,Low
23.69360070611639,13.706321282572366,16.65561270308801,16.843412628247123,11.074390772822955,62.15850015526811,Moderate
23.922481813268888,13.657435659467286,20.18354790594183,12.080038104253012,14.07568562223639,43.1312027262142,Moderate
18.018849512455013,19.61772836085846,13.959244762391759,30.595033391774237,4.487735806265146,68.80945065285691,High
9.058365600746054,24.4598561303335,14.634499192650003,29.66941519915678,3.794561944228585,76.81095559510581,High
44.06079479384911,2.7875987241455302,35.7418340838787,9.985608065856287,10.45008654857373,52.642456208523804,Low
9.399313221388894,18.01603908174479,7.887293607523931,32.36244537000323,4.5835416074839745,20.981967272961693,High
57.6562270506935,6.690223373291083,25.40500993348668,4.929827104580891,17.95269971465506,49.77129767395683,Low
38.07729692848143,9.50772707731338,43.79562864891703,0.8540248429087383,22.13024450646438,52.50811381374439,Low
46.219053648303195,5.126677259564164,43.878340436129896,4.852667423426215,24.17353439931014,46.27949940919765,Low
24.184339600772947,11.888996631010219,19.638940204404268,19.128738429764635,12.767684085096446,42.19663925596711,Moderate
37.26135047587582,8.433261677878832,29.15462499024373,3.0145618641066796,15.805673546295207,47.81653009684464,Low
10.49137605117963,24.106991362402233,12.93689829418258,34.18857992561905,5.981557516734617,34.192356826834136,High
21.896476300195367,10.980703994304992,24.780673088462226,12.202661531837883,13.923610807796951,39.730945380993745,Moderate
5.186454684458698,23.280183059953266,11.77210360193131,33.16943448310312,3.040905679160658,77.4520664665816,High
7.954961843119079,22.251264983250966,8.657491781014555,24.11778072144441,7.8495173337456094,69.12977186578365,High
21.812116173712074,14.907518446516098,16.45063336092654,18.28398119498482,6.123372320440406,43.52236524975911,Moderate
12.981866980084618,16.617792304759675,8.257854666690967,23.074684853208034,4.491761241386563,32.811497406618244,High
26.162528268371013,14.753218924723043,19.727766456468498,18.04321941434121,10.38950510841319,64.27638299190147,Moderate
8.524603136786046,15.665377608963137,7.953690761103795,22.716123221031275,9.082123671061645,66.17369739419334,High
22.89378100871928,12.548009444123062,23.233837175040588,11.156627211838506,8.955387477377375,61.72225380547175,Moderate
27.173084123335084,14.284279606878169,22.791810064067562,15.516910461084356,14.196917338086818,39.248679270680114,Moderate
25.48633110686266,13.275544853573532,21.60750554913298,17.551855098195357,10.117381207029183,44.98306930381988,Moderate
37.23604372798624,6.910558127392617,44.51748260429072,4.253564962699836,25.369355913282675,47.15609063082191,Low
40.03533866225796,5.883522209831533,48.41233328275564,4.20335389195499,24.992515042980475,47.57740061311519,Low
17.346935168531452,19.851285119573397,14.11464418192727,30.820708238519963,7.12964148208465,33.78092384743297,High
24.464452722039066,12.009347578246246,24.751017354188573,15.868893174255046,7.712372313561358,36.8656385963466,Moderate
22.20700399655567,10.87538972590254,21.32341040732908,11.668073202595728,9.893310801824281,40.39230527336483,Moderate
55.263567694071256,3.587155254170135,39.92363058532931,1.8690729645011817,18.528121129839455,49.322712877881685,Low
24.324800004219274,12.07067571569791,16.288511665112154,12.257030704701098,13.493762753884575,36.65620059410171,Moderate
19.03455701918344,19.29863576062908,14.327752076503694,24.489696014162604,4.051243287580815,72.79221666334323,High
5.894065117076694,15.258315103193818,9.644731928321587,22.633938209368132,4.298299888232917,68.4772407457213,High
9.112611328092076,18.587949616387114,13.1206420078965,25.39873329019345,6.820011432262138,73.25398722119606,High
24.069359120313468,14.224450339131451,23.40059018276247,10.684970747626789,7.351430427062197,41.46805660349097,Moderate
5.374237942341159,15.412824667925172,12.909342112394349,26.33815409971988,2.409867309460213,69.19692313777104,High
30.785901255961942,3.976844144330547,45.63837103801039,8.951000290662442,12.717723002551883,52.517989445187084,Low
56.90296273879275,3.9513090761150327,46.98198890392517,8.07702369044057,12.718654947346412,47.15022569356184,Low
16.392063195593416,21.947886362310644,11.954279826176693,25.636108241521367,6.588130622214762,67.72200828317257,High
37.37873185153524,1.3660090365117261,27.635034434911557,3.320007021176792,24.140623386457687,45.03387847982639,Low
9.399863438929493,16.757856525649608,9.574805321487663,33.91296560965364,9.254862669478225,29.708095205572814,High
37.40036593564869,6.354143568619098,47.91890007796867,3.9408364851003186,26.07769417470507,47.97876331522794,Low
27.918742650625127,10.818185544579938,20.226880656466427,19.147317347788054,9.429976967544551,39.00699281243253,Moderate
56.70016025452699,2.54391580841847,29.06652037763713,8.26867847173362,16.711144033933145,49.09518480278714,Low
37.17540312647777,2.610485262348481,28.596699158583245,9.85524133255218,24.369203566463334,48.11405645044878,Low
20.134552577418138,13.36491153636824,15.041198173926698,11.585470867493491,8.779627202193065,42.88950896541233,Moderate
5.640780015015058,23.222971282932438,10.35128506638042,34.39044159901919,9.492289672298645,66.59374723821713,High
32.56525592563404,0.3757109039890738,47.77065661715788,4.217742419361259,28.867145974197634,48.12405897679632,Low
12.443366217836962,24.65068421430034,6.690899428196718,33.42315595288481,7.411123261031899,26.031954921510597,High
34.55024639198253,1.4730304427897034,37.08080189688588,2.8045506476005535,10.392210649485072,45.47865598906107,Low
58.74220440358141,5.140954425512597,36.17185488001097,1.3035167971479178,26.899007545452083,52.79962202388779,Low
18.904812996567514,20.97696897846187,5.001023725258468,27.494533802343163,2.1468245783880358,78.27913390523568,High
25.618546838793986,11.104566013983,21.902434300916937,15.653356830430738,8.268486185035444,61.7940855759513,Moderate
7.613746033661506,16.76106169757795,10.347444571072108,27.909406682893312,2.0587000828469186,28.899941037641746,High
22.627899723554194,12.028769485882105,20.70392134056763,19.941656322935337,8.164280872472478,43.73998011613083,Moderate
12.80139832303561,17.019169522472794,7.57541387834999,20.50020294581815,2.583817495088663,28.587903088953624,High
21.06682397481735,13.483031936804059,15.063937520760195,18.38537189797598,6.107839115955286,39.58768289956593,Moderate
13.779917795753585,24.92288192972174,14.561710561317172,27.70629743719552,7.738048155310423,75.62560385910797,High
24.54403558819864,12.697575567871827,18.33180061320863,13.344806081240566,9.479003215719544,61.52689039340926,Moderate
21.967328664281805,12.614772275925592,15.662600830609117,18.39991195649982,10.634055382539078,63.972041309317916,Moderate
28.26649775464059,13.450100686576409,18.720288893702314,17.607611875838625,13.16677282686462,58.58085301893378,Moderate
25.608936438039105,12.444974403393813,16.251292155207256,12.216641882729935,5.022736196051261,35.34982488308063,Moderate
51.090568766855334,7.314964903403624,33.08826031213729,9.331929170490183,29.27635322376361,51.49091740538548,Low
11.055302749979752,18.735433446073092,9.599596194931458,32.53983617713121,5.997367295691872,70.47999265275418,High
23.98492494273087,14.216031957626978,15.887411665251141,19.82253284632999,14.217427503515333,44.90109783734917,Moderate
28.541964448055595,13.946880386887544,24.599352537877287,17.983517154639767,14.278208017504326,43.54000823496369,Moderate
25.242340378832886,13.581114125058086,19.59782441842499,19.35555119199184,8.826635185023747,42.5568177704952,Moderate
17.87541653588538,18.208893462278155,10.590249647798457,31.217265964403722,8.951348893365692,71.42123722974392,High
14.500740059085667,20.550248552032347,10.434453221816085,21.686566169209588,4.495788247065199,28.874739912873792,High
15.804232535096109,20.289045694794456,8.81536787920047,26.566836254559,8.117231882341034,22.080363491259572,High
7.580957254900382,20.846183516438877,5.336410055845636,24.752949122791517,9.302888656176865,78.15407427655599,High
5.63703742920506,24.7469901270848,8.792180098577909,26.802559767695186,5.098761605834238,29.768970599267433,High
17.41250402539135,16.869513438015332,5.913784770072708,25.505970359000624,5.950772783686743,34.56723318152471,High
51.57605334816792,7.422531871990872,32.9114282718604,8.616249500839784,25.315685854314488,46.40285012787967,Low
21.30365024176891,11.757273846428589,24.59860836575669,17.41677459648333,14.937005233882049,58.506492829540186,Moderate
14.31291200115139,18.709682163402743,7.0838436588064,30.03019314101866,8.116660765802113,70.336002170982,High
22.85510448739559,10.595355003672596,24.248741686627326,15.283367123120252,8.581351798944759,59.246834916969604,Moderate
38.304833917051546,8.218309465853594,46.332929666664654,1.9710603882365219,27.08691965565431,52.51148367822583,Low
44.94587149359417,6.711574733796887,37.76150328366103,5.734917638909767,26.193485161761465,45.276318328559306,Low
17.054978171199743,20.98128943361643,6.243309753784284,20.974798880719675,9.713716582165151,78.49049209068492,High
27.66672485336154,12.64510670279762,22.37958571909332,18.311556545560123,14.626816985891228,41.829644186886874,Moderate
5.226608624535402,23.231757424782153,5.5511616229127245,23.892324831020396,7.901662506583666,74.38561318454883,High
29.043103719872732,13.475359759672578,17.016198988105952,10.348513616395865,11.447018988118439,40.92486404631925,Moderate
9.240352587215657,15.14896775002423,8.403732714748477,28.202869889064274,6.444841787697569,29.221765382525533,High
25.95008421696699,10.023795200349525,20.809843060768575,19.922592037664607,13.812171538462108,61.92808393849101,Moderate
33.51924566887183,6.056378893234115,42.42915635725876,2.652850890860524,14.970714878541857,53.970385162506844,Low
28.295844713634313,13.694654299930733,17.431616877954408,15.738548329022311,10.323953952013182,41.80213370933668,Moderate
21.302226159581387,14.149338610723479,20.277052921529723,13.139025531672072,13.443264643271213,37.97080549877998,Moderate
26.027062694061975,10.098017104476101,17.82322397490008,19.263629694180114,5.685648069260974,56.063058213129516,Moderate
15.808623262440042,22.766034619777756,14.638116715170309,23.968084068324078,4.299253851349903,77.83982925689673,High
56.60774700627809,7.147532764439458,33.00040282718479,1.1846170509448184,21.82190761071228,48.14241520499505,Low
9.113650278891505,16.301623001942133,11.763902888683909,27.09848051789857,6.602094496805361,23.096902635381394,High
22.20009978061972,14.214522793068964,21.183153022315324,14.277255153543193,13.299936458624359,64.68859335467789,Moderate
52.51844254922575,7.055858626438246,27.450192119518526,2.7976693088704083,21.900926898475223,53.68323963650368,Low
51.67356345784516,5.932215701073843,32.8943287812374,8.431448650297455,20.9604299445827,50.80619760482354,Low
50.389418480792095,1.0590580440375763,30.915244567687683,6.374046122611835,25.265703804063183,47.738425190992594,Low
34.004399172478315,8.173053122132368,28.576548818085058,4.3867169680304885,27.40800926211674,48.91727763631178,Low
8.059890611168413,23.316554184088552,8.596999764246691,34.42905631406428,4.241506845928486,23.443046351814033,High
21.397769659381428,10.594186944502455,18.232512358984362,18.47985459928246,8.796501438209656,59.4968967336934,Moderate
33.31895210865622,0.7623921797356448,25.174556547008702,1.1284054451688441,15.094410009150979,49.72462113914891,Low
21.84029864682462,10.203360091850575,19.879801550832592,13.393170253438644,8.258806868663346,61.44241400825982,Moderate
18.685682450480726,17.149843867509993,7.023631944631897,26.58560016625794,8.504090457975725,28.251827305508357,High
45.73534168710764,1.992152748940531,27.814761663229863,0.6325340889867959,14.283525054791737,46.81507961621495,Low
55.5902836640208,1.1493299705956683,49.233045307104476,0.8613577154903629,25.956047444172157,45.19901483740078,Low
36.50219400272327,8.895193110437631,41.18355335932728,0.08354704172138572,17.603002839153397,52.81490243258572,Low
20.9976712262214,14.843497733718259,15.1546077470461,10.16777714265545,9.593965791373371,40.07862037615994,Moderate
20.94466117938233,12.504809131796822,24.98020514820523,15.593476125428666,14.710073912780118,37.115286258634136,Moderate
53.23901341913364,3.28179482797612,43.296818432162524,7.27579322134944,13.968202023871255,52.89912001702845,Low
19.415812901395313,18.065814887556105,14.00241509731128,26.747948534249478,2.715097361691651,75.07213311608903,High
12.475967519204543,17.88506354531094,12.964950727244432,26.36416116198968,3.120536337689649,33.70980871654395,High
14.90268655455043,19.911988197125265,6.055350451557231,32.99191192414525,4.454596151946032,21.410615317082517,High
54.918582233631874,6.464587416379305,39.901252894023756,0.8933990229186684,20.508639966192845,47.85133175180709,Low
16.95597784402581,22.06741518239304,7.254026563269591,34.250351295163824,5.255894804329144,22.91931710971727,High
8.786061642987121,23.628770239625545,5.113130857733129,25.884740336952873,2.7136465742035725,74.40834063292742,High
22.014401299223664,10.362948215845593,18.569945274592566,13.94045255188819,7.623413656370708,64.81917784501414,Moderate
17.86468022555571,21.528524445685125,13.221459517172413,33.261637625957995,9.197808131589913,74.82327668851438,High
14.56550267536832,20.02316682748952,6.202929624005277,33.881741698910616,6.838773818477326,79.30878628740471,High
25.530731073672154,12.586716029296065,20.594064123578974,11.610461788815895,5.7231701485935185,36.12211539247273,Moderate
11.553754929207965,16.020927608929544,5.474989086179014,24.535720581271562,6.107330750553578,27.37590183747455,High
41.81593216962476,2.7528821345186016,45.003439568801895,4.794549781497657,23.673990914492414,47.37698760306229,Low
33.490991936564285,0.24971662117049598,26.405347636496963,8.709675998625425,24.124649970635637,51.881138762610554,Low
24.326715339176943,14.39706587477719,21.95418165985925,12.860689422985063,13.009647647678182,42.654985004052996,Moderate
24.989872637748,12.24592384195986,21.49417173643192,12.464919544333524,9.880332464852108,64.27732279783004,Moderate
16.20738832732777,15.256703698964543,8.219336097983845,22.805895808442074,3.6604653502599094,20.01775540577852,High
10.131687011462487,15.113115362614845,14.817248010269289,26.165743922267943,8.552364636956325,31.14662769923649,High
39.601488030918354,6.7712063973500936,49.73763333460806,0.5976227417838442,19.089654659107133,54.72977380420305,Low
52.05213131411657,3.188668183211388,46.95083782111142,4.596147517329264,15.158790135738013,53.93443465376265,Low
11.430175996630133,21.770479250936184,11.996132750260811,21.67182678223844,9.085095001628677,23.211191321844023,High
24.273298259740077,12.25338127170825,21.514787668852335,19.71199567916089,11.596300245015666,36.88174646052918,Moderate
53.86349882369188,3.512193873487809,29.705804994226142,9.835972997387742,23.29615517160489,53.84682377421688,Low
13.967562501921266,19.86378066668052,13.322487996285261,30.843899571090283,6.1535981498531225,25.896796882777718,High
12.669122455450022,16.508420046585297,6.280570663248055,26.116860241223513,9.892302381469666,66.01526532903854,High
26.644769629063916,14.330470656826874,18.942081548507492,18.233491604038857,12.124297326849472,61.548313583940036,Moderate
6.885357703468098,15.491986666448774,9.595382101926464,34.59675029014073,9.983856697023006,77.71559585470891,High
7.76951397394826,17.552420361089297,13.35366182365582,30.66595712601691,6.651761769583826,27.37786510085636,High
41.031474091783004,2.41893828258839,45.248110507572484,3.6672190859379903,27.955916127840517,47.60397358745072,Low
24.25415160440496,14.203003112520726,17.647522350662097,16.562482781371145,13.01219691348342,59.31365456388002,Moderate
24.721967027581215,14.931648272756698,21.28385052217505,19.941293814497726,8.552926568055241,39.68579804375139,Moderate
15.311237056565313,15.340303573520352,7.3583497959757445,33.79655002245589,6.55327853801041,24.775907578781784,High
49.317127606233925,2.09059373706846,29.34909264758347,4.516389955188379,19.879743602869823,53.17914626046665,Low
8.997880299517066,19.048595334111397,14.393183650492228,30.358845126805218,8.968908551333648,25.875910267269937,High
6.333010988454536,21.402975036637514,9.222958203031292,27.71564345948529,5.806440198578338,20.713247032778387,High
5.045540286881811,20.23146374628919,7.898780926985274,25.93761658186939,5.718311700226166,78.121382710829,High
46.95399550767627,6.223432646172461,44.57903577309243,3.1284462800566812,20.135400814355762,48.48702810842978,Low
29.32227698184463,13.864406935208626,16.665187105338614,17.158253187940375,5.244861107186907,35.5014402307181,Moderate
51.242177333881365,4.875711936733843,26.417010804145885,2.5319890701281023,10.794224151444944,52.59486569188307,Low
53.65844894017219,1.0024556372287663,49.1402457845221,3.8140880990312342,15.787048204444925,54.24612532332972,Low
57.8425092097815,9.3374942300147,40.107610495536974,3.830693697265067,24.593992548934416,45.93328120269826,Low
16.674933419527274,20.193193555609206,11.741079659583406,29.159510074837844,9.647365534876183,21.664033961034665,High
46.70403787375051,5.717723520483222,41.4525554514123,5.498769211562104,27.197089806702436,45.11765094366998,Low
14.573236793355907,21.144574769376007,14.14623889740177,23.665933646055148,4.3141321933519885,33.24601550075303,High
10.150345464933146,17.1804395442466,12.661425719359219,26.289810504213914,4.851886355033529,31.809775858304796,High
41.72717987716544,8.382304210818006,34.05733725000512,3.943411463506643,20.952239682856188,47.50731826002055,Low
22.696478616396117,10.501979595264306,21.014901356630435,14.507246091045378,12.736119671981704,35.54539660675151,Moderate
42.756405134077,3.7094100815776523,26.24014770873707,6.155526231931791,13.150010961516077,52.50150281298518,Low
16.849112081076655,16.31187899755378,7.554722501581615,25.530792734279448,7.635803601520769,68.12679868444228,High
29.569761897103106,10.595538398943903,18.210532853799855,19.302998154332997,5.074013394961483,55.184342097007416,Moderate
18.552500514541187,16.880685136060507,10.250712756587728,30.225507363742008,5.791366219902123,22.644952882387347,High
26.262149908585453,13.443198094268546,23.675843529684915,19.22217602314452,6.3218393033809654,60.51828224223585,Moderate
9.806376539511799,20.836346482548336,13.598071525450194,21.23528938462865,3.8904095654810327,65.08784446847628,High
16.772170022964414,20.351165189084007,5.903280802919061,27.710599625671602,8.660347365842856,77.31749009284677,High
18.95039169869444,22.689962375812144,9.49288370924363,32.02726995989112,8.299865419375063,71.03105602426142,High
24.619983427939484,14.5971065799735,19.363858749678805,18.914133345976126,13.30785294171973,44.82482651061107,Moderate
33.87478245454485,7.689227821076409,27.194705926454,6.069731162742654,27.562303939714027,49.790407256746136,Low
29.780344120945138,13.55126791920358,17.165220322350052,10.782398924342761,9.27838042695399,41.14934177917147,Moderate
8.25857343105142,18.79164569782912,5.718189266520235,21.820586023870575,7.793011821204415,69.12132914261768,High
8.548001770759193,18.50974143601109,13.647786630165497,24.56481561632861,5.821387248115522,75.80450499912642,High
56.358899590654744,3.684489199165789,46.99594369853669,7.199595393694795,18.220943871121165,51.70760021711534,Low
7.354934839099396,21.63506980368808,9.658217557666514,33.74919999094914,8.8443893784868,34.04265916859708,High
7.475358132149282,21.934816923184485,6.65395157974287,24.807657996977017,4.002374456300922,31.550555355368285,High
34.82044119778667,6.516397604772766,45.971346547601726,7.444421678375537,13.549636699820235,47.45290093643643,Low
29.496941809192126,13.533470820082991,19.448033333450727,12.145198728117286,8.211389169458965,59.64627070868544,Moderate
47.5732674382039,0.6644384435577488,40.64126973568191,4.582048052522159,20.617180685769515,48.76949971686272,Low
18.540129409095186,15.772242509921158,6.589730168742893,20.521494131678576,5.559619489953236,23.837589247276004,High
23.33786854745934,10.127456945148838,23.583358136488794,17.157773516660825,7.195216357263173,44.92171714448409,Moderate
26.860396987480286,12.996194292341418,23.591668623262578,19.04280836662006,5.777650698577771,59.28969980717507,Moderate
51.757729812454095,5.070596467387183,38.455502546711884,5.444613321491686,14.033104225337844,50.9762899319556,Low
18.19808255892639,17.10624407254088,11.14005200860333,28.478711764452477,3.803443764733207,77.98933754576049,High
30.36463424069449,2.277497361032096,47.67604901037555,6.579499112045923,14.402584883950533,50.72099816971625,Low
26.63714165451469,14.052912169052705,21.782500604631373,13.157675592251705,8.20435216631312,59.07935371054296,Moderate
29.00627294594897,13.114685290165315,17.70194459496994,17.249802459988352,5.3199652209269646,59.046554179046666,Moderate
28.805305256528293,11.122473442012105,19.805843177539902,17.870922974503276,9.513239550438684,56.28135040250524,Moderate
42.92662570985418,8.254156641239481,27.311237925926665,1.6249841547444144,10.185050448718048,52.63631915547134,Low
23.309786937881796,13.300150553150115,18.30758287200443,10.720216203657722,12.126379514315806,41.81137699072391,Moderate
17.406362780422977,19.53077468707884,5.5650758685849055,30.403843856028267,8.97676974101024,26.749936807549105,High
16.513140275422536,22.533280507609117,6.562391406710491,32.65463208060809,8.18045345166983,69.65139175500887,High
24.1271672708303,14.329430453648667,16.220315151785847,19.31921264238809,13.323391800886803,39.2655285424164,Moderate
36.0157418010101,6.920736470243689,26.718847660562187,0.5050747083228213,14.843917840262844,45.24875882014605,Low
25.152177962712926,13.44956486278269,15.338726602216063,19.147324240549533,9.55106300812856,58.18798361750551,Moderate
53.89611872928529,5.325040664159818,34.651273391295895,8.533957335369417,10.846689850366067,50.53773954294438,Low
14.953161142317718,19.230961887829714,11.261836220788284,25.773290635053193,4.384152610623859,77.23199446110371,High
16.095754201897734,20.991658753229867,13.181401837431444,22.047896006169456,7.506744820330238,67.11172110861017,High
25.172754026732665,14.953374256355946,20.820959322825416,14.346316416152089,12.970213476743165,35.13659883435292,Moderate
26.01162537711067,14.998474156855973,15.018299471496835,12.697007652456838,14.390580182371483,59.705414860459754,Moderate
10.576032127078289,24.334941744447356,8.141750972897384,25.431320270553122,5.621428886075861,69.16897400517836,High
15.176579383940766,22.623251044087468,5.189101227446983,24.742346675640636,6.640608577973234,25.096769163204975,High
15.469219979936938,17.49834302015813,8.44757139606369,20.22875570758439,2.337968876702506,75.97729737327862,High
55.84109989090308,6.127958355365104,46.28953500043093,7.902599039416938,11.114710530028042,53.80748577074189,Low
19.195897172094867,17.019111721934085,11.70316580352311,26.990963722696666,6.560528598696864,31.51063545877414,High
15.709225857686526,15.328843167866564,10.768954210424889,26.81673559382644,4.281439631470377,34.296378094679326,High
22.314126221771488,12.639720018738206,18.53414564500284,11.425277940294086,9.322939343242869,39.193898379683894,Moderate
40.12845514210884,5.2739962212267635,40.84278999413823,0.7748362655548269,17.47211319068118,49.603213900573984,Low
19.087643374064477,16.581047881604192,6.729039910694727,28.768923091447938,5.907190869725695,26.340285038182387,High
9.724301742131946,19.933831714090253,14.307098300857142,25.826614187793115,8.834749208535744,20.85057718950109,High
49.00434659478442,7.542482596820808,43.5976296825538,6.980705464034016,12.46927147461472,50.77077442631766,Low
41.9450608077283,2.2207587069332058,34.833016759629714,9.65770443884287,11.446967676721147,46.28577260796879,Low
8.412833777195493,18.429902064199034,9.93630770129704,20.628703855366478,3.820812249829805,65.61617342006178,High
48.31001349932755,7.982931972091867,28.335408388080175,1.1927167203974343,28.668266408991098,45.83680988247697,Low
50.81046677344466,2.2959816075396864,34.84387853913517,1.474539174261349,10.46918043442309,53.36593779130951,Low
50.54193517661638,2.004745155284028,37.40598054752035,0.8476615442633317,13.067296548314912,52.96300185967664,Low
10.318481886710014,16.973428808276232,13.548591556204268,21.786907948776392,9.82986707540637,78.87036403540898,High
58.69843863250374,3.3440117898874866,37.58051037146586,2.095192243125321,27.95017670216708,53.73668655651331,Low
21.687010289402437,13.8147166708615,23.457959326969643,19.74123886346106,13.594805218597227,55.91250569282245,Moderate
49.08532094124698,0.5062247226907413,44.243285457422004,1.5031062248396876,23.338107733684204,50.110047635445866,Low
49.70209993623877,0.3367640387446402,41.20743818247004,6.874368609408673,20.697455115175103,47.823263507319425,Low
50.042554097119385,1.5159507480009937,34.670181051297,4.917379430189895,10.194007098460844,51.12209063257216,Low
19.83288462101072,23.521589933947844,6.618894153664926,22.197880119341047,2.437879832348309,34.84457101048691,High
44.778753128725775,1.391967013456955,26.490433133616477,1.9124212907612137,12.832227012357986,49.59159130375912,Low
8.470207216942567,18.29442964583867,14.605402715817805,31.238421421640528,6.010532944748548,70.3567558939041,High
20.061829509637295,13.764938465644246,22.266370282738475,14.575370044770406,10.560738628722898,60.6163253328438,Moderate
7.103854570806263,21.71021595637972,6.480478769034562,33.83256474275278,5.5524460743433,22.388008415658906,High
5.837081994452696,21.979868039830627,6.400396004480131,20.444952712685755,4.94637216587097,27.227909785794413,High
14.741112792495953,20.87741487945292,6.312446423505421,20.920729182002965,6.904178093426024,66.14255992837887,High
17.10629143262849,17.293778475636536,14.77841886456428,23.056493892979997,2.3218382082087325,70.77697410675171,High
28.974998774012043,12.869429336879461,15.121131160998916,11.15456792117879,13.64673778584754,56.95266935191054,Moderate
18.33511100652646,16.824665446547165,10.77532166585275,23.736810493546997,8.002524274639983,75.50547629113109,High
20.058969400367868,14.29322733581242,24.016501768797184,19.515424351022673,12.886928506398299,58.05759487143504,Moderate
42.355227424418054,3.717392949063303,43.802858317424366,8.237444619122996,18.531838021087868,52.62071653439726,Low
14.833055471570994,15.698574286368865,10.477076763971988,30.999816031728777,6.122532640479544,26.665317351892767,High
25.381151254945216,14.152297952146807,19.811796591121926,10.121379968167588,8.256613254925968,40.286858536788195,Moderate
15.4024700924276,16.902059815729075,12.042615902942167,22.440151863095075,3.5658568665138723,31.59123182749758,High
23.735485541413045,13.685620364066985,16.909697896671958,10.81394088007894,5.022457084776553,60.42445806077207,Moderate
49.80908159104014,6.920112559466547,29.16346283743175,2.2309001844535583,12.262115130034397,54.65485657007934,Low
28.718355763999103,10.503221971559812,23.906403175312185,14.853882992769712,9.383093861372386,63.647902219998954,Moderate
23.273336257498297,12.739504784935544,18.66040706803065,19.383865211333916,12.270525595527634,61.12854773963364,Moderate
59.05466332783151,4.821320989198419,26.767415204609154,3.3594615337893385,20.73246559470988,54.35955153728604,Low
52.58149918672923,6.493223245768816,32.52415799079054,8.22760243032332,12.522715725915303,48.09839771527678,Low
59.27595767457394,7.8195997715795915,26.37415767099555,0.6801023195242051,13.64670367156439,54.451885797595445,Low
9.769279874707092,18.425297890905405,14.748611470669783,23.40184820573103,4.974434879120932,73.3350936341018,High
48.402455878073695,0.6245759361907144,29.36023167778749,0.5233285730066284,13.710519505154384,46.215873495335266,Low
40.38299179613357,7.507696492110557,30.88458154745894,9.375503374073386,20.16623388553389,46.64241067223154,Low
59.586322334388086,4.075842085738169,35.47748682292713,7.804711383801549,16.32209775881791,45.35064949018719,Low
5.212448082372684,24.981639603286297,14.267161846317695,27.29548966569329,5.506805708940639,67.85194043469154,High
52.65125786238835,3.5466620498508283,28.596903884744503,4.105227843514278,11.570543718831455,50.319717344964985,Low
59.094631352356345,0.3897932066113041,39.279979599072846,2.8625903538318322,19.242809465398015,54.898921622398746,Low
27.508303636863346,13.943747395006357,22.984798344547436,12.868064370712009,9.379685061487192,58.4685701092889,Moderate
23.41072159570069,10.86900477269284,23.98583180407755,18.704783373106217,12.876751807147809,37.37148073236502,Moderate
28.12355044100399,12.588940852402848,20.556965087937407,10.15739972248783,5.361345398153602,37.72084157577978,Moderate
51.27138785167298,2.1050693966534295,27.667795477558858,1.9187318440450152,13.734659881947419,53.32758668452714,Low
50.41497906224139,0.01992135219070268,43.55924842724455,7.147023163822577,28.215898610198977,51.679337354557425,Low
28.908576145077127,14.672655757955258,22.932429820012338,11.043640995443948,13.788080989945339,37.33395451728407,Moderate
21.228265425747292,10.20167993766376,23.830658080886835,11.934245110426925,7.176253125495331,36.496734645836014,Moderate
47.4651138052882,9.137884438732593,42.52021045004351,4.8640503553617815,10.312865906148684,46.53456832108162,Low
16.694571614328503,20.43591210896839,10.75972250970164,26.35025740620499,7.081210037899753,32.85238206259275,High
47.01936658886711,1.4692192358377076,46.69998979737725,5.909160928272268,16.95937332310433,53.100693082292274,Low
25.142419679223725,14.261544149441452,15.847008146813156,13.616778850325263,13.807566147432631,63.45981292446013,Moderate
28.030193822993667,10.978238732763536,19.47068309427818,17.869654919674566,10.119927501945794,55.79763425451071,Moderate
26.88040966345355,13.467254205487706,17.818597300006576,13.460305095945317,7.925835473386801,42.58445956999864,Moderate
57.4323583777488,4.617161438131191,41.843905744602246,0.07096532494887176,21.29638325772792,45.80846801643254,Low
18.631889648750203,20.32143051049093,8.555741462349914,21.477034322334053,8.685342453736983,65.46625716083744,High
17.59216092049452,21.800282512726604,6.152186778818562,29.79995568865309,2.265781466284052,73.30575372738315,High
49.955916620886,0.5784444944716061,43.10072971932303,9.334551052498522,15.04139773700343,52.56552660057817,Low
17.3698655555046,20.042459227598744,14.160460189581173,24.139409629017234,9.559149903461211,32.471398920471714,High
34.75815315879221,9.362806214689266,29.601119301255338,5.183239230398234,28.652914346823355,54.4304881063762,Low
19.605489461759092,16.06224816064242,14.097633849960864,27.778604879384766,7.144292726561235,69.43276159386436,High
21.501338458300257,11.701387310844286,15.54580310589527,17.94935636790794,9.310154890097511,59.81067190847474,Moderate
25.23348494419152,12.827617651907861,15.414914907715712,18.288144187118,7.619879301930706,37.133465745601264,Moderate
5.476643936358173,20.11870530274608,12.925196346429129,29.321162612516105,3.487192209886868,26.382335626395367,High
12.871095893602732,15.607812574477656,6.700926983486868,21.179041716334165,4.087588600199581,31.118652762084523,High
27.392651507258478,14.14658746461283,24.785131346073122,10.945155013500692,7.015810862400354,38.85732327899833,Moderate
53.04820241593555,5.990445871503816,37.55929549930239,6.770937847836444,25.497668645058976,53.61249385183065,Low
26.22084505806621,11.477838692435169,16.90360938005682,14.924156141285469,5.892212111881854,55.21439866623113,Moderate
45.224032012825084,1.0539321810780522,28.25882825108164,4.582533147650479,13.443885348515085,47.087458823986296,Low
23.498087486871945,12.429848237319046,22.983501731560644,18.45598891893662,9.184795778573312,59.66190230155534,Moderate
27.176173700192592,11.816257235607315,24.922670331834993,13.44313778651542,14.525548867388236,64.15251884030758,Moderate
21.671031639086138,13.75415312547184,17.04739816347097,13.894516630243503,5.45297539173453,62.943523292476755,Moderate
10.88028516749738,19.27407231360863,12.175058177679842,27.01073000875008,5.872498206100042,73.17501870745626,High
22.42180718172753,11.170395296011398,20.28607822691929,17.207154516572004,11.23640269770988,39.85253254593227,Moderate
5.519380657676156,20.793616842328476,8.526208343638935,21.148913774617228,4.66410059816805,72.35830005485127,High
39.02634929450309,3.1435011318374837,45.78795832780559,8.759330221862049,17.47877427207549,48.975918693106465,Low
23.188537706148757,13.34735449405803,22.111270074465693,12.384122517949184,13.51626437092085,58.6037812155657,Moderate
8.63730039626328,23.059779120365032,6.200382361221493,28.565792223265667,9.060895393614294,27.284491925327085,High
28.837599988343822,14.94177744858294,18.67031175621586,17.107736831667975,6.782992808357559,44.720420941766236,Moderate
58.95080731999538,9.741944438163571,49.89336130128308,4.377814772996199,23.83011091627189,46.95422586638349,Low
41.458189189586875,4.773503981224013,37.41858570014961,5.66806105010466,17.060095019436723,48.095531694026505,Low
24.901288613365967,10.440900306204265,23.037843785259305,14.473250411116366,7.00268606178423,64.72048964775715,Moderate
16.639248281024706,22.74363842842584,10.913564658847827,24.338063248157535,5.478444255235698,69.34786757045201,High
8.505629576444313,24.899341356532716,11.814878727049168,20.188380197403674,3.7008955251784466,66.01790717865998,High
57.922719768106944,3.458774607378574,46.05413441625953,2.7789112598775603,24.082087215432736,52.455030853527724,Low
8.080126212674584,19.845458824776856,10.572977603652866,26.125959911095848,9.792653651351447,33.8900150705907,High
12.21035032362187,18.46160346315198,7.947633695626637,28.90053203883012,9.441917648681805,72.49725406112621,High
33.9470305538178,6.363742815333744,49.75712926462353,3.7320736910512684,20.103280365866297,52.290134212929686,Low
16.301438183186306,17.984705107425604,13.433752438690199,20.91864788638874,4.441811919052693,25.406475315207565,High
44.21884920788617,7.753461504031356,41.130464396116594,2.7231539718108277,20.856827486681492,52.00188259294053,Low
24.610204940139983,13.829397291749281,21.020913664698273,10.645736463025468,5.819053392377539,56.2274005467462,Moderate
14.22217011689071,20.010314590135053,13.15423293047751,26.038299097483232,7.34040517245711,26.19860966488634,High
8.706839816319171,18.167628196598613,13.124402403965895,24.40149206261898,8.93024085125949,30.44282268909174,High
23.21983087284124,11.974874997722587,23.889728842800945,14.156222099235512,13.295549574955341,40.52747447596703,Moderate
25.745669036600475,13.208716271125875,17.416798157071728,12.346398883130611,6.965367374037491,43.32225780504379,Moderate
23.565657573377937,13.194392028032638,18.239941959538054,19.45557871220241,6.577759977924452,35.109659160564476,Moderate
29.031172828721367,10.331881265422043,24.126791529118726,12.377884211115713,9.462444101987014,44.58690653911755,Moderate
23.351531426223207,10.700340027482962,20.94719495907125,16.05416584351749,7.829377329944968,35.34905859073109,Moderate
11.906325651151366,22.9743114692643,12.498446935127548,26.604003236959958,8.241612804769378,75.00232807934496,High
9.946520257562401,21.391025049884856,9.333174993486239,28.942010268101065,4.271869786558511,67.90852122635967,High
23.71363018980069,12.452919398022544,18.751951917678788,18.002504545930115,11.017866688516357,63.40336238221083,Moderate
5.632581379259075,16.461271432927827,14.765530055956635,30.826931299196815,2.6148107019094464,33.94699585557224,High
7.093127771651064,17.39751696038026,5.962480694434361,20.07916673412301,5.880624800370513,29.06639627527403,High
35.0404262323459,5.38022705363903,26.631918939161597,5.422999756210791,12.04788925586353,49.436456466034784,Low
19.654634663850253,17.57826247544858,6.942251688326478,20.663633154021753,3.2177602316057454,66.35141394752267,High
55.86382851796352,0.6252629574284574,26.405607371274307,5.340361132046566,23.148886543549295,48.710647348035316,Low
23.821441879198883,12.82743141667085,16.438197695359086,10.653064766699302,5.8811854452780405,59.08266773926426,Moderate
21.79494627242648,10.767485009128526,16.26309926622055,13.100253309590913,11.943952633422986,57.75729636980756,Moderate
20.555436233725707,11.98842363040302,18.955388763611396,12.107876339543838,14.788156339963415,63.88307747437705,Moderate
27.170150376639413,12.995506778097981,23.867554060867874,16.340467674692487,8.49040612452674,64.31028596277562,Moderate
59.47135850725819,2.8740959646557975,47.159509049003546,8.587449685295802,16.510066762522708,52.718054684782345,Low
25.931917575579458,11.072771038213954,21.034992949717008,17.499002626622023,11.994085353068686,61.82837266028899,Moderate
28.064166740187908,10.60672078470181,23.164134241294974,19.68525631511219,14.222814111948171,59.36448398823113,Moderate
36.048819601432335,2.4660363497802464,43.557305787173675,9.615437228811096,17.119367816644733,46.77041441059907,Low
58.51821440812668,4.855896996593978,41.76085834492294,8.565719886833357,17.005447413386552,47.37317704203891,Low
25.274278111088634,10.235696541349125,15.034917586029703,17.972996581819935,14.680513958208655,39.49727308323782,Moderate
49.42424142463809,0.8510348611978535,45.19893320272547,2.8524434230676654,19.388697243080877,48.75648735493001,Low
57.59566849238281,8.48042089601484,28.996994084161035,8.111045663053181,16.036693217857902,50.0623103609088,Low
24.682709302644927,13.88431176418056,21.73356230383871,17.70090381404774,12.936221052995773,36.36965123809295,Moderate
23.42029514604603,11.924258685759199,19.629076884047166,18.87482517068172,8.898060306908077,56.88394767400492,Moderate
31.832338795645914,3.6023391880042785,45.2206580872921,1.996697380406467,29.166553729627736,54.290763602568234,Low
49.002112695312704,6.542925523249618,40.02280014147715,2.6974246587376705,18.164750386925974,45.942430664045254,Low
39.85993636109748,0.38996012574911587,25.600126121122223,9.154162014667035,21.413663501439572,45.822332215106,Low
24.003251833277886,14.64832633150224,23.438589879562556,12.228663098924406,9.467506026907696,55.100904050218816,Moderate
50.70014672461997,2.632473465180112,46.093219817756435,6.506065232521035,16.605883509362684,45.713670138893804,Low
12.988757890394686,18.95506423018935,13.181754166205494,34.92282208354624,6.305853111696784,31.108932303308045,High
18.952859411332263,23.461850228380506,11.205554275116324,21.033513216477893,5.269610329670746,24.290265542454584,High
26.630234383244016,10.070406427524393,18.032124702229034,16.462821454094254,10.832752784167923,63.540155304554595,Moderate
5.134224108338857,24.131539051024458,11.972429177797466,20.484410538810785,5.174905686645858,20.562479907007592,High
21.907504031233813,11.655882070505339,16.387379112267777,16.65198370029183,13.403366527442993,62.4757463605411,Moderate
40.047168439712586,3.451922084942105,37.722351751747006,0.8645750712015232,13.471442883028795,51.513361058002054,Low
29.357258490584144,14.955440775608078,17.31417093292483,13.723791883911108,6.560364492051081,59.26902087322837,Moderate
23.68740426932009,10.75620125020184,17.69290967584596,18.419991656663278,13.404112815074784,42.5659393401413,Moderate
29.787479146154872,10.407572975225081,16.823468058777227,17.75829351714736,13.762278012802394,36.344570407670645,Moderate
15.767846877273984,20.082081750375558,14.22062267166209,25.09757591276764,5.718167947726715,22.26860444161868,High
20.413841956997214,10.25277854768695,20.89232989830034,11.040006758304607,12.349606849632782,42.97488977713017,Moderate
7.705494377877777,23.286103877920144,13.126915133777429,31.74038824538807,5.110713864981558,74.14721581076381,High
37.16331437304907,0.15110684214475034,36.869225151091285,0.34297901303311673,15.067962151187453,45.49126893891852,Low
25.67399268785943,12.9027466093352,22.064105328502283,15.480886170930402,12.407855628886985,60.26749749880747,Moderate
16.333811614665926,19.742462065023886,9.537627624639121,24.508525870875413,4.318835752571912,27.727892162171866,High
7.356186265705145,21.670931602834496,10.017699951779548,27.537349927705872,2.5394532870860465,71.72549828591714,High
21.700815132673302,13.359245559432614,20.49128180969335,19.558528744672913,11.07433176027494,43.86530670705168,Moderate
29.642222780872782,10.474887540249199,23.774953395478114,17.219496034745248,5.905496894837521,63.38149165376357,Moderate
14.990312427087606,19.803330798101435,9.466375877439763,30.09292297523589,3.9571043447560825,30.2756076353361,High
10.73049673970409,24.954244998135074,10.201427239278289,26.02116606022073,8.461468607826909,68.44010940876814,High
48.715779740297194,7.770492856517562,45.909464435259984,8.206415603544787,19.923518522022306,46.002282566428846,Low
21.818806981515873,11.82786631037631,20.318080088386672,14.162615928493665,8.19042242910157,42.789885058996084,Moderate
20.300583122019987,12.746726169175265,15.509510857936634,13.19617822584756,5.205866333372418,42.97259025648108,Moderate
8.322053167083673,16.730406752358963,7.734579027627247,24.738086352837712,7.679908369348545,28.098093731747298,High
44.611857564568076,3.87322517975314,47.79462780954428,3.11703321492812,15.960850455827117,52.292664058366334,Low
52.498814111975335,2.403989128935069,34.540412477728374,9.31490386918926,19.405924453831496,48.749645490745294,Low
26.006779229552052,13.22189523208947,24.93802526701196,13.087529863128768,7.08138646044974,41.25667180631593,Moderate
36.149528862474625,8.75883083517057,27.01452030716284,8.962362491461331,12.80089624268458,46.52887115647998,Low
12.400937420391116,20.574380316168327,14.963179249030535,27.96078477649457,2.9107046711065,27.979916588620224,High
31.221864069569104,3.838388830449795,26.364135207067473,7.447507316299222,19.249136341302957,52.86367385961698,Low
28.57197587224554,12.211885838151062,16.518864020173623,15.40523858938849,10.22006992014499,63.48736327753968,Moderate
22.12321484850715,10.56667042723853,23.813978525224677,13.400241352959798,10.827474740940424,44.6085557678478,Moderate
14.816565735201214,22.036616256009705,13.105464557047389,28.240866244599502,6.043826044334982,66.57342099564907,High
59.62948691208173,3.1382680822441555,36.24859185672149,7.066425217489339,23.023954241906928,46.773112535226446,Low
57.757449522469976,3.340499656687692,30.293646551310488,8.65645036372732,11.484937186610916,54.240778052942694,Low
25.04890814278961,10.11952676248898,20.82617251462253,11.968671510108072,9.513299156559526,60.654434995653425,Moderate
40.42714572716946,1.520485674244918,39.5608769222074,6.032221356579637,23.907085014637392,54.10751812738147,Low
25.620641000588574,13.08190013074417,21.60741038733844,10.337655772204652,10.5645437859584,55.365698123629585,Moderate
20.611798809184066,14.562194063445702,17.66227867009967,16.531364108181233,11.746443700858022,41.16885783260816,Moderate
25.013719345705198,13.658780186507142,22.667092621942444,12.551553387543798,11.249700383573437,36.37067942540448,Moderate
5.211853170361361,22.63750879842776,11.281413225100028,22.259068918876544,4.022458133277716,76.8829735126444,High
20.76213684780199,11.562848667614785,18.715820993371814,19.0764626598833,9.629515996386479,42.91573908930028,Moderate
11.963169271908551,17.843896444107624,9.480608397183847,20.939557875463162,3.868239698941057,26.157049675801638,High
14.77975565507176,22.6159662676965,5.980717666982407,33.27146591056136,9.949508650957277,29.31554300509488,High
10.980909870779053,19.557704300579363,14.429482646952113,34.31726222989353,3.1387765516985917,65.01273664432577,High
37.039262455663604,4.861304852149241,26.42505968879835,0.43846852496629896,13.978336274744494,48.81109326008283,Low
7.135234559827546,16.232430435294198,14.991769305146466,34.84858720436013,3.5895550386159316,74.88125256599339,High
27.973732687744775,13.810832791310235,16.03152660766567,17.762777549589973,5.394812947733848,37.17729034247024,Moderate
21.44253269077811,14.391033371134217,17.406448135143766,19.284498369442517,14.099344479417873,55.17565455703967,Moderate
28.25091460797843,13.353478969269947,19.519180752626625,14.614929614915926,8.224448317983802,36.53974351165684,Moderate
12.202123674091315,20.919521827826497,7.046112573001184,34.235521206774365,8.329943180461054,21.75934816464771,High
13.283407201777555,19.456512127647777,6.117471837624872,25.275621456108766,4.556442107084189,25.73649451971124,High
27.82662926896108,14.299693733667425,17.955088550477935,11.490023048310933,14.005106436374767,64.63202640971417,Moderate
18.920905334758473,18.0533042172568,12.524175003792587,32.541699997557956,3.859903628448583,72.52238219592603,High
24.88936116876311,12.91266415243907,15.00332967885108,18.194995829490182,14.498432648055953,35.64235248057421,Moderate
12.51312687581543,19.564512941972318,8.49007335643395,21.767216964701213,7.220328158917607,72.08721016906594,High
21.22705699337307,13.71296592321115,21.11913891808692,11.945960928235456,11.298438966745806,56.36880319691828,Moderate
17.33543178624069,17.45747293938537,9.803838247215708,34.1217477522448,3.7256997799852973,30.126062716370473,High
6.179508007926539,23.18768748912934,5.8576780468344944,32.57309489883902,6.03402924490024,71.80212872097664,High
7.153416823360675,16.951130352931642,6.708690495240107,26.408127907712,7.626095946465425,75.05258812472354,High
21.510131174271063,10.633780978127076,15.418860304551021,19.518374354168085,13.697831636444102,56.9275432188704,Moderate
28.496746181346076,12.699554328675031,21.348213175298394,17.03942941806841,14.960471221264656,64.4722702734671,Moderate
8.741450641173701,18.09942948200817,12.624186839782919,24.284065180395096,2.817618764362469,73.68889910951928,High
20.800636626602262,14.079624955109882,18.832363444091385,14.657649233005163,8.728134221419914,43.608550280434486,Moderate
50.848532667073854,3.9209357690457267,29.397257085466553,0.5343460239101716,16.57839556421449,47.18269482853386,Low
13.869495547567645,21.4106642687005,6.002545441374765,23.05508779267612,3.006172190225489,67.15273562417393,High
23.244534216181677,10.67868765630457,22.278184065107382,14.271330191975714,9.148171247588591,42.07137517935686,Moderate
26.050309676852088,14.99361627268857,24.82880291688953,17.671145611799993,14.721369577714377,55.55980284861686,Moderate
43.774072687147836,1.2292067846538757,48.363597017887884,8.817089696385846,15.39947273710924,49.098384781095945,Low
47.01048782960004,0.1914486799683668,42.180858586517076,8.179041768324394,19.300706494613458,45.58590887710135,Low
10.195737256789723,18.63489812036071,7.616775801571494,27.64785158967528,5.584680607220648,27.72327118149471,High
13.033661060249196,21.533463597302696,5.638959202022359,21.67661158874305,9.773921012823735,76.29851248402124,High
19.068432398208728,20.546018437787374,10.387495793618973,22.656897562965575,8.447706931958265,33.798831002459046,High
28.354180047242007,12.809231873596012,24.01267580558434,10.685457991008319,14.936706469198848,60.579487414344804,Moderate
7.779129910990622,21.901117725585152,5.068656002474282,27.780677648193212,4.095311660420581,79.75876242282159,High
10.39592930412944,17.63949195387368,14.067489853176818,32.68741330085438,6.754953380085249,68.72092191566901,High
28.36737569944919,14.546303541554959,21.63588778997833,17.011787183542708,5.115572199834012,56.79353359264552,Moderate
48.60928654060394,5.006242680704178,49.923735435291746,9.551751604781325,26.564255157731886,54.712974603065916,Low
15.108385420744167,20.69662302720409,13.590612104183942,31.755659529362106,7.286252321530483,74.73629030047275,High
10.635428288708352,17.86404876703645,11.721953656582478,21.702317599292435,8.200374523865605,23.971766403980293,High
23.898947642129997,14.780999350072019,18.048611907780856,14.237717467795218,6.7487518460933416,40.126839534499425,Moderate
57.9818545006204,4.483190553694222,27.285549795428455,8.455108108405604,24.252028145967863,48.26977623242739,Low
9.963121763629172,20.200539720610085,9.927374744197026,30.893825335088295,5.824246206198466,22.223908635069943,High
32.68233006936779,8.829938248297731,27.654008838686682,7.651065916331309,19.3969086996735,48.29542133523882,Low
59.764740444699385,5.511599619163721,40.457125525342995,3.5751332842723693,16.108884530969632,52.817458588152746,Low
58.321780190598396,3.067765995221412,38.38369420154142,2.7967385654644317,11.677959212578186,54.60252325201438,Low
46.84453763878571,1.811832790500828,33.27286914450488,7.692505592415867,12.060833868619653,50.65564325567954,Low
51.25088930145104,6.302472194561579,32.74229277762973,7.699736182066009,20.869397399627264,45.223017048986435,Low
29.619247578160508,14.972719460453021,18.830438128500838,17.959358380543545,10.4745509814806,41.14410009317166,Moderate
54.110162306973436,4.40323418368349,47.931701664442016,6.589018065748572,24.622059660071244,46.02534538112644,Low
43.880393570088195,3.656807482613713,42.96795283155506,1.7108596685716204,21.987271034765314,46.65400904501359,Low
13.760348768245274,21.65789561032011,5.241296737184598,29.89179291866685,5.525574494892168,67.54926366199508,High
15.432486185679801,21.505217824548467,10.441705266150269,32.68918338915731,3.5937121799901135,21.00149316240138,High
28.21254449888842,14.777310718143893,15.97113867513659,19.28724971360753,8.200930980455556,64.8806794196115,Moderate
36.738144688199455,4.80890146603009,44.91101403808693,9.315444071065201,16.860880115860205,47.289423361394455,Low
46.180267257469524,8.824163684073387,42.8679708375509,6.720595026617354,20.596677779241404,52.542823330352164,Low
11.169602831090359,21.018783595600343,10.177736598708425,32.19380800034839,9.415602971698004,66.55333874556266,High
15.925906071425976,24.09608180125356,9.897294292813633,25.624407000792317,6.103477971334235,71.87179018592097,High
10.541833432319013,20.781755902289827,7.610863186663144,30.679417608256543,7.532930708772204,22.467264298585054,High
16.592964057907622,20.536397575683928,7.820457008343439,23.10604770110865,3.3199050563584764,69.51727120186364,High
43.422371004703635,6.663854135782064,48.809668809968116,3.3799878102849004,26.179554992274173,54.59439595741165,Low
15.220348084313379,15.355347746296546,8.285486844482154,33.571621122496744,2.5208020593783464,23.73780030041193,High
19.410184917596816,23.333655523166115,13.384285569251674,33.5314867872753,7.645391222413478,33.80212657548573,High
7.922536373009299,17.865196151284323,11.538132671074965,30.489830351459897,5.578476711906083,74.57518699036339,High
50.8408941256328,8.000034817636815,39.33908200066775,2.4071258566350675,14.074347865553332,51.14642818934886,Low
51.47916686542193,4.975398521461022,40.02363711344297,1.928396089422456,11.897684602951493,49.49725410592106,Low
12.106047800433222,24.81154381334946,13.043057205447004,27.603683517100542,3.192021565006116,23.42760718271698,High
13.671750916498887,17.29722821587307,5.8197291895332,24.52538966762305,6.297510716527893,27.98568706276258,High
14.99884473744539,22.057278588363598,6.013820232229744,22.44519274500106,2.5105609428258475,29.96329238688786,High
34.6805592132731,2.71949726128631,28.731236743536847,1.5720388355695425,21.36944404313639,49.766241605086286,Low
25.021600558228148,13.983753586651172,17.531997909830128,18.615549046702313,9.118497923323226,42.99010371352359,Moderate
25.222292947703284,13.288619526805665,21.660962177579215,11.544603605534657,7.934235499156016,55.72683911002623,Moderate
28.400284507978157,10.96555105854507,15.751284416438185,13.665268586820298,10.939582709303421,35.72682155840811,Moderate
24.862070648966302,12.655762829842764,23.00763786571558,15.94268306030088,7.068883054573684,63.124024840313155,Moderate
7.806971490622709,23.73155529164847,10.21115544267752,29.61261129311829,5.534938661372894,34.17190012555358,High
21.980771200586318,14.4460074923045,24.910006400933714,18.838462997372464,8.539638569422241,35.078449212406234,Moderate
15.162248232009958,24.041300509343532,12.891370542113123,26.422306313680803,9.120940070595527,79.88486981020174,High
9.15934855051691,15.103701672923055,13.669578656122683,31.255111238882762,6.380270148074566,68.49643400234812,High
59.84598951509301,3.1187943576372525,32.53967174683879,9.541316415710725,19.977020474885485,49.02753618747442,Low
55.51745187282726,7.873870267523328,40.58763278118343,4.430399766351608,18.183932875712998,53.62404352293089,Low
26.194215539345464,10.17991798104342,16.387896337360143,10.760493701915278,8.864258598464836,42.34064035023108,Moderate
55.87091126240236,2.260289978159997,44.00013862405246,0.7787898909129076,27.22125872959439,54.05951919194644,Low
24.333338755249414,13.962059985920343,16.902750922336896,11.552067791792833,12.52762841135952,41.1214982161339,Moderate
22.929885372626064,11.341655325596626,23.06147964033042,17.06800888442928,5.459723872004795,62.84510135677553,Moderate
8.610318975956888,23.347481299921387,8.48549568566645,24.99920280575272,3.436857729783279,20.9240550624748,High
56.94162868322141,9.182390866754371,33.564777070278296,7.812906474056922,23.796421426575236,52.935911972023234,Low
43.74560660213678,2.2431855885352627,49.009169365553255,6.88292998427255,16.240026122169006,50.32157484984835,Low
27.091571657014644,14.090562733872954,20.836007734437622,14.850281949396383,7.292391627720321,42.92844533837122,Moderate
9.106634527824351,18.34378692000088,10.348751610143657,30.760947256844403,9.730460515401843,78.2452486914918,High
19.25096006970028,16.941271396677983,14.066290982725429,25.471808648752276,7.736640341931994,71.90275775118425,High
54.964025338732256,9.271106288584273,30.227434114740355,8.597478056850669,27.078969260290872,45.616802962530954,Low
58.10489217974274,1.63035336931591,47.448880404625484,6.016866086204651,21.92949155087905,54.46563842978744,Low
25.699873195387433,12.681542673771261,19.953691906343792,14.597109684483687,8.714409292323715,60.311987942415115,Moderate
13.972527078286303,16.683799126923347,6.792266437139466,26.397197532744734,7.638390358478751,75.99249864788433,High
28.854408485107932,11.631806441123086,16.793263566745924,18.472888121203486,5.861729996469815,35.7336075951692,Moderate
20.834521157377935,11.292651806338615,24.110212987647948,16.45306530272449,7.220928311125626,38.39564845563529,Moderate
5.377596945584152,15.363895654008564,5.052413368092706,27.276347074528992,3.6916849428175977,31.699811029366437,High
9.485811658109787,19.575571048928154,6.468356541420759,27.337436568499097,2.4755007806436264,76.40387956295311,High
9.967360052365464,21.19648610131765,8.839488287342016,26.28442886792484,3.216126061553272,29.409191865386376,High
25.065986961834597,10.296363933839887,15.77475557257959,10.929733134458003,9.26247110956493,60.6553891461966,Moderate
55.149861141334135,8.04437207679505,45.25402724899256,0.6665982982330609,20.74833877199614,49.12763072748794,Low
22.999432568137912,10.794637750852013,20.789889159986902,16.413409614899965,5.75415052266528,64.97650338375473,Moderate
17.023517364365738,18.937825222696773,10.625052709798489,32.11690983630426,8.68708880252058,23.83009001569093,High
42.96230648832588,0.32659060784495875,28.60780109218704,4.395077804475518,29.831884713283333,50.9365257944681,Low
37.42044305229593,1.428502873008386,40.38551949552088,8.88272196511506,27.751261436323826,45.90318560299073,Low
22.309630043006248,10.971604866919536,23.783774196955996,19.540204523357758,11.193445553903361,40.87366779457486,Moderate
10.659442222434734,21.201048382857344,7.591793687073229,20.852669034388164,7.936004046560878,73.49040695848507,High
9.788211610197994,22.990698291784977,8.361796446734388,33.09766031586635,5.782522552087234,74.92901348848905,High
27.243840683290518,12.936585860673505,19.597314646302962,19.465570203865745,11.074962977318803,39.11042565420931,Moderate
35.44793150404277,8.53784921704667,35.4348695582287,7.292402490975681,21.328873701732533,52.22433423022413,Low
5.023358522382887,21.93039851423263,11.982260124296713,22.809724769650266,4.224562044686011,25.65071772867858,High
56.04813841539776,0.40350826859699707,38.15235033128855,5.971166200155034,20.16811953289254,48.98641335196384,Low
27.042914023816465,13.6850931822893,20.229922769047526,16.154768902618883,8.263094818233629,39.1752280610753,Moderate
59.56951362331802,1.0063747852353333,31.362033290456505,1.8734679132678889,25.90145762362328,52.95581836542283,Low
22.462047685087818,12.962197250394674,21.56758395757968,17.50758760282357,11.511676780825322,57.13447881326042,Moderate
57.68271571540183,9.291447172116873,37.515488308348274,7.472246450885869,15.710501434306792,45.58796016544637,Low
20.001755158579233,11.763082998630686,23.152377161393225,13.69161544230198,6.127925664267804,63.208533046946634,Moderate
16.772756251858254,23.709863767505805,9.146637509468823,28.47417947098834,9.913047112853768,74.79882915602505,High
15.62628621023077,21.526338336022533,6.220767773665388,31.448348797513432,3.2873705805523477,32.07680037231065,High
28.03611942956018,10.219687032775973,20.049551255923006,18.84110213205657,12.953070330111142,58.75883954795674,Moderate
21.115970200069654,10.743134422182044,24.054609393685173,13.048679926074463,6.258978864071635,63.1128885394604,Moderate
51.992138880890245,8.24471517604549,31.145464675564366,8.487675852813142,12.004827405351827,47.9581336275136,Low
9.911299392941899,15.392235311240828,8.441144685785963,20.45818690603236,6.874840957324707,73.11413127368083,High
40.447664010699015,9.29228053631854,46.47779394117291,4.2024960180754185,15.488252632713635,50.902990717555994,Low
38.86334332432261,3.5920874698269034,28.009453737638346,2.5349375325719037,21.92060321899602,50.6970463203541,Low
23.661968307933485,14.806489870664713,23.895551145020065,18.494118032348283,11.796424640713253,61.739444490730236,Moderate
55.82191749769031,1.65954895295785,48.64811610080216,3.0006708290543993,28.67230755670188,53.46783027168829,Low
22.810543711738184,10.63395756080491,19.9010208199843,16.70305881290752,14.001740208993525,43.084602894771486,Moderate
25.05541149773291,11.223985310776477,16.76952969299854,10.392185012800146,9.417224912169294,62.03340954518932,Moderate
9.872862600884075,19.18384126344454,7.745570793168277,22.7021198612865,7.240087952666103,25.77297044693254,High
27.635397350913863,11.095999016947022,21.838251043580197,17.42162862770756,12.236963974686624,60.60473482173502,Moderate
40.02731672450882,4.376613281482035,49.43209557942323,1.941287704459722,25.097450578171212,51.926134434251004,Low
20.728327289899887,10.788718364427636,18.063503081851945,11.089085333945928,9.71467077292494,63.45107299005412,Moderate
32.79308303417697,2.60286857566003,43.83680276648992,6.974316172371925,27.467829158184387,51.30400926036,Low
47.77223353978553,0.6845871933357806,48.31416771764903,1.2628347258456896,22.34708501976134,54.8597431768552,Low
15.71017314915101,23.90647082048045,12.291812315004846,29.9010069810779,3.1038385303366205,69.06166093848898,High
44.434203055644524,7.729214818761151,49.56848852275965,2.9470136988552795,21.46803251795408,48.70710657037784,Low
17.353456572724518,19.597957611538348,10.528598741815461,24.26658900969649,9.964556971554721,34.68478228384302,High
36.19001155217377,0.46851908527603126,46.15310526325579,1.2906512482906296,23.74929608099456,51.48746937236654,Low
9.441156763213423,17.548075965065784,6.230963926332867,22.63964851382847,6.121907442611663,65.7579496315695,High
45.94063894704444,5.720486433693008,48.48921472562914,4.426548482604331,15.180702882066942,53.206273934190364,Low
27.88709522813623,12.523692751075982,16.151624013887126,17.894891768236402,13.25125847333028,64.44332235748291,Moderate
7.220576450689151,24.67678164035114,7.051352510537229,27.9835011339838,3.8436461355545104,25.853207088629244,High
56.21031342559016,2.9729079030733363,48.32169225316583,9.433101118741497,28.449977926050064,52.54978733149163,Low
22.647294959989587,11.309252657042071,17.682713439554114,16.331075413988398,9.405408877224378,44.2618892143945,Moderate
16.158551479695475,15.816678836108766,12.524763922123316,22.77585242897841,9.412722701644483,74.45638354203756,High
38.61716974962245,6.760262880525475,25.300075681817063,1.829229259620847,12.636207469949184,50.32347727954629,Low
22.877465125513982,11.551389178878301,20.910475548566883,17.77658105260791,11.987769473617982,55.398056832220874,Moderate
21.305213994225298,12.275008092639862,24.822397558535073,17.454302669659754,11.894113095478211,41.33106822717732,Moderate
55.34349684350663,6.964298070361073,47.748253953992965,5.3193297755279145,24.078718146556618,49.258685608831435,Low
39.12726728878613,3.4734332625884266,47.15215272033791,1.3247065634192656,19.464263737687975,45.06957587303291,Low
23.205873059917337,12.300516495881311,24.957803944681345,16.251214837525968,11.285827965441737,62.64055589852438,Moderate
14.5361158202064,19.48638239516673,11.270961110207207,30.730249855865768,9.418028458212314,66.95181606295827,High
15.365759790811692,22.18904263347552,12.667384187060193,28.53768872071916,2.391270625995607,33.02456861801751,High
19.508990995446624,24.716275113296298,7.534347991262664,27.601713651297775,9.699240272425815,31.18831750039027,High
45.56514171378216,7.716269109786077,48.36988793731958,1.3088113855357597,24.18628589606967,50.7734172519637,Low
28.164480420765713,10.681950198214292,21.88992568370977,10.453034240611686,7.755895680728436,35.77672413272838,Moderate
19.48398036449614,15.179562857831149,8.067573691233893,29.260302224462222,2.867407818265332,23.76767317600764,High
19.333698171925555,21.514585094871656,5.380260065393376,30.569988312284842,4.942148973162471,73.87591189160732,High
52.141008492791116,8.07070903866703,43.73423591612392,9.559800588260723,27.06345957293445,53.529561136737485,Low
14.869860328871267,19.054697153882902,12.234852276285395,32.89344961032141,2.665362814042301,28.490951955940947,High
37.319689301372506,4.687679654645058,43.25554294393123,6.282065970930439,21.026347813256283,50.456084644271506,Low
22.427982645276725,12.613465682554066,18.310536785186812,16.436633672643737,7.645044043708593,62.07270725944455,Moderate
24.16597480693943,14.575705994904549,18.122724201356753,19.556441806277963,8.074069255965323,42.47776638272101,Moderate
34.09114426760309,0.5022601146397376,46.99381005735859,1.8381288948181496,23.122921836948844,45.91011806882517,Low
22.02280767539376,10.08038572772611,18.250138220225008,11.952731211792212,7.668907461495627,57.43454011971766,Moderate
34.39121976486747,2.3442560001151467,39.84211549771833,5.929847477554939,26.931015516397256,54.28008741774554,Low
48.47589564546914,7.045544280274453,40.061729261431665,3.830588064210035,10.600404514346726,52.13028202289097,Low
28.847569102624576,14.503396935100087,16.450755039798672,10.6836249987291,12.826243341211075,56.003310532120686,Moderate
16.1920459666663,22.364588464526307,11.548390098671014,31.978686927689893,7.5618715762514235,25.06797415465337,High
42.56311574676219,9.209945210965758,36.25875964451982,8.193982309664928,16.78406862543836,53.749333243506484,Low
5.309622248687996,19.764319555781835,9.084130441702857,24.11885534697037,5.010409275128451,26.160288743636134,High
23.061592924661312,10.315344776320655,24.774356646687977,14.100624484785705,14.665576934276498,57.857314285657814,Moderate
8.761848425004814,22.24295352933595,8.78069783670152,32.115798339815896,2.953987281505901,28.665824615287036,High
19.116141667151236,18.568035573838884,12.497807435160288,22.365139001608078,2.4470965343493214,27.86690901351472,High
15.05610232267204,18.829700030322975,10.668378313354667,28.94378267913021,3.1428345248123444,34.89446789858706,High
49.63533642843406,7.187396178535303,30.708281309215273,9.377046153793676,26.931086449308058,49.294187868522535,Low
17.952417992676803,19.22720322723154,8.139171256093922,27.65652295446348,5.977981916499218,73.10545708675815,High
15.950270984374548,19.720460906975376,12.012520641003068,25.421425825522647,3.588342205363725,75.48287899858168,High
39.218698947788596,7.592925069184736,27.03618032227898,5.476161006537471,11.889248516021738,53.38337820593385,Low
27.213665637012987,11.599252464228748,19.75218342372429,14.190680998430702,14.961980495856945,41.27439007682151,Moderate
6.294552070943869,19.977888665177616,10.305460393935164,26.01433339391395,4.624716250191013,79.24063618635374,High
30.94758434476926,4.334722327556344,44.587537564697726,1.2903640888942491,15.30246522891479,49.32851106795671,Low
10.899668941835998,19.657410864257507,7.922943992780031,32.633082025413856,3.3370456910190196,70.10820927975631,High
41.03349398157759,6.511475848816741,37.86153319349735,1.5478603484611198,29.255696159614644,50.535308853571834,Low
9.532348316357293,21.074851696900513,10.465621897831378,23.176196953807427,5.807470260876678,27.408735242245534,High
45.567531158485124,7.289810616558165,33.9245607367166,5.407656313005429,22.89812647729834,49.03570392449601,Low
22.929107655380726,14.156664918041564,22.42987502825956,19.180947932005388,9.910472124280867,42.93229678273322,Moderate
27.888701098180803,13.736511268742944,17.641885725505272,18.88898296251631,10.808428763236975,36.40885120570399,Moderate
23.463847170371896,10.861964613735049,22.662316622037167,19.23132319340573,6.925164166867567,43.662336228589226,Moderate
23.729315685666112,11.677727980289362,23.856237255573895,17.102822844905678,8.794968331136138,44.859719439503436,Moderate
10.369514608773986,23.45869437319722,14.59134308945273,34.90146718289444,7.284192884528424,25.906166251421297,High
14.669477802672473,23.13741482871899,6.386656413026931,21.8608043351198,2.85793978880415,27.11783248670219,High
23.58645598401525,14.563791159733693,22.816100492305523,11.850227769877591,12.932982758544876,56.89347723629859,Moderate
21.124404117029858,13.5294330911398,24.3929527361696,16.950478756992702,14.44810854466139,56.46375938668157,Moderate
30.762573802322855,7.979141596158941,31.4647897783696,1.9819638642166815,18.815098868826357,47.41206774628023,Low
17.657229750621347,18.02854201526256,9.190126165185163,24.840125018214938,2.5182567561975002,21.850330571746934,High
29.803853486444364,11.590155920432311,24.85420350001217,11.62145003568245,12.8495802325458,59.11863465386452,Moderate
20.967105019738426,12.40095038661014,22.623939058561962,12.743501638553697,9.703088157324178,63.993394090184026,Moderate
39.50766015468833,8.292867993167555,37.64829135798896,0.18081092205685434,22.454825527549552,49.028895789566306,Low
28.659659535008203,13.19005403463901,21.577574650262022,11.688686921497327,5.910673268557709,35.56614973134723,Moderate
13.683744497701918,18.65508271231983,10.5269245382874,31.522883500742275,6.144784586924707,26.128454070495977,High
35.314493683421574,6.495089297074474,29.97733549839814,7.079478267011891,10.891400814252616,53.31640040169331,Low
19.89682835087187,17.14611058856893,10.863376233146214,31.227887403343576,9.267359697446791,69.97112749099746,High
53.46084263011158,5.969106905466561,40.641247823536325,3.195894262599983,21.796687888795113,45.16537124560671,Low
7.436221633365497,17.99427148126952,12.016391114758562,20.842728588383416,8.686875481808848,67.02434658946392,High
7.25414136257254,18.776515496546526,7.112132974537687,20.999794878928345,7.693890467190197,76.78183952916419,High
24.952444343542574,14.043701462831638,24.55479806945415,14.118190023100805,10.844984796796624,36.772093798212396,Moderate
30.77435720848461,9.614923245741121,36.199291409554746,4.144298124670366,14.61883329197489,49.64266420285939,Low
26.533947321528387,13.680729858341254,16.66812506925743,11.816410140674655,9.240061029024012,37.61066799895329,Moderate
10.074461653860508,23.47327175309659,5.510562844564254,33.69188667543913,3.979606794588987,69.04937487351587,High
48.55834134645553,4.4254551481474556,41.909959222750146,2.7034859049558433,13.38207800841303,53.32040739218776,Low
29.703838227924876,10.367222350796116,15.397663702296164,12.054063305998088,12.929168967708282,37.552312169185655,Moderate
49.22916232035996,7.727714196650791,47.870873749921955,6.149030145669361,16.260507094031627,50.02529626701656,Low
29.53187643705807,13.133847308789036,21.068886817472077,16.94825705455915,6.361344039271172,61.38739256289238,Moderate
22.28122403320328,14.9507517019252,23.661153782252903,15.073241491809526,8.850306812328252,39.295491235206754,Moderate
11.529176639399596,20.434877823452922,6.513733114718945,29.47568154012759,3.0319076722052616,72.78271812674149,High
9.247027473602742,23.65587674247754,14.641317329054393,24.753565547367025,6.030044544721566,79.4432551903897,High
25.528693935257714,11.18592230773632,15.290582118850233,13.925076905514027,11.042950106114189,37.588887419705046,Moderate
5.507521613005406,24.58481364820397,7.9683366829680065,33.68158215174833,7.565950972493661,28.91301365851482,High
27.887717155654933,13.59743735178806,19.862709108480775,14.851029839390655,13.73627721400292,61.54584800191461,Moderate
5.170670844992484,15.223844291376103,7.370040782899308,25.17936988486443,8.588315124443536,21.522369023131542,High
29.937700423443626,10.032505734142077,23.078351365272624,15.375392044243323,9.589144732646183,38.01779223136276,Moderate
12.808920207718545,23.423202664080222,6.365382773377027,25.532729295841214,6.981250664158446,29.160611934946047,High
26.9543052146825,13.038607021309847,18.395907413958263,10.711982944855324,7.52252050907202,64.77723511872644,Moderate
17.58456397127484,19.43158607124516,5.2002439046963005,28.600442199647613,7.666687841327813,25.9564705453179,High
44.53568955573064,9.09943143854392,42.25807117251823,5.408270639715397,26.96835452861022,54.02776047764545,Low
34.20252045709572,8.925232899548462,35.3706413880338,1.5661281489264989,25.168073460684063,51.69080016862283,Low
5.990660650172267,22.634168715880243,10.030457345527957,33.78654051917148,7.48749836178042,21.02889458401034,High
22.05081357766375,13.972529239373708,18.264311485232383,18.33949255946314,9.147789031803082,37.56418369575421,Moderate
15.769813418316781,22.245980110431724,11.544739881502338,22.777104979609213,3.2059460768440493,25.656672215836917,High
15.45932026874263,24.67072243229981,10.2384029691774,30.85825737415016,9.222657743910462,76.25963554390101,High
40.597542255061924,8.187402294840508,31.79293997245449,9.86349922944162,12.616847226976395,48.73464216792722,Low
11.660678716697216,19.300856077161118,14.920265997776667,27.96463302359882,8.091192938547518,31.392302039546852,High
15.62566368739659,15.757168971082898,9.205838414318208,34.59929677602432,5.303506304386601,29.993724056049373,High
27.890901515964135,14.264026568514739,21.47603661360489,15.285012911185026,12.173445183964587,61.97139813945783,Moderate
53.56954854240696,0.393918336928194,45.273379816815265,0.38591561938133845,14.680563506137492,54.138147983362124,Low
29.151412362549866,13.666303629516499,15.6178434422877,18.13418916430681,14.208659530831547,39.85495891165873,Moderate
58.51234452229676,5.887315221313198,44.50531621339084,4.243720260536347,14.631659825779987,51.27619873982706,Low
48.38818747483576,4.077481050027323,25.416788764990827,4.6468946844516505,24.204866838545183,51.70663316002099,Low
33.921311302205986,2.466586158054065,41.9281065870641,0.8757456298623822,24.925097887004107,49.49351316729546,Low
23.130092191968934,10.546330556774487,18.843292217637014,19.66294329718146,13.699867076445866,58.94133242828312,Moderate
27.796482057479672,13.46695615440713,15.935978061266542,13.984702448588553,11.166700334472011,64.54907908935003,Moderate
48.286930019396905,4.592651971732139,27.585852871512085,5.1226056387626056,16.074477032636516,52.83925279141887,Low
11.553093739704567,17.528689767727943,14.05121852246986,20.829270763077027,6.003220260461363,74.93467015999047,High
51.83817920921295,0.9536092127300355,39.171460832352366,7.839525180978409,16.49597830760721,47.756858969027,Low
37.12629974771633,6.946409588937278,29.261562789541053,9.009077302669906,21.6273311440915,54.21727420531066,Low
28.911166744533762,13.997786885995929,19.267353366720947,13.226623664973406,8.559066820856362,63.029298413742765,Moderate
47.12334914006736,6.573534821701285,43.00959996466115,2.961767655589985,27.608438057472096,50.64818313960197,Low
31.25018701807153,0.32443446047186963,37.57188800163962,7.271311968819275,20.28061638951739,49.70248985659976,Low
23.39842715149807,11.209072095185764,17.593662020774836,14.40452315321262,14.65466255981577,35.035046635310586,Moderate
23.102378614407343,11.27628009684383,21.7320540996355,10.95860639848328,11.358847682462077,39.99822257748589,Moderate
12.051178946871264,16.472194834364515,14.157504769232789,31.280063594617168,2.390254540789755,68.65403813424719,High
49.75355503975277,6.664630475268357,47.48122295723006,2.1905917305988334,18.1432859693425,48.46760071920069,Low
25.12713481592995,11.3952119356513,21.307154211994302,10.459824160063722,13.424274420445554,61.89991196354306,Moderate
45.10251812564571,7.069764874557162,48.907297037834034,9.365702180708391,22.805018299045525,52.48318801122491,Low
26.25022547651964,11.23484423985106,15.086791583376609,13.830869131145167,9.712549696471054,41.13283346841899,Moderate
47.39951362284394,9.385297834731304,26.965667774743952,8.218014592542003,26.464527184929988,51.89841283435965,Low
56.913307798577314,8.645636095226699,32.113534641923344,8.421937308731145,15.791654093414543,52.626534899114844,Low
29.261740440697537,13.721524828375976,21.678819385013618,19.111328107904566,11.998875785514869,60.59964147145843,Moderate
20.484193058105816,10.880164005400005,19.63679750754908,14.35607977550173,13.221142396931961,40.88643669716062,Moderate
9.310397545724523,23.551631293232035,8.480205075556707,26.75461478708342,3.959941635912636,72.53785872040723,High
52.87376057222072,5.296597239456199,46.43826519379809,9.750871697076812,25.839220289334314,50.87561772149798,Low
15.655151494687878,21.276185873324245,6.110649388156915,29.715137286463236,8.696910740485258,23.824885946164237,High
19.6227902091006,22.55312293264906,7.4310163563176035,27.387189295667238,3.592249220271671,31.475598970375117,High
26.8641088162313,10.130333034662995,16.721369734915303,11.526618697634913,7.706480132180208,59.119596798957986,Moderate
34.84886142283841,4.225484283119446,28.138744747461928,9.200400525459036,28.738985078173908,48.054316926830325,Low
29.02912891966769,10.794335864479521,20.0754409832329,12.209177671758907,14.496854925695297,42.62855477896372,Moderate
18.697621767096187,22.25420706115485,13.01093259341189,21.065567412189104,4.856455178451915,76.91644927432546,High
9.820542066208073,17.564128274762954,10.919414324686478,24.905708135430455,8.215766455157649,33.07971383813923,High
42.78250151671114,5.015179603501664,38.43189184170095,8.101400907454613,25.658683454797345,49.7522746700174,Low
22.49483586530782,10.385161240768806,24.055425836495655,13.286651311054452,9.590631687554172,57.35028787118134,Moderate
36.48114547528799,2.7746467972495403,27.586876591164618,7.620327210390511,19.018073061862964,54.967337702943816,Low
9.244152621503154,19.42585615903168,14.721917285545032,26.93154533711051,2.4587932256578764,71.57490561318589,High
14.044306162555536,20.04078838337409,12.729899968158845,32.8761948265372,7.828303438555731,76.68295713471844,High
6.198693808738856,24.06427979151267,12.22984055726095,20.867865731801775,8.808399506650453,74.01394400905565,High
28.103325075758356,10.80838673207873,22.393576050720554,13.44416060255677,10.145535467661146,59.424709269935185,Moderate
36.15418921446022,1.018036829495369,40.69172192897022,0.19401245618215435,19.636745071525162,47.80590215974369,Low
12.913015733575193,16.854190280998267,10.627050972700363,22.38290849086745,9.37107405322741,25.258567244567196,High
16.835764145729836,15.712657903439545,6.329951079341254,22.936546856796205,3.0222273176838934,34.712153959594616,High
18.302972440873962,17.176705219068587,9.695950159958125,21.85889839485825,9.219259846106878,69.98159195068618,High
24.947768434736624,14.297797663267326,23.908151473615852,19.463211776645416,8.689291953143949,41.16479358541245,Moderate
34.63088145822607,7.739913781527625,28.459289868013915,8.088585390335654,19.423451187562836,52.273972938459515,Low
19.369782514128037,18.976120548634338,9.421013496369962,29.493473503916107,2.358937330231397,27.58009117843878,High
27.00928969649432,13.270587420890054,22.599670316957244,12.86200397064984,6.071524625391655,56.86413847166327,Moderate
24.999143878668598,14.770567793702691,17.093282899128056,14.982237402682266,6.306090475427622,62.16091917831513,Moderate
41.97947747427924,9.207396503426354,39.69496123429212,3.266219057480088,28.72705115649971,51.13712181854228,Low
23.481989822136605,14.739256442670662,24.281397811219236,10.902413176674171,8.901998596966063,35.743308723535804,Moderate
22.13178529223283,11.605695201982003,18.150207532146908,11.328884892048677,7.589731849908993,63.67828502164933,Moderate
33.98147262129181,8.773504531328387,29.607534923752475,0.7799386640940908,20.976835111869477,48.17939329706823,Low
11.82144374212099,21.86088279898982,14.685657000343351,29.559442644492627,3.262859411988707,30.644873669517963,High
5.024089208594672,23.205128998610387,9.543712497901877,31.050259832910676,9.025270218064861,24.126305690769133,High
55.395430160708344,9.384821582141546,46.59474057412508,2.9575283462032944,21.479230350032594,52.576576166029724,Low
7.0146844966878,15.332600147764564,11.629121827740894,24.723101046866358,6.935022894023326,30.22900674793364,High
21.52696810446561,10.648182510737133,18.83435303901649,13.445426667985926,14.263699116117328,64.6311465938488,Moderate
27.229999595937493,13.847717730076244,19.355324415472463,15.871111270580332,10.869451443143202,61.699426133637665,Moderate
9.635254426038406,15.093526351042554,12.33501682896137,28.21369243407034,5.632901490848647,78.63397244319954,High
5.509865763505719,16.28954556021297,11.474595576619855,29.89665014662519,8.043056970452534,68.17103992250708,High
21.452116867146707,14.908328249649529,20.08504127613359,16.53145988094472,10.296734809125338,62.51826388426253,Moderate
21.413149734027566,12.800525748360673,16.355501206264893,14.7142984863217,8.6724583824962,61.021543061264545,Moderate
31.711641634537628,5.29940586930233,37.13226585154288,9.084375478722649,17.949759848452555,54.38588858177297,Low
37.11680375207983,6.778132003100442,45.717724595450164,7.46452128857114,19.959526051747865,49.4439381891577,Low
9.514802807401551,24.864770119382992,13.5456742813475,20.764843104459352,4.12794966569529,31.42776464193348,High
18.33863380375704,24.00302702633374,12.94874626517885,24.329959419692422,5.814615952768452,34.37907216949303,High
29.52792827082913,13.55956127951986,18.324712269233807,12.480602695129644,11.681439245824627,57.58506252147812,Moderate
9.145452193822642,20.970689850296086,11.916632307447195,27.084580612400124,2.177316388318885,79.00900176282461,High
15.102021075802691,23.60618306892655,11.990415947031014,28.710603050105625,7.734552360085971,76.41537051002187,High
19.199806280644232,16.17653905259734,12.179084539257712,22.025667922162658,8.974034495919694,76.8612524909809,High
18.416931897939723,21.637647728743616,7.609996553175906,21.264066486168307,8.50960117244668,67.6246863308111,High
50.44508166671788,2.933086107805647,41.21867784737545,9.032736222389142,24.47161400879962,46.16180775011891,Low
46.78946050460742,8.549740195614744,29.47909795725377,1.4049900979551733,24.43023559686847,54.65791530106968,Low
10.040638438950317,16.299169857975734,10.951111463273797,24.411426855890802,7.330009674918203,67.35846375049242,High
26.42133795294116,14.596481076644526,17.03553456177471,10.857727560872885,5.213220734807127,36.52652980000607,Moderate
6.198299868163898,15.555884667887891,9.292329405614755,23.653214102868425,6.4088054113083395,78.85638667803377,High
51.42260796397284,3.725332737595508,36.92458481544134,8.329941385530004,15.048276259531203,54.5425844151531,Low
13.088037316093896,18.48516349114792,12.793465868120341,21.629980888681917,3.1535383926056015,66.36543633200428,High
7.28410798103825,20.117269475199883,13.982092161461711,25.65418484693323,3.4263260746756643,32.558445035430985,High
24.049136694708366,14.286199577996637,23.70782034301912,11.879933196296845,14.46015605268362,55.77665861778353,Moderate
22.0828135862508,12.678798997592516,21.003386583690844,15.800065753523652,12.676619564158123,59.91613344840331,Moderate
10.781844577856758,15.652542906116246,7.270395698035257,22.656078585297593,3.418282562674765,24.18794350247188,High
24.70330088304767,12.433085461509961,18.49384691669827,18.241625389120266,5.191600395060424,58.781718144529314,Moderate
46.17483830025763,4.397404865079086,32.3163774416852,2.594491710680763,28.981387872908428,51.89969012141725,Low
44.90890448717491,0.3491155265622381,39.468911908999985,5.003583603843902,10.785061061419999,52.951407225115226,Low
5.879912474007348,19.044942436286505,14.751406056798183,21.273925779538438,7.563935850461962,72.39364453672727,High
17.875969383921962,18.22217730820878,10.074720064847753,22.122565298131153,2.593081424533251,68.28011326873911,High
13.633456247360602,15.718528734990972,14.798020259135864,26.23014236990236,7.571664734695234,26.241418094138396,High
21.79783830977044,11.31580762572887,16.285406775016458,16.85722106264109,12.81658219395062,57.00220935788666,Moderate
14.599862442561783,23.775355770433514,9.565047258810148,33.01175287241822,7.217945447988221,71.03623751544326,High
16.585353848027452,20.24327633518931,7.890732359982731,20.15798388077047,6.379176723345806,68.73972299616635,High
5.9359310486458,16.940612681001646,6.18519320321446,26.377958852819212,2.2123706903995437,20.02510706125516,High
27.017360104605793,14.919150715056272,15.423526508878561,14.135284989835935,8.78205133691504,40.18407544734576,Moderate
25.88110053312958,11.902321115771466,19.631958779654482,12.776172817729814,11.963468144977853,43.168604805410226,Moderate
32.3825810696696,5.526622677767482,42.062793252905,0.1177987628664201,16.86231032834019,46.3073473945785,Low
26.51912606732952,13.940175229010485,23.311482671636853,11.319222084234685,7.747290802416147,43.114530304136906,Moderate
26.52526317132647,14.174975111024109,15.26813797817671,15.461259523689344,7.07908184179773,40.27909827943924,Moderate
25.11206743325633,11.221579459843412,24.886931339871307,12.80886936609663,10.963337084626197,42.8172226598796,Moderate
24.553583879951244,11.010352504830797,18.094270311992908,10.643241945290494,13.403296126633181,56.5073240729647,Moderate
39.09825442702787,9.354845135274957,44.889459406439656,0.05348988694222845,24.28174045370035,49.93444279282738,Low
14.490270900842404,24.060848220887017,14.206990242857406,30.12799504756901,3.308229771131228,72.75621950836643,High
48.8251638965511,9.51423220845566,33.675058385305,9.108242203303961,14.023459342278015,52.17645586342743,Low
17.5972487570602,22.989371852429592,13.598104118798156,26.698473195782306,8.785391616436378,70.0175954449776,High
26.20109532016157,13.748731793141971,19.153480693188698,15.104185098361658,14.709207069947926,44.35250314394333,Moderate
35.20573544959526,8.014457762229537,42.805505129428965,0.7356335421576565,20.147881876899213,50.341016900858655,Low
44.63562131779087,3.4210762086359403,35.75356830242066,8.817173063953962,29.833461056633563,53.391216031061646,Low
14.25123288849956,16.86320010192953,7.163563916735941,21.097370320913665,6.0896563251389635,20.03771511626414,High
12.143786133916588,24.14958276881251,8.117110784513207,25.85248916713111,9.758983763464022,77.91771848445549,High
30.436339970036457,0.7290183536790351,26.23052286351904,5.769361233448397,27.637096016413658,47.31036137947059,Low
22.74280376225132,10.821996525876303,15.259013074789728,10.794029551026796,7.832534717719461,63.9279335642066,Moderate
43.222882408146845,5.816222929891936,33.36972604726698,0.7771241839172549,22.31248793366253,50.06501201036925,Low
39.73757489700811,5.8319080427709755,42.32300573061971,4.036466944934778,27.985006139631295,46.65535292693866,Low
14.243823812573185,17.104839472536597,5.785967610576624,28.481925699750473,5.549753996293433,68.64525144456104,High
33.044146285980965,2.8003732955048943,39.639093219832546,2.5855726364024587,12.540671519464635,52.88551842008256,Low
17.64442512257147,19.07029696545374,14.372237775815247,31.51868655395886,7.924408169271621,79.83891049576839,High
41.19927948839259,8.940943025332507,34.55308736149933,5.03072600271609,28.341970103435884,45.65842164508655,Low
11.671004756325082,18.815757843715897,6.11582114210072,32.99292457143226,5.676419576869971,23.269106061325708,High
39.28582848858983,5.735289514555733,32.20461314898824,4.744531798445233,15.612711597530316,52.391246671365465,Low
39.57301419729767,6.71479148667207,43.152121287096264,3.834811225750425,29.939810056251023,53.31127216717746,Low
21.546075367370417,13.242818509678326,22.77359828436892,19.51781343698367,11.700011131764779,36.010764923717424,Moderate
28.68972165064002,11.93911005287639,24.478520730718337,12.506411181750833,12.77706610152795,59.97245480189563,Moderate
5.478648135462111,21.681697598063643,13.105301489568104,25.00956386812014,8.285780097052697,74.1524459902975,High
18.653019253430514,22.18370481441336,12.044235400477573,26.762000483326407,4.699147754814907,68.27602774578679,High
47.59825389526422,3.1387549672247053,49.390047978916314,3.6716962569502263,18.04312763687935,47.7607513606941,Low
25.818603506846625,12.148284610930009,20.891606817472145,17.053090605220667,7.510378504764111,64.27265632631409,Moderate
29.739502076577608,11.18828905763569,18.335163243884594,11.316406158782598,5.6650839546658185,59.836804457578666,Moderate
42.72392013907158,5.214596387214719,45.5312538639926,4.332509323090279,23.733008467080744,54.86316842272013,Low
18.61023216026286,19.415428654497237,13.41568257045184,30.896220294590982,3.8300602320312542,32.57616108282518,High
20.910538503094646,14.731584728068286,23.58184410283541,14.52684272172069,10.497082203690947,41.160985621493545,Moderate
21.15259229026037,12.69802367506663,18.293714896444428,13.885287727370201,11.731211380977536,35.183486616736324,Moderate
6.235229320158495,23.98086992600985,8.515737813840696,29.33804646699838,7.58119299686025,21.46531510184752,High
25.448158874519706,12.024160979249174,18.861958209102294,19.40964614346367,9.913500405593755,58.14314878724692,Moderate
18.571924293454728,21.08567990490158,6.4232295236563335,23.68500140089374,5.773983846386158,74.01712500294268,High
49.26094938462863,9.768003285106593,46.24898326258013,7.032800540422505,13.825783133930287,50.212677538240655,Low
24.7095685239103,11.001119702036533,24.509875363742523,11.671367891843364,8.39328750168579,43.06714768044728,Moderate
20.033729435505556,14.803709108643345,16.169067386151557,18.327162914375606,10.72710528805107,61.817968112843865,Moderate
24.48554856045705,13.830862946485905,18.95058434512275,10.901389851226092,14.284761316015,58.98659287518412,Moderate
12.210035543688456,24.533493000815568,10.757010270461354,20.401693618836568,3.142949814748457,71.22195266582267,High
8.136037736392563,15.201446647547241,12.057136853259788,34.83837818971976,3.1321890731322943,32.63045048228081,High
11.931198885623633,19.818437248922578,8.108030552719608,30.241352334524166,2.308538448984944,22.90048798005643,High
42.37853030734279,1.6686020169875282,38.53175277354195,4.13665523583207,11.792635466092358,50.41686824033728,Low
14.534941567690213,21.696001605521047,8.893252262224234,33.64305969487559,2.676117350862648,78.46526673621997,High
18.28843091051847,20.36071323871002,6.887876841907326,30.662706635381266,7.786546815686177,72.48473350326385,High
50.04638395665049,2.1123183147293103,33.344414926744946,0.7833821776200667,19.2854473864868,50.47028146424448,Low
22.877542405623245,12.42880560274575,16.177030622751467,17.86176104924248,11.169296050695467,37.30421971814337,Moderate
29.120598978210076,10.351652960437194,19.660657843187355,11.147981912666085,12.024777844603522,36.01151057918429,Moderate
9.131626841624538,23.167626854113884,6.684188460959492,28.454620265875537,7.1034776457753805,31.253740694897274,High
19.551495866097568,16.104506713753675,9.958966523296857,34.925481269613186,7.226188167671372,71.10142560258095,High
22.377293622782535,11.525093244297341,18.623665818714407,10.39583729525898,13.389148338852985,55.35989828868668,Moderate
38.42803529062142,0.5195657755426841,46.63905957930508,2.3833721062799693,29.313063495328247,46.48133922016383,Low
24.609797866933572,12.107646824235136,22.795780207492868,15.607392871625457,5.928947754209054,40.64441841653813,Moderate
27.8940795233939,10.674170757261058,20.030502591468412,18.501504977106407,7.6755736172680855,43.370077958031175,Moderate
14.397018036228411,20.924364521245646,12.120615776578783,20.5762517554156,2.725382686890428,71.30161026903835,High
38.32143548943398,7.617981913776973,39.18477360390183,4.108163955674278,19.373032739927705,47.35471417010877,Low
38.455643243202,7.983803405183525,37.64241859453435,8.898363940883108,18.46877609799585,52.768603268982815,Low
15.90960344506615,21.794572017872916,6.1605022974758334,31.199107733191592,4.195558144527678,79.09243679783722,High
24.863202272490263,12.863839514387799,24.132179852766434,16.5417935903406,10.723734973452974,60.663907206310974,Moderate
16.938085398136412,16.988487656079812,13.669008735859729,27.037617764401993,3.2001563707951766,77.29280684823904,High
41.529799414790446,9.467337289233956,40.35465610797529,5.739751750317419,25.68374358464159,49.08221822588232,Low
30.812879775104506,5.911303032585165,34.06254961328783,7.6876418072116035,17.471325720781614,46.00231878176286,Low
51.109735781400715,3.690530217609166,47.56008190276687,1.8993474366102003,19.727442016502952,49.170487283209006,Low
35.417260353820005,7.326990505902804,26.03743313774766,2.4134970383749987,12.075494172694814,51.704155146589564,Low
33.147905352545244,8.213883629006943,30.6870400923385,8.750086997439702,16.7233067715916,48.00030480595497,Low
28.860190180435904,12.831061222486966,21.639868618670157,10.528383749555474,13.420449383160856,58.873334208566924,Moderate
11.432350321280094,23.785599212644716,14.343194945886172,34.00825054707892,9.43926064585565,77.95927580081398,High
20.754330696034955,11.546834335681556,23.77950680584008,13.373004978400221,9.60411740025555,43.82396534766364,Moderate
6.953351982793851,23.66543280318654,12.83967926088211,31.883484084055866,4.457491852939058,72.33487973466748,High
32.747462199799024,8.652957589089125,47.43493295803965,5.79737114939772,20.298589907849657,48.59445026182239,Low
54.079299293871316,8.05648805363342,25.424228232886662,2.110066917075261,22.06651131289197,45.037450947112845,Low
18.667132303366806,22.992670440257235,12.926330427168871,33.137343126935434,7.030354425795467,70.09378038955244,High
48.96917491780738,6.2092856747843115,27.126409637231028,3.0117558699735882,12.533117456943879,51.161108004157214,Low
10.492799768051057,17.914287878646114,5.744145265359402,32.349405983200576,2.242985342284988,25.076283715372014,High
9.445971268365968,21.950552896020934,8.104102649883462,29.57994428101103,4.04564156680614,73.4077248453266,High
45.57245355408654,2.8651954892712297,37.968696177867734,5.428781323608051,20.333285196877487,48.0835507063231,Low
27.40143206760953,14.755214862378946,24.262320693508148,18.80036368258262,12.564091924009952,40.82721475983779,Moderate
10.022504533704126,24.731825185060394,11.935971886978223,29.881647691969803,3.4823484704371204,26.377685106243966,High
24.123175780831247,11.268100845669947,22.940037392048925,16.899459106135573,8.190651552196549,44.77241565000449,Moderate
29.8053387128864,14.831559291097427,21.45980678195768,13.156381272006538,6.352419983036523,55.45852018374701,Moderate
38.92047022117652,4.3276687959926265,35.88490808499378,8.167933695743475,27.430913614162527,45.42005767418812,Low
20.163769064784784,10.765424094207042,21.65512582709164,18.488988974115667,9.319204050367503,37.503730507069776,Moderate
25.963766176932566,12.042743662378324,24.022952887404223,16.48982198237844,6.734553001021375,35.15415166076539,Moderate
34.093192576701995,3.282331056783394,26.377538378970776,6.751298858444197,26.08405814595562,51.637667361217,Low
57.99339994030673,8.68409523946934,40.56367476155704,5.298090570700541,16.989482390652512,53.46348779866423,Low
29.174606572597455,11.752973361380672,17.478627965553038,18.079617307637605,9.361799694180242,44.407170796391085,Moderate
58.96896099223678,6.085272726964666,28.905037698264984,6.392018293899598,25.887684501857127,51.59244537050872,Low
10.212610612249524,22.61613144666503,5.498128380759663,26.504403911877205,7.428230815007884,72.46588568322639,High
34.49752282046322,4.328160022094693,45.68809234884543,2.8725769487706767,12.527402838940102,45.05803768842941,Low
20.807233045829143,10.576462860278893,23.382995532028406,11.721729688289686,12.341473970980932,64.27842266606194,Moderate
53.93440946575903,4.884956326599053,44.156136819009475,8.715518564582478,15.598746593838133,48.14476635866511,Low
14.93260279415956,15.280432001660737,14.443337338771727,27.19495032553357,2.06281756839506,70.02519139602576,High
48.94680660277562,2.640619846937188,42.3742533280369,8.49600174982458,13.879879124467944,48.71802991274536,Low
24.572942793956834,10.120335191788026,17.021426062433854,16.550913108473857,11.877932614145585,56.2038296477462,Moderate
29.53074322222063,13.400886756700528,21.53055907995067,10.138154764719626,10.592028846502348,37.88914315803812,Moderate
26.934615790631675,12.397682225215132,21.468360365975343,18.968273290869462,8.94190086764133,44.24430091784262,Moderate
58.617857310077625,0.34670266726483323,34.898430654898746,0.948491932531561,23.546836921630327,47.14007113173874,Low
29.091770149305614,10.696545916327233,21.17224586091396,14.976200653246469,5.279358044573835,55.09558186148069,Moderate
28.963898880860263,13.900369678116453,19.35459884789148,15.040614826839928,12.449242672829998,64.20389831500037,Moderate
35.06805189216494,6.2955769689173655,29.965790346546726,5.334802087447828,18.36726076857586,46.93700292785702,Low
23.473450429400174,12.77832036574393,17.909037201689266,16.640787378420733,7.253359830781463,55.09205667390643,Moderate
10.666177877883875,20.281788159786878,14.374359187968139,20.831604521669867,8.239934716826905,70.73385721107681,High
21.355448836115148,10.200553235478615,23.37174570344444,13.913900264699995,9.096281662398841,55.25961018353921,Moderate
47.80777360662146,9.567998154842861,41.943081030033014,8.985969105689701,18.802415419698725,53.91453873144749,Low
22.39507744040305,11.815882504080479,16.65571125819541,17.901579705694477,14.784193991066461,41.1121433119883,Moderate
26.207082263350593,10.247390955270696,18.97068227205804,12.498232130861169,12.570581928374356,59.36289359293694,Moderate
24.150454939539003,11.9368241848479,21.74396711535306,10.76489773254132,9.619740388902802,62.82441635200193,Moderate
54.0907769349799,9.67761465269562,35.875364858505584,6.404832931422122,29.77751424275087,50.555089783954834,Low
44.39816504151371,5.606782949389499,36.73517104973145,3.862363952990896,15.602682375507595,47.044667201975756,Low
53.513753534561914,8.446659090902243,38.32638225236778,8.849267468449666,10.83191912512939,46.2161815681965,Low
5.147852448953022,21.546616285613826,11.892607467174432,22.293489420751115,5.853195817849249,77.92404520659844,High
23.64570157224252,11.53621125374787,16.130971280962576,17.362059768552257,6.357677055617426,41.53271565832743,Moderate
26.85815166172045,10.20967937537551,20.208648238462118,18.66337896958552,5.479737860772075,55.646655438505704,Moderate
37.255568727013554,6.649849034759953,42.51528740986129,1.4562864670542341,17.29636192615714,46.36233651545726,Low
49.84111833211243,4.312338697915578,33.55563811947261,7.194599676699719,24.77610100157373,52.259687793283476,Low
37.867921328994754,0.2519341395922936,36.168161717566015,4.36046974118579,21.086451961673106,49.4812869946516,Low
25.355178183869086,10.687466772650161,23.928712523281018,12.761240784481377,8.279983483710396,43.47790270362874,Moderate
20.112208899774625,12.096683286993684,19.93075655893145,12.326691700272649,6.014564721440346,57.129172856043056,Moderate
29.184135090970052,10.155811766002516,16.813129523551748,15.471830820679408,11.49604809434748,63.36369293010087,Moderate
42.52742327354785,2.026326341353432,45.93681299046936,4.327670817081937,16.615859828553113,48.81621044176604,Low
45.831033272588996,5.333866287653626,41.73047574812166,7.139579478647715,27.465087133833453,52.13914584083634,Low
22.226940117294188,12.673063371482156,19.814464104827508,12.386242437463968,8.167051903470789,41.64375410851562,Moderate
17.167261567967802,17.17824428672163,13.69539554323852,28.647959778331753,8.981309202294916,22.74341955421441,High
15.71188899177094,22.169861132232274,9.340724123867524,24.478591200620514,5.246403848727208,21.560536517452206,High
21.627528862141638,13.86834885682525,20.055201186300415,14.33719627220154,13.2140581141719,37.653424748069334,Moderate
10.181750117694929,19.89650608767965,11.317081933927543,20.36151120619845,8.310305125521722,66.16143725750457,High
33.07529183972038,5.150056597097231,43.785582938282566,2.2810037790238513,24.04194376758982,51.71303513093516,Low
11.357562273308732,22.929276127519948,9.761557988878192,29.609335080867023,8.553290153334906,76.67374829277553,High
17.92901336392524,21.44507504409736,6.925059331463375,25.50678936519538,2.165798219543513,32.95309077225011,High
28.91875166934221,12.153751709828814,17.323087763821817,16.183130813761835,7.367060898756965,59.72460328853948,Moderate
18.852449568436647,24.486331032375816,12.134838782612906,24.59540154561539,6.911245287295441,21.152911690675843,High
29.350868896470672,14.855329160536492,20.247980137199303,13.869458499253023,7.072465622420582,39.11227362631661,Moderate
54.637719140160385,6.796203327351078,33.63948964677033,3.2825508927733704,13.403052822890338,50.97349300977853,Low
55.86043446817868,5.657815548409964,43.97442079635077,7.680893784186665,19.01164985632235,49.63865221428848,Low
42.52233009446337,1.6223340578247936,31.798863984954966,3.759712219291391,25.567438090909825,54.93501560395708,Low
27.966836460730264,11.694628584848548,19.161398150084874,10.70494092852568,12.499286191925414,57.26464691677395,Moderate
21.640832852161555,12.967838783745211,20.30163843901429,13.749098380089979,11.622939142659723,44.91597775529985,Moderate
27.689678431033737,13.810604876872043,24.07265080594477,11.568536523685722,8.357933376569747,57.042675532335195,Moderate
10.015942664317922,20.826540207138507,9.57111838031711,23.445598798118805,3.6206662755909127,73.29115257254945,High
8.152373510107655,16.605028094056024,8.762377194606296,33.901381770511776,5.152215227857989,77.6797512228205,High
7.958394305379538,16.061205923594052,14.632252863283776,32.30451022055878,6.158373435427865,75.73823982759288,High
38.57136258845582,3.951377432643186,28.32524497268322,5.381210100398132,18.735543386466393,49.23956179463262,Low
13.7170051053529,18.15551151545131,6.728238534969582,22.222056432130806,8.738953954152201,69.25636652138742,High
25.806458003599502,11.0165298550147,22.901235947217103,16.985779287251653,11.397539838222649,61.33788419545002,Moderate
24.006109237973433,13.645833514052923,19.121745004435923,13.046255695163307,10.75076614492497,60.76229411777934,Moderate
11.129834680428623,16.005767442421572,12.885186681510316,21.539797674829934,6.46720551141174,67.17723489302696,High
6.161259979788701,15.49336922958885,14.93110531822783,28.221981360017132,8.695571917287365,79.55134147613185,High
14.167863720060177,21.164180959178356,11.2472847431413,24.012289238525554,5.536856540231196,70.73776861962364,High
53.26582850085032,8.667703545060002,40.635836254164836,0.719067173164456,20.114845967108888,54.49537437113652,Low
